surah_number,surah_name,ayah_number,name_1_serial,name_1_arabic,name_1_translit,name_1_tier,name_2_serial,name_2_arabic,name_2_translit,name_2_tier,word_distance,position_name1,position_name2,meccan_medinan,needs_hitl_review,tier3_involved,refrain_type
1,الفاتحة,1,1,اللَّه,Allāh,Tier 1,2,الرَّحْمَٰن,Al-Raḥmān,Tier 1,1,verse-opening,verse-final,Meccan,False,False,
1,الفاتحة,1,1,اللَّه,Allāh,Tier 1,3,الرَّحِيمِ,Al-Raḥīm,Tier 1,2,verse-opening,verse-final,Meccan,False,False,
1,الفاتحة,1,2,الرَّحْمَٰن,Al-Raḥmān,Tier 1,3,الرَّحِيمِ,Al-Raḥīm,Tier 1,1,verse-final,verse-final,Meccan,False,False,
1,الفاتحة,3,2,الرَّحْمَٰن,Al-Raḥmān,Tier 1,3,الرَّحِيمِ,Al-Raḥīm,Tier 1,1,verse-opening,verse-opening,Meccan,False,False,
2,البقرة,7,1,اللَّه,Allāh,Tier 1,37,الْعَلِي,Al-'Alī,Tier 1,1,verse-opening,mid-verse,Medinan,False,False,refrain_surah2_n77
2,البقرة,8,1,اللَّه,Allāh,Tier 1,7,الْمُؤْمِن,Al-Mu'min,Tier 1,5,mid-verse,verse-final,Medinan,False,False,refrain_surah2_n6
2,البقرة,20,37,الْعَلِي,Al-'Alī,Tier 1,1,اللَّه,Allāh,Tier 1,5,mid-verse,mid-verse,Medinan,False,False,refrain_surah2_n77
2,البقرة,20,1,اللَّه,Allāh,Tier 1,37,الْعَلِي,Al-'Alī,Tier 1,7,mid-verse,mid-verse,Medinan,False,False,refrain_surah2_n77
2,البقرة,20,1,اللَّه,Allāh,Tier 1,37,الْعَلِي,Al-'Alī,Tier 1,1,mid-verse,mid-verse,Medinan,False,False,refrain_surah2_n77
2,البقرة,23,37,الْعَلِي,Al-'Alī,Tier 1,1,اللَّه,Allāh,Tier 1,10,mid-verse,mid-verse,Medinan,False,False,refrain_surah2_n77
2,البقرة,26,52,الْحَق,Al-Ḥaqq,Tier 1,1,اللَّه,Allāh,Tier 1,10,mid-verse,mid-verse,Medinan,False,False,refrain_surah2_n14
2,البقرة,28,1,اللَّه,Allāh,Tier 1,63,الْحَي,Al-Ḥayy,Tier 1,3,mid-verse,mid-verse,Medinan,False,False,refrain_surah2_n5
2,البقرة,32,20,الْعَلِيم,Al-'Alīm,Tier 1,47,الْحَكِيم,Al-Ḥakīm,Tier 1,1,verse-final,verse-final,Medinan,False,False,
2,البقرة,37,81,التَّوَّاب,Al-Tawwāb,Tier 1,3,الرَّحِيمِ,Al-Raḥīm,Tier 1,1,verse-final,verse-final,Medinan,False,False,refrain_surah2_n4
2,البقرة,45,38,الْكَبِير,Al-Kabīr,Tier 1,37,الْعَلِي,Al-'Alī,Tier 1,2,mid-verse,verse-final,Medinan,False,False,refrain_surah2_n3
2,البقرة,54,13,الْبَارِئ,Al-Bāri',Tier 1,37,الْعَلِي,Al-'Alī,Tier 1,9,mid-verse,mid-verse,Medinan,False,False,
2,البقرة,54,13,الْبَارِئ,Al-Bāri',Tier 1,37,الْعَلِي,Al-'Alī,Tier 1,2,mid-verse,mid-verse,Medinan,False,False,
2,البقرة,54,13,الْبَارِئ,Al-Bāri',Tier 1,81,التَّوَّاب,Al-Tawwāb,Tier 1,6,mid-verse,verse-final,Medinan,False,False,
2,البقرة,54,13,الْبَارِئ,Al-Bāri',Tier 1,3,الرَّحِيمِ,Al-Raḥīm,Tier 1,7,mid-verse,verse-final,Medinan,False,False,
2,البقرة,54,37,الْعَلِي,Al-'Alī,Tier 1,81,التَّوَّاب,Al-Tawwāb,Tier 1,4,mid-verse,verse-final,Medinan,False,False,
2,البقرة,54,37,الْعَلِي,Al-'Alī,Tier 1,3,الرَّحِيمِ,Al-Raḥīm,Tier 1,5,mid-verse,verse-final,Medinan,False,False,
2,البقرة,54,81,التَّوَّاب,Al-Tawwāb,Tier 1,3,الرَّحِيمِ,Al-Raḥīm,Tier 1,1,verse-final,verse-final,Medinan,False,False,refrain_surah2_n4
2,البقرة,61,37,الْعَلِي,Al-'Alī,Tier 1,1,اللَّه,Allāh,Tier 1,6,mid-verse,mid-verse,Medinan,False,False,refrain_surah2_n77
2,البقرة,61,1,اللَّه,Allāh,Tier 1,52,الْحَق,Al-Ḥaqq,Tier 1,4,mid-verse,mid-verse,Medinan,False,False,refrain_surah2_n14
2,البقرة,64,1,اللَّه,Allāh,Tier 1,37,الْعَلِي,Al-'Alī,Tier 1,1,mid-verse,mid-verse,Medinan,False,False,refrain_surah2_n77
2,البقرة,70,37,الْعَلِي,Al-'Alī,Tier 1,1,اللَّه,Allāh,Tier 1,4,mid-verse,verse-final,Medinan,False,False,refrain_surah2_n77
2,البقرة,76,1,اللَّه,Allāh,Tier 1,37,الْعَلِي,Al-'Alī,Tier 1,1,mid-verse,mid-verse,Medinan,False,False,refrain_surah2_n77
2,البقرة,77,74,الْأَوَّل,Al-Awwal,Tier 1,1,اللَّه,Allāh,Tier 1,3,verse-opening,mid-verse,Medinan,False,False,
2,البقرة,80,1,اللَّه,Allāh,Tier 1,37,الْعَلِي,Al-'Alī,Tier 1,9,mid-verse,mid-verse,Medinan,False,False,refrain_surah2_n77
2,البقرة,80,1,اللَّه,Allāh,Tier 1,37,الْعَلِي,Al-'Alī,Tier 1,5,mid-verse,mid-verse,Medinan,False,False,refrain_surah2_n77
2,البقرة,80,37,الْعَلِي,Al-'Alī,Tier 1,1,اللَّه,Allāh,Tier 1,1,mid-verse,mid-verse,Medinan,False,False,refrain_surah2_n77
2,البقرة,89,1,اللَّه,Allāh,Tier 1,37,الْعَلِي,Al-'Alī,Tier 1,8,mid-verse,mid-verse,Medinan,False,False,refrain_surah2_n77
2,البقرة,89,1,اللَّه,Allāh,Tier 1,37,الْعَلِي,Al-'Alī,Tier 1,1,mid-verse,verse-final,Medinan,False,False,refrain_surah2_n77
2,البقرة,90,1,اللَّه,Allāh,Tier 1,37,الْعَلِي,Al-'Alī,Tier 1,7,mid-verse,mid-verse,Medinan,False,False,refrain_surah2_n77
2,البقرة,90,1,اللَّه,Allāh,Tier 1,37,الْعَلِي,Al-'Alī,Tier 1,3,mid-verse,mid-verse,Medinan,False,False,refrain_surah2_n77
2,البقرة,91,1,اللَّه,Allāh,Tier 1,37,الْعَلِي,Al-'Alī,Tier 1,5,mid-verse,mid-verse,Medinan,False,False,refrain_surah2_n77
2,البقرة,91,1,اللَّه,Allāh,Tier 1,52,الْحَق,Al-Ḥaqq,Tier 1,10,mid-verse,mid-verse,Medinan,False,False,refrain_surah2_n14
2,البقرة,91,37,الْعَلِي,Al-'Alī,Tier 1,52,الْحَق,Al-Ḥaqq,Tier 1,5,mid-verse,mid-verse,Medinan,False,False,refrain_surah2_n6
2,البقرة,91,52,الْحَق,Al-Ḥaqq,Tier 1,1,اللَّه,Allāh,Tier 1,9,mid-verse,mid-verse,Medinan,False,False,refrain_surah2_n14
2,البقرة,91,1,اللَّه,Allāh,Tier 1,7,الْمُؤْمِن,Al-Mu'min,Tier 1,5,mid-verse,verse-final,Medinan,False,False,refrain_surah2_n6
2,البقرة,95,1,اللَّه,Allāh,Tier 1,20,الْعَلِيم,Al-'Alīm,Tier 1,1,mid-verse,verse-final,Medinan,False,False,refrain_surah2_n26
2,البقرة,96,37,الْعَلِي,Al-'Alī,Tier 1,68,الْأَحَد,Al-Aḥad,Tier 1,7,mid-verse,mid-verse,Medinan,False,False,refrain_surah2_n3
2,البقرة,96,1,اللَّه,Allāh,Tier 1,28,الْبَصِير,Al-Baṣīr,Tier 1,1,mid-verse,mid-verse,Medinan,False,False,refrain_surah2_n7
2,البقرة,97,37,الْعَلِي,Al-'Alī,Tier 1,1,اللَّه,Allāh,Tier 1,3,mid-verse,mid-verse,Medinan,False,False,refrain_surah2_n77
2,البقرة,97,37,الْعَلِي,Al-'Alī,Tier 1,7,الْمُؤْمِن,Al-Mu'min,Tier 1,10,mid-verse,verse-final,Medinan,False,False,
2,البقرة,97,1,اللَّه,Allāh,Tier 1,7,الْمُؤْمِن,Al-Mu'min,Tier 1,7,mid-verse,verse-final,Medinan,False,False,refrain_surah2_n6
2,البقرة,102,37,الْعَلِي,Al-'Alī,Tier 1,4,الْمَلِك,Al-Malik,Tier 1,1,mid-verse,mid-verse,Medinan,False,False,refrain_surah2_n3
2,البقرة,102,37,الْعَلِي,Al-'Alī,Tier 1,68,الْأَحَد,Al-Aḥad,Tier 1,9,mid-verse,mid-verse,Medinan,False,False,refrain_surah2_n3
2,البقرة,102,4,الْمَلِك,Al-Malik,Tier 1,68,الْأَحَد,Al-Aḥad,Tier 1,8,mid-verse,mid-verse,Medinan,False,False,
2,البقرة,102,68,الْأَحَد,Al-Aḥad,Tier 1,1,اللَّه,Allāh,Tier 1,3,mid-verse,mid-verse,Medinan,False,False,
2,البقرة,105,37,الْعَلِي,Al-'Alī,Tier 1,1,اللَّه,Allāh,Tier 1,6,mid-verse,mid-verse,Medinan,False,False,refrain_surah2_n77
2,البقرة,105,1,اللَّه,Allāh,Tier 1,34,الْعَظِيم,Al-'Aẓīm,Tier 1,9,mid-verse,verse-final,Medinan,False,False,
2,البقرة,105,1,اللَّه,Allāh,Tier 1,34,الْعَظِيم,Al-'Aẓīm,Tier 1,3,mid-verse,verse-final,Medinan,False,False,
2,البقرة,106,1,اللَّه,Allāh,Tier 1,37,الْعَلِي,Al-'Alī,Tier 1,1,mid-verse,mid-verse,Medinan,False,False,refrain_surah2_n77
2,البقرة,107,1,اللَّه,Allāh,Tier 1,56,الْوَلِي,Al-Walī,Tier 1,2,mid-verse,mid-verse,Medinan,False,False,refrain_surah2_n4
2,البقرة,109,52,الْحَق,Al-Ḥaqq,Tier 1,1,اللَّه,Allāh,Tier 1,6,mid-verse,mid-verse,Medinan,False,False,refrain_surah2_n14
2,البقرة,109,52,الْحَق,Al-Ḥaqq,Tier 1,1,اللَّه,Allāh,Tier 1,10,mid-verse,mid-verse,Medinan,False,False,refrain_surah2_n14
2,البقرة,109,1,اللَّه,Allāh,Tier 1,37,الْعَلِي,Al-'Alī,Tier 1,5,mid-verse,mid-verse,Medinan,False,False,refrain_surah2_n77
2,البقرة,109,1,اللَّه,Allāh,Tier 1,37,الْعَلِي,Al-'Alī,Tier 1,1,mid-verse,mid-verse,Medinan,False,False,refrain_surah2_n77
2,البقرة,110,1,اللَّه,Allāh,Tier 1,28,الْبَصِير,Al-Baṣīr,Tier 1,6,mid-verse,verse-final,Medinan,False,False,refrain_surah2_n7
2,البقرة,110,1,اللَّه,Allāh,Tier 1,28,الْبَصِير,Al-Baṣīr,Tier 1,3,mid-verse,verse-final,Medinan,False,False,refrain_surah2_n7
2,البقرة,112,1,اللَّه,Allāh,Tier 1,37,الْعَلِي,Al-'Alī,Tier 1,9,mid-verse,mid-verse,Medinan,False,False,refrain_surah2_n77
2,البقرة,115,1,اللَّه,Allāh,Tier 1,20,الْعَلِيم,Al-'Alīm,Tier 1,5,mid-verse,verse-final,Medinan,False,False,refrain_surah2_n26
2,البقرة,115,1,اللَّه,Allāh,Tier 1,20,الْعَلِيم,Al-'Alīm,Tier 1,2,mid-verse,verse-final,Medinan,False,False,refrain_surah2_n26
2,البقرة,120,1,اللَّه,Allāh,Tier 1,56,الْوَلِي,Al-Walī,Tier 1,2,mid-verse,mid-verse,Medinan,False,False,refrain_surah2_n4
2,البقرة,127,27,السَّمِيع,Al-Samī',Tier 1,20,الْعَلِيم,Al-'Alīm,Tier 1,1,verse-final,verse-final,Medinan,False,False,refrain_surah2_n7
2,البقرة,128,81,التَّوَّاب,Al-Tawwāb,Tier 1,3,الرَّحِيمِ,Al-Raḥīm,Tier 1,1,verse-final,verse-final,Medinan,False,False,refrain_surah2_n4
2,البقرة,129,37,الْعَلِي,Al-'Alī,Tier 1,9,الْعَزِيز,Al-'Azīz,Tier 1,9,mid-verse,verse-final,Medinan,True,False,refrain_surah2_n4
2,البقرة,129,37,الْعَلِي,Al-'Alī,Tier 1,47,الْحَكِيم,Al-Ḥakīm,Tier 1,10,mid-verse,verse-final,Medinan,False,False,refrain_surah2_n3
2,البقرة,129,9,الْعَزِيز,Al-'Azīz,Tier 1,47,الْحَكِيم,Al-Ḥakīm,Tier 1,1,verse-final,verse-final,Medinan,True,False,refrain_surah2_n6
2,البقرة,137,1,اللَّه,Allāh,Tier 1,27,السَّمِيع,Al-Samī',Tier 1,3,mid-verse,verse-final,Medinan,False,False,refrain_surah2_n8
2,البقرة,137,1,اللَّه,Allāh,Tier 1,20,الْعَلِيم,Al-'Alīm,Tier 1,4,mid-verse,verse-final,Medinan,False,False,refrain_surah2_n26
2,البقرة,137,27,السَّمِيع,Al-Samī',Tier 1,20,الْعَلِيم,Al-'Alīm,Tier 1,1,verse-final,verse-final,Medinan,False,False,refrain_surah2_n7
2,البقرة,142,56,الْوَلِي,Al-Walī,Tier 1,37,الْعَلِي,Al-'Alī,Tier 1,5,mid-verse,mid-verse,Medinan,False,False,
2,البقرة,142,56,الْوَلِي,Al-Walī,Tier 1,1,اللَّه,Allāh,Tier 1,8,mid-verse,mid-verse,Medinan,False,False,refrain_surah2_n4
2,البقرة,142,37,الْعَلِي,Al-'Alī,Tier 1,1,اللَّه,Allāh,Tier 1,3,mid-verse,mid-verse,Medinan,False,False,refrain_surah2_n77
2,البقرة,143,37,الْعَلِي,Al-'Alī,Tier 1,38,الْكَبِير,Al-Kabīr,Tier 1,5,mid-verse,mid-verse,Medinan,False,False,refrain_surah2_n3
2,البقرة,143,37,الْعَلِي,Al-'Alī,Tier 1,1,اللَّه,Allāh,Tier 1,10,mid-verse,mid-verse,Medinan,False,False,refrain_surah2_n77
2,البقرة,143,38,الْكَبِير,Al-Kabīr,Tier 1,37,الْعَلِي,Al-'Alī,Tier 1,2,mid-verse,mid-verse,Medinan,False,False,refrain_surah2_n3
2,البقرة,143,38,الْكَبِير,Al-Kabīr,Tier 1,1,اللَّه,Allāh,Tier 1,5,mid-verse,mid-verse,Medinan,False,False,refrain_surah2_n4
2,البقرة,143,38,الْكَبِير,Al-Kabīr,Tier 1,1,اللَّه,Allāh,Tier 1,9,mid-verse,mid-verse,Medinan,False,False,refrain_surah2_n4
2,البقرة,143,37,الْعَلِي,Al-'Alī,Tier 1,1,اللَّه,Allāh,Tier 1,3,mid-verse,mid-verse,Medinan,False,False,refrain_surah2_n77
2,البقرة,143,37,الْعَلِي,Al-'Alī,Tier 1,1,اللَّه,Allāh,Tier 1,7,mid-verse,mid-verse,Medinan,False,False,refrain_surah2_n77
2,البقرة,143,1,اللَّه,Allāh,Tier 1,3,الرَّحِيمِ,Al-Raḥīm,Tier 1,8,mid-verse,verse-final,Medinan,False,False,refrain_surah2_n11
2,البقرة,143,1,اللَّه,Allāh,Tier 1,3,الرَّحِيمِ,Al-Raḥīm,Tier 1,3,mid-verse,verse-final,Medinan,False,False,refrain_surah2_n11
2,البقرة,144,52,الْحَق,Al-Ḥaqq,Tier 1,1,اللَّه,Allāh,Tier 1,5,mid-verse,mid-verse,Medinan,False,False,refrain_surah2_n14
2,البقرة,148,1,اللَّه,Allāh,Tier 1,37,الْعَلِي,Al-'Alī,Tier 1,5,mid-verse,mid-verse,Medinan,False,False,refrain_surah2_n77
2,البقرة,148,1,اللَّه,Allāh,Tier 1,37,الْعَلِي,Al-'Alī,Tier 1,1,mid-verse,mid-verse,Medinan,False,False,refrain_surah2_n77
2,البقرة,158,1,اللَّه,Allāh,Tier 1,105,الشَّاكِر,Al-Shākir,Tier 2,1,mid-verse,verse-final,Medinan,False,False,
2,البقرة,158,1,اللَّه,Allāh,Tier 1,20,الْعَلِيم,Al-'Alīm,Tier 1,2,mid-verse,verse-final,Medinan,False,False,refrain_surah2_n26
2,البقرة,158,105,الشَّاكِر,Al-Shākir,Tier 2,20,الْعَلِيم,Al-'Alīm,Tier 1,1,verse-final,verse-final,Medinan,False,False,
2,البقرة,160,37,الْعَلِي,Al-'Alī,Tier 1,81,التَّوَّاب,Al-Tawwāb,Tier 1,3,mid-verse,verse-final,Medinan,False,False,
2,البقرة,160,37,الْعَلِي,Al-'Alī,Tier 1,3,الرَّحِيمِ,Al-Raḥīm,Tier 1,4,mid-verse,verse-final,Medinan,False,False,
2,البقرة,160,81,التَّوَّاب,Al-Tawwāb,Tier 1,3,الرَّحِيمِ,Al-Raḥīm,Tier 1,1,verse-final,verse-final,Medinan,False,False,refrain_surah2_n4
2,البقرة,161,37,الْعَلِي,Al-'Alī,Tier 1,1,اللَّه,Allāh,Tier 1,2,mid-verse,mid-verse,Medinan,False,False,refrain_surah2_n77
2,البقرة,163,2,الرَّحْمَٰن,Al-Raḥmān,Tier 1,3,الرَّحِيمِ,Al-Raḥīm,Tier 1,1,verse-final,verse-final,Medinan,False,False,
2,البقرة,164,1,اللَّه,Allāh,Tier 1,63,الْحَي,Al-Ḥayy,Tier 1,5,mid-verse,mid-verse,Medinan,False,False,refrain_surah2_n5
2,البقرة,167,1,اللَّه,Allāh,Tier 1,37,الْعَلِي,Al-'Alī,Tier 1,3,mid-verse,mid-verse,Medinan,False,False,refrain_surah2_n77
2,البقرة,169,37,الْعَلِي,Al-'Alī,Tier 1,1,اللَّه,Allāh,Tier 1,1,mid-verse,mid-verse,Medinan,False,False,refrain_surah2_n77
2,البقرة,170,1,اللَّه,Allāh,Tier 1,74,الْأَوَّل,Al-Awwal,Tier 1,9,mid-verse,mid-verse,Medinan,False,False,
2,البقرة,173,37,الْعَلِي,Al-'Alī,Tier 1,1,اللَّه,Allāh,Tier 1,9,mid-verse,mid-verse,Medinan,False,False,refrain_surah2_n77
2,البقرة,173,1,اللَّه,Allāh,Tier 1,35,الْغَفُور,Al-Ghafūr,Tier 1,1,mid-verse,verse-final,Medinan,False,False,refrain_surah2_n12
2,البقرة,173,1,اللَّه,Allāh,Tier 1,3,الرَّحِيمِ,Al-Raḥīm,Tier 1,2,mid-verse,verse-final,Medinan,False,False,refrain_surah2_n11
2,البقرة,173,35,الْغَفُور,Al-Ghafūr,Tier 1,3,الرَّحِيمِ,Al-Raḥīm,Tier 1,1,verse-final,verse-final,Medinan,False,False,refrain_surah2_n6
2,البقرة,176,1,اللَّه,Allāh,Tier 1,52,الْحَق,Al-Ḥaqq,Tier 1,3,mid-verse,mid-verse,Medinan,False,False,refrain_surah2_n14
2,البقرة,177,80,الْبَر,Al-Barr,Tier 1,1,اللَّه,Allāh,Tier 1,3,mid-verse,mid-verse,Medinan,False,False,
2,البقرة,177,1,اللَّه,Allāh,Tier 1,37,الْعَلِي,Al-'Alī,Tier 1,8,mid-verse,mid-verse,Medinan,False,False,refrain_surah2_n77
2,البقرة,180,37,الْعَلِي,Al-'Alī,Tier 1,68,الْأَحَد,Al-Aḥad,Tier 1,3,verse-opening,mid-verse,Medinan,False,False,refrain_surah2_n3
2,البقرة,180,68,الْأَحَد,Al-Aḥad,Tier 1,52,الْحَق,Al-Ḥaqq,Tier 1,10,mid-verse,mid-verse,Medinan,False,False,
2,البقرة,180,52,الْحَق,Al-Ḥaqq,Tier 1,37,الْعَلِي,Al-'Alī,Tier 1,1,mid-verse,verse-final,Medinan,False,False,refrain_surah2_n6
2,البقرة,181,37,الْعَلِي,Al-'Alī,Tier 1,1,اللَّه,Allāh,Tier 1,5,mid-verse,mid-verse,Medinan,False,False,refrain_surah2_n77
2,البقرة,181,37,الْعَلِي,Al-'Alī,Tier 1,27,السَّمِيع,Al-Samī',Tier 1,6,mid-verse,verse-final,Medinan,False,False,
2,البقرة,181,37,الْعَلِي,Al-'Alī,Tier 1,20,الْعَلِيم,Al-'Alīm,Tier 1,7,mid-verse,verse-final,Medinan,False,False,
2,البقرة,181,1,اللَّه,Allāh,Tier 1,27,السَّمِيع,Al-Samī',Tier 1,1,mid-verse,verse-final,Medinan,False,False,refrain_surah2_n8
2,البقرة,181,1,اللَّه,Allāh,Tier 1,20,الْعَلِيم,Al-'Alīm,Tier 1,2,mid-verse,verse-final,Medinan,False,False,refrain_surah2_n26
2,البقرة,181,27,السَّمِيع,Al-Samī',Tier 1,20,الْعَلِيم,Al-'Alīm,Tier 1,1,verse-final,verse-final,Medinan,False,False,refrain_surah2_n7
2,البقرة,182,1,اللَّه,Allāh,Tier 1,35,الْغَفُور,Al-Ghafūr,Tier 1,1,mid-verse,verse-final,Medinan,False,False,refrain_surah2_n12
2,البقرة,182,1,اللَّه,Allāh,Tier 1,3,الرَّحِيمِ,Al-Raḥīm,Tier 1,2,mid-verse,verse-final,Medinan,False,False,refrain_surah2_n11
2,البقرة,182,35,الْغَفُور,Al-Ghafūr,Tier 1,3,الرَّحِيمِ,Al-Raḥīm,Tier 1,1,verse-final,verse-final,Medinan,False,False,refrain_surah2_n6
2,البقرة,184,37,الْعَلِي,Al-'Alī,Tier 1,75,الْآخِر,Al-Ākhir,Tier 1,5,mid-verse,mid-verse,Medinan,False,False,
2,البقرة,185,37,الْعَلِي,Al-'Alī,Tier 1,75,الْآخِر,Al-Ākhir,Tier 1,5,mid-verse,mid-verse,Medinan,False,False,
2,البقرة,185,37,الْعَلِي,Al-'Alī,Tier 1,1,اللَّه,Allāh,Tier 1,8,mid-verse,mid-verse,Medinan,False,False,refrain_surah2_n77
2,البقرة,185,75,الْآخِر,Al-Ākhir,Tier 1,1,اللَّه,Allāh,Tier 1,3,mid-verse,mid-verse,Medinan,False,False,
2,البقرة,185,1,اللَّه,Allāh,Tier 1,37,الْعَلِي,Al-'Alī,Tier 1,1,mid-verse,mid-verse,Medinan,False,False,refrain_surah2_n77
2,البقرة,187,1,اللَّه,Allāh,Tier 1,37,الْعَلِي,Al-'Alī,Tier 1,6,mid-verse,mid-verse,Medinan,False,False,refrain_surah2_n77
2,البقرة,187,37,الْعَلِي,Al-'Alī,Tier 1,1,اللَّه,Allāh,Tier 1,9,mid-verse,mid-verse,Medinan,False,False,refrain_surah2_n77
2,البقرة,189,80,الْبَر,Al-Barr,Tier 1,1,اللَّه,Allāh,Tier 1,10,mid-verse,mid-verse,Medinan,False,False,
2,البقرة,192,1,اللَّه,Allāh,Tier 1,35,الْغَفُور,Al-Ghafūr,Tier 1,1,mid-verse,verse-final,Medinan,False,False,refrain_surah2_n12
2,البقرة,192,1,اللَّه,Allāh,Tier 1,3,الرَّحِيمِ,Al-Raḥīm,Tier 1,2,mid-verse,verse-final,Medinan,False,False,refrain_surah2_n11
2,البقرة,192,35,الْغَفُور,Al-Ghafūr,Tier 1,3,الرَّحِيمِ,Al-Raḥīm,Tier 1,1,verse-final,verse-final,Medinan,False,False,refrain_surah2_n6
2,البقرة,193,1,اللَّه,Allāh,Tier 1,37,الْعَلِي,Al-'Alī,Tier 1,7,mid-verse,verse-final,Medinan,False,False,refrain_surah2_n77
2,البقرة,194,37,الْعَلِي,Al-'Alī,Tier 1,1,اللَّه,Allāh,Tier 1,9,mid-verse,mid-verse,Medinan,False,False,refrain_surah2_n77
2,البقرة,194,37,الْعَلِي,Al-'Alī,Tier 1,1,اللَّه,Allāh,Tier 1,3,mid-verse,mid-verse,Medinan,False,False,refrain_surah2_n77
2,البقرة,194,37,الْعَلِي,Al-'Alī,Tier 1,1,اللَّه,Allāh,Tier 1,6,mid-verse,mid-verse,Medinan,False,False,refrain_surah2_n77
2,البقرة,199,1,اللَّه,Allāh,Tier 1,35,الْغَفُور,Al-Ghafūr,Tier 1,4,mid-verse,verse-final,Medinan,False,False,refrain_surah2_n12
2,البقرة,199,1,اللَّه,Allāh,Tier 1,3,الرَّحِيمِ,Al-Raḥīm,Tier 1,5,mid-verse,verse-final,Medinan,False,False,refrain_surah2_n11
2,البقرة,199,1,اللَّه,Allāh,Tier 1,35,الْغَفُور,Al-Ghafūr,Tier 1,1,mid-verse,verse-final,Medinan,False,False,refrain_surah2_n12
2,البقرة,199,1,اللَّه,Allāh,Tier 1,3,الرَّحِيمِ,Al-Raḥīm,Tier 1,2,mid-verse,verse-final,Medinan,False,False,refrain_surah2_n11
2,البقرة,199,35,الْغَفُور,Al-Ghafūr,Tier 1,3,الرَّحِيمِ,Al-Raḥīm,Tier 1,1,verse-final,verse-final,Medinan,False,False,refrain_surah2_n6
2,البقرة,204,1,اللَّه,Allāh,Tier 1,37,الْعَلِي,Al-'Alī,Tier 1,1,mid-verse,mid-verse,Medinan,False,False,refrain_surah2_n77
2,البقرة,207,1,اللَّه,Allāh,Tier 1,84,الرَّءُوف,Al-Ra'ūf,Tier 1,3,mid-verse,verse-final,Medinan,False,False,
2,البقرة,207,1,اللَّه,Allāh,Tier 1,84,الرَّءُوف,Al-Ra'ūf,Tier 1,1,mid-verse,verse-final,Medinan,False,False,
2,البقرة,209,1,اللَّه,Allāh,Tier 1,9,الْعَزِيز,Al-'Azīz,Tier 1,1,mid-verse,verse-final,Medinan,True,False,refrain_surah2_n6
2,البقرة,209,1,اللَّه,Allāh,Tier 1,47,الْحَكِيم,Al-Ḥakīm,Tier 1,2,mid-verse,verse-final,Medinan,False,False,refrain_surah2_n6
2,البقرة,209,9,الْعَزِيز,Al-'Azīz,Tier 1,47,الْحَكِيم,Al-Ḥakīm,Tier 1,1,verse-final,verse-final,Medinan,True,False,refrain_surah2_n6
2,البقرة,210,1,اللَّه,Allāh,Tier 1,78,الْوَالِي,Al-Wālī,Tier 1,9,mid-verse,mid-verse,Medinan,False,False,refrain_surah2_n3
2,البقرة,210,78,الْوَالِي,Al-Wālī,Tier 1,1,اللَّه,Allāh,Tier 1,1,mid-verse,mid-verse,Medinan,False,False,refrain_surah2_n3
2,البقرة,213,1,اللَّه,Allāh,Tier 1,52,الْحَق,Al-Ḥaqq,Tier 1,7,mid-verse,mid-verse,Medinan,False,False,refrain_surah2_n14
2,البقرة,213,1,اللَّه,Allāh,Tier 1,52,الْحَق,Al-Ḥaqq,Tier 1,7,mid-verse,mid-verse,Medinan,False,False,refrain_surah2_n14
2,البقرة,213,52,الْحَق,Al-Ḥaqq,Tier 1,1,اللَّه,Allāh,Tier 1,3,mid-verse,mid-verse,Medinan,False,False,refrain_surah2_n14
2,البقرة,215,1,اللَّه,Allāh,Tier 1,20,الْعَلِيم,Al-'Alīm,Tier 1,2,mid-verse,verse-final,Medinan,False,False,refrain_surah2_n26
2,البقرة,217,38,الْكَبِير,Al-Kabīr,Tier 1,1,اللَّه,Allāh,Tier 1,5,mid-verse,mid-verse,Medinan,False,False,refrain_surah2_n4
2,البقرة,218,1,اللَّه,Allāh,Tier 1,35,الْغَفُور,Al-Ghafūr,Tier 1,7,mid-verse,verse-final,Medinan,False,False,refrain_surah2_n12
2,البقرة,218,1,اللَّه,Allāh,Tier 1,3,الرَّحِيمِ,Al-Raḥīm,Tier 1,8,mid-verse,verse-final,Medinan,False,False,refrain_surah2_n11
2,البقرة,218,1,اللَّه,Allāh,Tier 1,35,الْغَفُور,Al-Ghafūr,Tier 1,3,mid-verse,verse-final,Medinan,False,False,refrain_surah2_n12
2,البقرة,218,1,اللَّه,Allāh,Tier 1,3,الرَّحِيمِ,Al-Raḥīm,Tier 1,4,mid-verse,verse-final,Medinan,False,False,refrain_surah2_n11
2,البقرة,218,1,اللَّه,Allāh,Tier 1,35,الْغَفُور,Al-Ghafūr,Tier 1,1,mid-verse,verse-final,Medinan,False,False,refrain_surah2_n12
2,البقرة,218,1,اللَّه,Allāh,Tier 1,3,الرَّحِيمِ,Al-Raḥīm,Tier 1,2,mid-verse,verse-final,Medinan,False,False,refrain_surah2_n11
2,البقرة,218,35,الْغَفُور,Al-Ghafūr,Tier 1,3,الرَّحِيمِ,Al-Raḥīm,Tier 1,1,verse-final,verse-final,Medinan,False,False,refrain_surah2_n6
2,البقرة,219,83,الْعَفُو,Al-'Afūw,Tier 1,1,اللَّه,Allāh,Tier 1,4,mid-verse,mid-verse,Medinan,False,False,
2,البقرة,220,1,اللَّه,Allāh,Tier 1,9,الْعَزِيز,Al-'Azīz,Tier 1,5,mid-verse,verse-final,Medinan,True,False,refrain_surah2_n6
2,البقرة,220,1,اللَّه,Allāh,Tier 1,47,الْحَكِيم,Al-Ḥakīm,Tier 1,6,mid-verse,verse-final,Medinan,False,False,refrain_surah2_n6
2,البقرة,220,1,اللَّه,Allāh,Tier 1,9,الْعَزِيز,Al-'Azīz,Tier 1,1,mid-verse,verse-final,Medinan,True,False,refrain_surah2_n6
2,البقرة,220,1,اللَّه,Allāh,Tier 1,47,الْحَكِيم,Al-Ḥakīm,Tier 1,2,mid-verse,verse-final,Medinan,False,False,refrain_surah2_n6
2,البقرة,220,9,الْعَزِيز,Al-'Azīz,Tier 1,47,الْحَكِيم,Al-Ḥakīm,Tier 1,1,verse-final,verse-final,Medinan,True,False,refrain_surah2_n6
2,البقرة,223,1,اللَّه,Allāh,Tier 1,7,الْمُؤْمِن,Al-Mu'min,Tier 1,6,mid-verse,verse-final,Medinan,False,False,refrain_surah2_n6
2,البقرة,224,1,اللَّه,Allāh,Tier 1,27,السَّمِيع,Al-Samī',Tier 1,1,mid-verse,verse-final,Medinan,False,False,refrain_surah2_n8
2,البقرة,224,1,اللَّه,Allāh,Tier 1,20,الْعَلِيم,Al-'Alīm,Tier 1,2,mid-verse,verse-final,Medinan,False,False,refrain_surah2_n26
2,البقرة,224,27,السَّمِيع,Al-Samī',Tier 1,20,الْعَلِيم,Al-'Alīm,Tier 1,1,verse-final,verse-final,Medinan,False,False,refrain_surah2_n7
2,البقرة,225,1,اللَّه,Allāh,Tier 1,35,الْغَفُور,Al-Ghafūr,Tier 1,1,mid-verse,verse-final,Medinan,False,False,refrain_surah2_n12
2,البقرة,225,1,اللَّه,Allāh,Tier 1,33,الْحَلِيم,Al-Ḥalīm,Tier 1,2,mid-verse,verse-final,Medinan,False,False,refrain_surah2_n3
2,البقرة,225,35,الْغَفُور,Al-Ghafūr,Tier 1,33,الْحَلِيم,Al-Ḥalīm,Tier 1,1,verse-final,verse-final,Medinan,False,False,
2,البقرة,226,1,اللَّه,Allāh,Tier 1,35,الْغَفُور,Al-Ghafūr,Tier 1,1,mid-verse,verse-final,Medinan,False,False,refrain_surah2_n12
2,البقرة,226,1,اللَّه,Allāh,Tier 1,3,الرَّحِيمِ,Al-Raḥīm,Tier 1,2,mid-verse,verse-final,Medinan,False,False,refrain_surah2_n11
2,البقرة,226,35,الْغَفُور,Al-Ghafūr,Tier 1,3,الرَّحِيمِ,Al-Raḥīm,Tier 1,1,verse-final,verse-final,Medinan,False,False,refrain_surah2_n6
2,البقرة,227,1,اللَّه,Allāh,Tier 1,27,السَّمِيع,Al-Samī',Tier 1,1,mid-verse,verse-final,Medinan,False,False,refrain_surah2_n8
2,البقرة,227,1,اللَّه,Allāh,Tier 1,20,الْعَلِيم,Al-'Alīm,Tier 1,2,mid-verse,verse-final,Medinan,False,False,refrain_surah2_n26
2,البقرة,227,27,السَّمِيع,Al-Samī',Tier 1,20,الْعَلِيم,Al-'Alīm,Tier 1,1,verse-final,verse-final,Medinan,False,False,refrain_surah2_n7
2,البقرة,228,37,الْعَلِي,Al-'Alī,Tier 1,1,اللَّه,Allāh,Tier 1,7,mid-verse,mid-verse,Medinan,False,False,refrain_surah2_n77
2,البقرة,228,37,الْعَلِي,Al-'Alī,Tier 1,9,الْعَزِيز,Al-'Azīz,Tier 1,8,mid-verse,verse-final,Medinan,True,False,refrain_surah2_n4
2,البقرة,228,37,الْعَلِي,Al-'Alī,Tier 1,47,الْحَكِيم,Al-Ḥakīm,Tier 1,9,mid-verse,verse-final,Medinan,False,False,refrain_surah2_n3
2,البقرة,228,37,الْعَلِي,Al-'Alī,Tier 1,1,اللَّه,Allāh,Tier 1,3,mid-verse,mid-verse,Medinan,False,False,refrain_surah2_n77
2,البقرة,228,37,الْعَلِي,Al-'Alī,Tier 1,9,الْعَزِيز,Al-'Azīz,Tier 1,4,mid-verse,verse-final,Medinan,True,False,refrain_surah2_n4
2,البقرة,228,37,الْعَلِي,Al-'Alī,Tier 1,47,الْحَكِيم,Al-Ḥakīm,Tier 1,5,mid-verse,verse-final,Medinan,False,False,refrain_surah2_n3
2,البقرة,228,1,اللَّه,Allāh,Tier 1,9,الْعَزِيز,Al-'Azīz,Tier 1,1,mid-verse,verse-final,Medinan,True,False,refrain_surah2_n6
2,البقرة,228,1,اللَّه,Allāh,Tier 1,47,الْحَكِيم,Al-Ḥakīm,Tier 1,2,mid-verse,verse-final,Medinan,False,False,refrain_surah2_n6
2,البقرة,228,9,الْعَزِيز,Al-'Azīz,Tier 1,47,الْحَكِيم,Al-Ḥakīm,Tier 1,1,verse-final,verse-final,Medinan,True,False,refrain_surah2_n6
2,البقرة,229,1,اللَّه,Allāh,Tier 1,37,الْعَلِي,Al-'Alī,Tier 1,10,mid-verse,mid-verse,Medinan,False,False,refrain_surah2_n77
2,البقرة,229,1,اللَّه,Allāh,Tier 1,37,الْعَلِي,Al-'Alī,Tier 1,3,mid-verse,mid-verse,Medinan,False,False,refrain_surah2_n77
2,البقرة,229,37,الْعَلِي,Al-'Alī,Tier 1,1,اللَّه,Allāh,Tier 1,7,mid-verse,mid-verse,Medinan,False,False,refrain_surah2_n77
2,البقرة,231,1,اللَّه,Allāh,Tier 1,37,الْعَلِي,Al-'Alī,Tier 1,6,mid-verse,mid-verse,Medinan,False,False,refrain_surah2_n77
2,البقرة,231,1,اللَّه,Allāh,Tier 1,37,الْعَلِي,Al-'Alī,Tier 1,9,mid-verse,mid-verse,Medinan,False,False,refrain_surah2_n77
2,البقرة,231,1,اللَّه,Allāh,Tier 1,37,الْعَلِي,Al-'Alī,Tier 1,1,mid-verse,mid-verse,Medinan,False,False,refrain_surah2_n77
2,البقرة,231,1,اللَّه,Allāh,Tier 1,37,الْعَلِي,Al-'Alī,Tier 1,4,mid-verse,mid-verse,Medinan,False,False,refrain_surah2_n77
2,البقرة,231,37,الْعَلِي,Al-'Alī,Tier 1,1,اللَّه,Allāh,Tier 1,8,mid-verse,mid-verse,Medinan,False,False,refrain_surah2_n77
2,البقرة,231,1,اللَّه,Allāh,Tier 1,20,الْعَلِيم,Al-'Alīm,Tier 1,6,mid-verse,verse-final,Medinan,False,False,refrain_surah2_n26
2,البقرة,231,1,اللَّه,Allāh,Tier 1,20,الْعَلِيم,Al-'Alīm,Tier 1,3,mid-verse,verse-final,Medinan,False,False,refrain_surah2_n26
2,البقرة,233,37,الْعَلِي,Al-'Alī,Tier 1,1,اللَّه,Allāh,Tier 1,8,mid-verse,mid-verse,Medinan,False,False,refrain_surah2_n77
2,البقرة,233,1,اللَّه,Allāh,Tier 1,28,الْبَصِير,Al-Baṣīr,Tier 1,6,mid-verse,verse-final,Medinan,False,False,refrain_surah2_n7
2,البقرة,233,1,اللَّه,Allāh,Tier 1,28,الْبَصِير,Al-Baṣīr,Tier 1,3,mid-verse,verse-final,Medinan,False,False,refrain_surah2_n7
2,البقرة,234,37,الْعَلِي,Al-'Alī,Tier 1,1,اللَّه,Allāh,Tier 1,7,mid-verse,mid-verse,Medinan,False,False,refrain_surah2_n77
2,البقرة,234,37,الْعَلِي,Al-'Alī,Tier 1,32,الْخَبِير,Al-Khabīr,Tier 1,10,mid-verse,verse-final,Medinan,False,False,
2,البقرة,234,1,اللَّه,Allāh,Tier 1,32,الْخَبِير,Al-Khabīr,Tier 1,3,mid-verse,verse-final,Medinan,False,False,
2,البقرة,235,1,اللَّه,Allāh,Tier 1,35,الْغَفُور,Al-Ghafūr,Tier 1,10,mid-verse,verse-final,Medinan,False,False,refrain_surah2_n12
2,البقرة,235,1,اللَّه,Allāh,Tier 1,35,الْغَفُور,Al-Ghafūr,Tier 1,1,mid-verse,verse-final,Medinan,False,False,refrain_surah2_n12
2,البقرة,235,1,اللَّه,Allāh,Tier 1,33,الْحَلِيم,Al-Ḥalīm,Tier 1,2,mid-verse,verse-final,Medinan,False,False,refrain_surah2_n3
2,البقرة,235,35,الْغَفُور,Al-Ghafūr,Tier 1,33,الْحَلِيم,Al-Ḥalīm,Tier 1,1,verse-final,verse-final,Medinan,False,False,
2,البقرة,236,37,الْعَلِي,Al-'Alī,Tier 1,52,الْحَق,Al-Ḥaqq,Tier 1,9,mid-verse,mid-verse,Medinan,False,False,refrain_surah2_n6
2,البقرة,236,52,الْحَق,Al-Ḥaqq,Tier 1,37,الْعَلِي,Al-'Alī,Tier 1,1,mid-verse,verse-final,Medinan,False,False,refrain_surah2_n6
2,البقرة,237,1,اللَّه,Allāh,Tier 1,28,الْبَصِير,Al-Baṣīr,Tier 1,3,mid-verse,verse-final,Medinan,False,False,refrain_surah2_n7
2,البقرة,238,37,الْعَلِي,Al-'Alī,Tier 1,1,اللَّه,Allāh,Tier 1,5,verse-opening,verse-final,Medinan,False,False,refrain_surah2_n77
2,البقرة,240,37,الْعَلِي,Al-'Alī,Tier 1,1,اللَّه,Allāh,Tier 1,9,mid-verse,mid-verse,Medinan,False,False,refrain_surah2_n77
2,البقرة,240,37,الْعَلِي,Al-'Alī,Tier 1,9,الْعَزِيز,Al-'Azīz,Tier 1,10,mid-verse,verse-final,Medinan,True,False,refrain_surah2_n4
2,البقرة,240,1,اللَّه,Allāh,Tier 1,9,الْعَزِيز,Al-'Azīz,Tier 1,1,mid-verse,verse-final,Medinan,True,False,refrain_surah2_n6
2,البقرة,240,1,اللَّه,Allāh,Tier 1,47,الْحَكِيم,Al-Ḥakīm,Tier 1,2,mid-verse,verse-final,Medinan,False,False,refrain_surah2_n6
2,البقرة,240,9,الْعَزِيز,Al-'Azīz,Tier 1,47,الْحَكِيم,Al-Ḥakīm,Tier 1,1,verse-final,verse-final,Medinan,True,False,refrain_surah2_n6
2,البقرة,241,52,الْحَق,Al-Ḥaqq,Tier 1,37,الْعَلِي,Al-'Alī,Tier 1,1,mid-verse,verse-final,Medinan,False,False,refrain_surah2_n6
2,البقرة,243,1,اللَّه,Allāh,Tier 1,63,الْحَي,Al-Ḥayy,Tier 1,3,mid-verse,mid-verse,Medinan,False,False,refrain_surah2_n5
2,البقرة,243,1,اللَّه,Allāh,Tier 1,37,الْعَلِي,Al-'Alī,Tier 1,9,mid-verse,mid-verse,Medinan,False,False,refrain_surah2_n77
2,البقرة,243,63,الْحَي,Al-Ḥayy,Tier 1,1,اللَّه,Allāh,Tier 1,3,mid-verse,mid-verse,Medinan,False,False,refrain_surah2_n5
2,البقرة,243,63,الْحَي,Al-Ḥayy,Tier 1,37,الْعَلِي,Al-'Alī,Tier 1,6,mid-verse,mid-verse,Medinan,False,False,
2,البقرة,243,1,اللَّه,Allāh,Tier 1,37,الْعَلِي,Al-'Alī,Tier 1,3,mid-verse,mid-verse,Medinan,False,False,refrain_surah2_n77
2,البقرة,244,1,اللَّه,Allāh,Tier 1,27,السَّمِيع,Al-Samī',Tier 1,4,mid-verse,verse-final,Medinan,False,False,refrain_surah2_n8
2,البقرة,244,1,اللَّه,Allāh,Tier 1,20,الْعَلِيم,Al-'Alīm,Tier 1,5,mid-verse,verse-final,Medinan,False,False,refrain_surah2_n26
2,البقرة,244,1,اللَّه,Allāh,Tier 1,27,السَّمِيع,Al-Samī',Tier 1,1,mid-verse,verse-final,Medinan,False,False,refrain_surah2_n8
2,البقرة,244,1,اللَّه,Allāh,Tier 1,20,الْعَلِيم,Al-'Alīm,Tier 1,2,mid-verse,verse-final,Medinan,False,False,refrain_surah2_n26
2,البقرة,244,27,السَّمِيع,Al-Samī',Tier 1,20,الْعَلِيم,Al-'Alīm,Tier 1,1,verse-final,verse-final,Medinan,False,False,refrain_surah2_n7
2,البقرة,245,1,اللَّه,Allāh,Tier 1,78,الْوَالِي,Al-Wālī,Tier 1,3,mid-verse,verse-final,Medinan,False,False,refrain_surah2_n3
2,البقرة,246,1,اللَّه,Allāh,Tier 1,37,الْعَلِي,Al-'Alī,Tier 1,7,mid-verse,mid-verse,Medinan,False,False,refrain_surah2_n77
2,البقرة,246,1,اللَّه,Allāh,Tier 1,37,الْعَلِي,Al-'Alī,Tier 1,9,mid-verse,mid-verse,Medinan,False,False,refrain_surah2_n77
2,البقرة,246,37,الْعَلِي,Al-'Alī,Tier 1,1,اللَّه,Allāh,Tier 1,7,mid-verse,mid-verse,Medinan,False,False,refrain_surah2_n77
2,البقرة,246,37,الْعَلِي,Al-'Alī,Tier 1,20,الْعَلِيم,Al-'Alīm,Tier 1,8,mid-verse,verse-final,Medinan,False,False,
2,البقرة,246,1,اللَّه,Allāh,Tier 1,20,الْعَلِيم,Al-'Alīm,Tier 1,1,mid-verse,verse-final,Medinan,False,False,refrain_surah2_n26
2,البقرة,247,4,الْمَلِك,Al-Malik,Tier 1,37,الْعَلِي,Al-'Alī,Tier 1,1,mid-verse,mid-verse,Medinan,False,False,refrain_surah2_n3
2,البقرة,247,37,الْعَلِي,Al-'Alī,Tier 1,4,الْمَلِك,Al-Malik,Tier 1,3,mid-verse,mid-verse,Medinan,False,False,refrain_surah2_n3
2,البقرة,247,4,الْمَلِك,Al-Malik,Tier 1,1,اللَّه,Allāh,Tier 1,10,mid-verse,mid-verse,Medinan,False,False,refrain_surah2_n5
2,البقرة,247,1,اللَّه,Allāh,Tier 1,37,الْعَلِي,Al-'Alī,Tier 1,2,mid-verse,mid-verse,Medinan,False,False,refrain_surah2_n77
2,البقرة,247,37,الْعَلِي,Al-'Alī,Tier 1,1,اللَّه,Allāh,Tier 1,7,mid-verse,mid-verse,Medinan,False,False,refrain_surah2_n77
2,البقرة,247,1,اللَّه,Allāh,Tier 1,20,الْعَلِيم,Al-'Alīm,Tier 1,8,mid-verse,verse-final,Medinan,False,False,refrain_surah2_n26
2,البقرة,247,1,اللَّه,Allāh,Tier 1,20,الْعَلِيم,Al-'Alīm,Tier 1,2,mid-verse,verse-final,Medinan,False,False,refrain_surah2_n26
2,البقرة,251,1,اللَّه,Allāh,Tier 1,4,الْمَلِك,Al-Malik,Tier 1,6,mid-verse,mid-verse,Medinan,False,False,refrain_surah2_n5
2,البقرة,251,1,اللَّه,Allāh,Tier 1,4,الْمَلِك,Al-Malik,Tier 1,1,mid-verse,mid-verse,Medinan,False,False,refrain_surah2_n5
2,البقرة,251,4,الْمَلِك,Al-Malik,Tier 1,1,اللَّه,Allāh,Tier 1,8,mid-verse,mid-verse,Medinan,False,False,refrain_surah2_n5
2,البقرة,251,1,اللَّه,Allāh,Tier 1,37,الْعَلِي,Al-'Alī,Tier 1,10,mid-verse,verse-final,Medinan,False,False,refrain_surah2_n77
2,البقرة,251,1,اللَّه,Allāh,Tier 1,37,الْعَلِي,Al-'Alī,Tier 1,3,mid-verse,verse-final,Medinan,False,False,refrain_surah2_n77
2,البقرة,252,1,اللَّه,Allāh,Tier 1,37,الْعَلِي,Al-'Alī,Tier 1,2,mid-verse,mid-verse,Medinan,False,False,refrain_surah2_n77
2,البقرة,252,1,اللَّه,Allāh,Tier 1,52,الْحَق,Al-Ḥaqq,Tier 1,3,mid-verse,mid-verse,Medinan,False,False,refrain_surah2_n14
2,البقرة,252,37,الْعَلِي,Al-'Alī,Tier 1,52,الْحَق,Al-Ḥaqq,Tier 1,1,mid-verse,mid-verse,Medinan,False,False,refrain_surah2_n6
2,البقرة,253,37,الْعَلِي,Al-'Alī,Tier 1,1,اللَّه,Allāh,Tier 1,6,mid-verse,mid-verse,Medinan,False,False,refrain_surah2_n77
2,البقرة,255,1,اللَّه,Allāh,Tier 1,63,الْحَي,Al-Ḥayy,Tier 1,5,verse-opening,mid-verse,Medinan,False,False,refrain_surah2_n5
2,البقرة,255,1,اللَّه,Allāh,Tier 1,64,الْقَيُّوم,Al-Qayyūm,Tier 1,6,verse-opening,mid-verse,Medinan,False,False,
2,البقرة,255,63,الْحَي,Al-Ḥayy,Tier 1,64,الْقَيُّوم,Al-Qayyūm,Tier 1,1,mid-verse,mid-verse,Medinan,False,False,
2,البقرة,255,37,الْعَلِي,Al-'Alī,Tier 1,34,الْعَظِيم,Al-'Aẓīm,Tier 1,1,verse-final,verse-final,Medinan,False,False,
2,البقرة,256,1,اللَّه,Allāh,Tier 1,27,السَّمِيع,Al-Samī',Tier 1,10,mid-verse,verse-final,Medinan,False,False,refrain_surah2_n8
2,البقرة,256,1,اللَّه,Allāh,Tier 1,27,السَّمِيع,Al-Samī',Tier 1,1,mid-verse,verse-final,Medinan,False,False,refrain_surah2_n8
2,البقرة,256,1,اللَّه,Allāh,Tier 1,20,الْعَلِيم,Al-'Alīm,Tier 1,2,mid-verse,verse-final,Medinan,False,False,refrain_surah2_n26
2,البقرة,256,27,السَّمِيع,Al-Samī',Tier 1,20,الْعَلِيم,Al-'Alīm,Tier 1,1,verse-final,verse-final,Medinan,False,False,refrain_surah2_n7
2,البقرة,257,1,اللَّه,Allāh,Tier 1,56,الْوَلِي,Al-Walī,Tier 1,1,verse-opening,verse-opening,Medinan,False,False,refrain_surah2_n4
2,البقرة,257,1,اللَّه,Allāh,Tier 1,94,النُّور,Al-Nūr,Tier 1,8,verse-opening,mid-verse,Medinan,False,False,
2,البقرة,257,56,الْوَلِي,Al-Walī,Tier 1,94,النُّور,Al-Nūr,Tier 1,7,verse-opening,mid-verse,Medinan,False,False,
2,البقرة,258,1,اللَّه,Allāh,Tier 1,4,الْمَلِك,Al-Malik,Tier 1,1,mid-verse,mid-verse,Medinan,False,False,refrain_surah2_n5
2,البقرة,259,37,الْعَلِي,Al-'Alī,Tier 1,1,اللَّه,Allāh,Tier 1,10,mid-verse,mid-verse,Medinan,False,False,refrain_surah2_n77
2,البقرة,259,37,الْعَلِي,Al-'Alī,Tier 1,1,اللَّه,Allāh,Tier 1,6,mid-verse,mid-verse,Medinan,False,False,refrain_surah2_n77
2,البقرة,259,1,اللَّه,Allāh,Tier 1,37,الْعَلِي,Al-'Alī,Tier 1,1,mid-verse,mid-verse,Medinan,False,False,refrain_surah2_n77
2,البقرة,260,1,اللَّه,Allāh,Tier 1,9,الْعَزِيز,Al-'Azīz,Tier 1,1,mid-verse,verse-final,Medinan,True,False,refrain_surah2_n6
2,البقرة,260,1,اللَّه,Allāh,Tier 1,47,الْحَكِيم,Al-Ḥakīm,Tier 1,2,mid-verse,verse-final,Medinan,False,False,refrain_surah2_n6
2,البقرة,260,9,الْعَزِيز,Al-'Azīz,Tier 1,47,الْحَكِيم,Al-Ḥakīm,Tier 1,1,verse-final,verse-final,Medinan,True,False,refrain_surah2_n6
2,البقرة,261,1,اللَّه,Allāh,Tier 1,20,الْعَلِيم,Al-'Alīm,Tier 1,7,mid-verse,verse-final,Medinan,False,False,refrain_surah2_n26
2,البقرة,261,1,اللَّه,Allāh,Tier 1,20,الْعَلِيم,Al-'Alīm,Tier 1,2,mid-verse,verse-final,Medinan,False,False,refrain_surah2_n26
2,البقرة,263,1,اللَّه,Allāh,Tier 1,33,الْحَلِيم,Al-Ḥalīm,Tier 1,2,mid-verse,verse-final,Medinan,False,False,refrain_surah2_n3
2,البقرة,264,37,الْعَلِي,Al-'Alī,Tier 1,1,اللَّه,Allāh,Tier 1,5,mid-verse,mid-verse,Medinan,False,False,refrain_surah2_n77
2,البقرة,265,1,اللَّه,Allāh,Tier 1,28,الْبَصِير,Al-Baṣīr,Tier 1,3,mid-verse,verse-final,Medinan,False,False,refrain_surah2_n7
2,البقرة,267,1,اللَّه,Allāh,Tier 1,57,الْحَمِيد,Al-Ḥamīd,Tier 1,2,mid-verse,verse-final,Medinan,False,False,
2,البقرة,268,1,اللَّه,Allāh,Tier 1,20,الْعَلِيم,Al-'Alīm,Tier 1,8,mid-verse,verse-final,Medinan,False,False,refrain_surah2_n26
2,البقرة,268,1,اللَّه,Allāh,Tier 1,20,الْعَلِيم,Al-'Alīm,Tier 1,2,mid-verse,verse-final,Medinan,False,False,refrain_surah2_n26
2,البقرة,271,1,اللَّه,Allāh,Tier 1,32,الْخَبِير,Al-Khabīr,Tier 1,3,mid-verse,verse-final,Medinan,False,False,
2,البقرة,272,37,الْعَلِي,Al-'Alī,Tier 1,1,اللَّه,Allāh,Tier 1,3,mid-verse,mid-verse,Medinan,False,False,refrain_surah2_n77
2,البقرة,273,1,اللَّه,Allāh,Tier 1,20,الْعَلِيم,Al-'Alīm,Tier 1,2,mid-verse,verse-final,Medinan,False,False,refrain_surah2_n26
2,البقرة,278,1,اللَّه,Allāh,Tier 1,7,الْمُؤْمِن,Al-Mu'min,Tier 1,8,mid-verse,verse-final,Medinan,False,False,refrain_surah2_n6
2,البقرة,282,30,الْعَدْل,Al-'Adl,Tier 1,1,اللَّه,Allāh,Tier 1,9,mid-verse,mid-verse,Medinan,False,False,
2,البقرة,282,1,اللَّه,Allāh,Tier 1,52,الْحَق,Al-Ḥaqq,Tier 1,6,mid-verse,mid-verse,Medinan,False,False,refrain_surah2_n14
2,البقرة,282,52,الْحَق,Al-Ḥaqq,Tier 1,1,اللَّه,Allāh,Tier 1,2,mid-verse,mid-verse,Medinan,False,False,refrain_surah2_n14
2,البقرة,282,30,الْعَدْل,Al-'Adl,Tier 1,51,الشَّهِيد,Al-Shahīd,Tier 1,3,mid-verse,mid-verse,Medinan,False,False,
2,البقرة,282,38,الْكَبِير,Al-Kabīr,Tier 1,1,اللَّه,Allāh,Tier 1,7,mid-verse,mid-verse,Medinan,False,False,refrain_surah2_n4
2,البقرة,282,51,الشَّهِيد,Al-Shahīd,Tier 1,1,اللَّه,Allāh,Tier 1,9,mid-verse,mid-verse,Medinan,False,False,
2,البقرة,282,1,اللَّه,Allāh,Tier 1,20,الْعَلِيم,Al-'Alīm,Tier 1,8,mid-verse,verse-final,Medinan,False,False,refrain_surah2_n26
2,البقرة,282,1,اللَّه,Allāh,Tier 1,20,الْعَلِيم,Al-'Alīm,Tier 1,5,mid-verse,verse-final,Medinan,False,False,refrain_surah2_n26
2,البقرة,282,1,اللَّه,Allāh,Tier 1,20,الْعَلِيم,Al-'Alīm,Tier 1,3,mid-verse,verse-final,Medinan,False,False,refrain_surah2_n26
2,البقرة,283,1,اللَّه,Allāh,Tier 1,20,الْعَلِيم,Al-'Alīm,Tier 1,3,mid-verse,verse-final,Medinan,False,False,refrain_surah2_n26
2,البقرة,284,1,اللَّه,Allāh,Tier 1,37,الْعَلِي,Al-'Alī,Tier 1,10,mid-verse,mid-verse,Medinan,False,False,refrain_surah2_n77
2,البقرة,284,1,اللَّه,Allāh,Tier 1,37,الْعَلِي,Al-'Alī,Tier 1,1,mid-verse,mid-verse,Medinan,False,False,refrain_surah2_n77
2,البقرة,285,7,الْمُؤْمِن,Al-Mu'min,Tier 1,1,اللَّه,Allāh,Tier 1,4,mid-verse,mid-verse,Medinan,False,False,refrain_surah2_n6
2,البقرة,285,1,اللَّه,Allāh,Tier 1,68,الْأَحَد,Al-Aḥad,Tier 1,7,mid-verse,mid-verse,Medinan,False,False,
2,البقرة,285,68,الْأَحَد,Al-Aḥad,Tier 1,78,الْوَالِي,Al-Wālī,Tier 1,10,mid-verse,verse-final,Medinan,False,False,
2,البقرة,286,1,اللَّه,Allāh,Tier 1,37,الْعَلِي,Al-'Alī,Tier 1,8,mid-verse,mid-verse,Medinan,False,False,refrain_surah2_n77
3,آل عمران,2,1,اللَّه,Allāh,Tier 1,63,الْحَي,Al-Ḥayy,Tier 1,5,verse-opening,verse-final,Medinan,False,False,
3,آل عمران,2,1,اللَّه,Allāh,Tier 1,64,الْقَيُّوم,Al-Qayyūm,Tier 1,6,verse-opening,verse-final,Medinan,False,False,
3,آل عمران,2,63,الْحَي,Al-Ḥayy,Tier 1,64,الْقَيُّوم,Al-Qayyūm,Tier 1,1,verse-final,verse-final,Medinan,False,False,
3,آل عمران,3,37,الْعَلِي,Al-'Alī,Tier 1,52,الْحَق,Al-Ḥaqq,Tier 1,2,verse-opening,mid-verse,Medinan,False,False,
3,آل عمران,4,1,اللَّه,Allāh,Tier 1,9,الْعَزِيز,Al-'Azīz,Tier 1,6,mid-verse,mid-verse,Medinan,True,False,refrain_surah3_n5
3,آل عمران,4,1,اللَّه,Allāh,Tier 1,9,الْعَزِيز,Al-'Azīz,Tier 1,1,mid-verse,mid-verse,Medinan,True,False,refrain_surah3_n5
3,آل عمران,6,9,الْعَزِيز,Al-'Azīz,Tier 1,47,الْحَكِيم,Al-Ḥakīm,Tier 1,1,verse-final,verse-final,Medinan,True,False,refrain_surah3_n4
3,آل عمران,7,37,الْعَلِي,Al-'Alī,Tier 1,75,الْآخِر,Al-Ākhir,Tier 1,8,mid-verse,mid-verse,Medinan,False,False,refrain_surah3_n3
3,آل عمران,9,88,الْجَامِع,Al-Jāmi',Tier 1,1,اللَّه,Allāh,Tier 1,8,mid-verse,mid-verse,Medinan,False,False,
3,آل عمران,13,1,اللَّه,Allāh,Tier 1,75,الْآخِر,Al-Ākhir,Tier 1,1,mid-verse,mid-verse,Medinan,False,False,
3,آل عمران,13,75,الْآخِر,Al-Ākhir,Tier 1,1,اللَّه,Allāh,Tier 1,7,mid-verse,mid-verse,Medinan,False,False,
3,آل عمران,15,1,اللَّه,Allāh,Tier 1,28,الْبَصِير,Al-Baṣīr,Tier 1,3,mid-verse,verse-final,Medinan,False,False,refrain_surah3_n7
3,آل عمران,15,1,اللَّه,Allāh,Tier 1,28,الْبَصِير,Al-Baṣīr,Tier 1,1,mid-verse,verse-final,Medinan,False,False,refrain_surah3_n7
3,آل عمران,18,9,الْعَزِيز,Al-'Azīz,Tier 1,47,الْحَكِيم,Al-Ḥakīm,Tier 1,1,verse-final,verse-final,Medinan,True,False,refrain_surah3_n4
3,آل عمران,20,37,الْعَلِي,Al-'Alī,Tier 1,1,اللَّه,Allāh,Tier 1,3,mid-verse,mid-verse,Medinan,False,False,refrain_surah3_n48
3,آل عمران,20,37,الْعَلِي,Al-'Alī,Tier 1,28,الْبَصِير,Al-Baṣīr,Tier 1,4,mid-verse,verse-final,Medinan,False,False,
3,آل عمران,20,1,اللَّه,Allāh,Tier 1,28,الْبَصِير,Al-Baṣīr,Tier 1,1,mid-verse,verse-final,Medinan,False,False,refrain_surah3_n7
3,آل عمران,21,1,اللَّه,Allāh,Tier 1,52,الْحَق,Al-Ḥaqq,Tier 1,4,mid-verse,mid-verse,Medinan,False,False,refrain_surah3_n10
3,آل عمران,28,7,الْمُؤْمِن,Al-Mu'min,Tier 1,1,اللَّه,Allāh,Tier 1,7,mid-verse,mid-verse,Medinan,False,False,refrain_surah3_n12
3,آل عمران,28,1,اللَّه,Allāh,Tier 1,78,الْوَالِي,Al-Wālī,Tier 1,3,mid-verse,mid-verse,Medinan,False,False,refrain_surah3_n5
3,آل عمران,28,78,الْوَالِي,Al-Wālī,Tier 1,1,اللَّه,Allāh,Tier 1,1,mid-verse,verse-final,Medinan,False,False,refrain_surah3_n5
3,آل عمران,29,1,اللَّه,Allāh,Tier 1,37,الْعَلِي,Al-'Alī,Tier 1,1,mid-verse,mid-verse,Medinan,False,False,refrain_surah3_n48
3,آل عمران,30,1,اللَّه,Allāh,Tier 1,84,الرَّءُوف,Al-Ra'ūf,Tier 1,4,mid-verse,verse-final,Medinan,False,False,
3,آل عمران,30,1,اللَّه,Allāh,Tier 1,84,الرَّءُوف,Al-Ra'ūf,Tier 1,1,mid-verse,verse-final,Medinan,False,False,
3,آل عمران,31,1,اللَّه,Allāh,Tier 1,35,الْغَفُور,Al-Ghafūr,Tier 1,9,mid-verse,verse-final,Medinan,False,False,refrain_surah3_n7
3,آل عمران,31,1,اللَّه,Allāh,Tier 1,3,الرَّحِيمِ,Al-Raḥīm,Tier 1,10,mid-verse,verse-final,Medinan,False,False,refrain_surah3_n5
3,آل عمران,31,1,اللَّه,Allāh,Tier 1,35,الْغَفُور,Al-Ghafūr,Tier 1,6,mid-verse,verse-final,Medinan,False,False,refrain_surah3_n7
3,آل عمران,31,1,اللَّه,Allāh,Tier 1,3,الرَّحِيمِ,Al-Raḥīm,Tier 1,7,mid-verse,verse-final,Medinan,False,False,refrain_surah3_n5
3,آل عمران,31,1,اللَّه,Allāh,Tier 1,35,الْغَفُور,Al-Ghafūr,Tier 1,1,mid-verse,verse-final,Medinan,False,False,refrain_surah3_n7
3,آل عمران,31,1,اللَّه,Allāh,Tier 1,3,الرَّحِيمِ,Al-Raḥīm,Tier 1,2,mid-verse,verse-final,Medinan,False,False,refrain_surah3_n5
3,آل عمران,31,35,الْغَفُور,Al-Ghafūr,Tier 1,3,الرَّحِيمِ,Al-Raḥīm,Tier 1,1,verse-final,verse-final,Medinan,False,False,refrain_surah3_n3
3,آل عمران,33,1,اللَّه,Allāh,Tier 1,37,الْعَلِي,Al-'Alī,Tier 1,8,mid-verse,verse-final,Medinan,False,False,refrain_surah3_n48
3,آل عمران,34,1,اللَّه,Allāh,Tier 1,27,السَّمِيع,Al-Samī',Tier 1,1,mid-verse,verse-final,Medinan,False,False,
3,آل عمران,34,1,اللَّه,Allāh,Tier 1,20,الْعَلِيم,Al-'Alīm,Tier 1,2,mid-verse,verse-final,Medinan,False,False,refrain_surah3_n10
3,آل عمران,34,27,السَّمِيع,Al-Samī',Tier 1,20,الْعَلِيم,Al-'Alīm,Tier 1,1,verse-final,verse-final,Medinan,False,False,refrain_surah3_n3
3,آل عمران,35,27,السَّمِيع,Al-Samī',Tier 1,20,الْعَلِيم,Al-'Alīm,Tier 1,1,verse-final,verse-final,Medinan,False,False,refrain_surah3_n3
3,آل عمران,42,1,اللَّه,Allāh,Tier 1,37,الْعَلِي,Al-'Alī,Tier 1,4,mid-verse,mid-verse,Medinan,False,False,refrain_surah3_n48
3,آل عمران,50,37,الْعَلِي,Al-'Alī,Tier 1,1,اللَّه,Allāh,Tier 1,7,mid-verse,verse-final,Medinan,False,False,refrain_surah3_n48
3,آل عمران,55,1,اللَّه,Allāh,Tier 1,24,الرَّافِع,Al-Rāfi',Tier 1,4,mid-verse,mid-verse,Medinan,False,False,
3,آل عمران,58,37,الْعَلِي,Al-'Alī,Tier 1,47,الْحَكِيم,Al-Ḥakīm,Tier 1,4,mid-verse,verse-final,Medinan,False,False,
3,آل عمران,61,1,اللَّه,Allāh,Tier 1,37,الْعَلِي,Al-'Alī,Tier 1,1,mid-verse,verse-final,Medinan,False,False,refrain_surah3_n48
3,آل عمران,62,52,الْحَق,Al-Ḥaqq,Tier 1,1,اللَّه,Allāh,Tier 1,6,mid-verse,mid-verse,Medinan,False,False,refrain_surah3_n10
3,آل عمران,62,52,الْحَق,Al-Ḥaqq,Tier 1,1,اللَّه,Allāh,Tier 1,9,mid-verse,mid-verse,Medinan,False,False,refrain_surah3_n10
3,آل عمران,62,1,اللَّه,Allāh,Tier 1,9,الْعَزِيز,Al-'Azīz,Tier 1,5,mid-verse,verse-final,Medinan,True,False,refrain_surah3_n5
3,آل عمران,62,1,اللَّه,Allāh,Tier 1,47,الْحَكِيم,Al-Ḥakīm,Tier 1,6,mid-verse,verse-final,Medinan,False,False,refrain_surah3_n3
3,آل عمران,62,1,اللَّه,Allāh,Tier 1,9,الْعَزِيز,Al-'Azīz,Tier 1,2,mid-verse,verse-final,Medinan,True,False,refrain_surah3_n5
3,آل عمران,62,1,اللَّه,Allāh,Tier 1,47,الْحَكِيم,Al-Ḥakīm,Tier 1,3,mid-verse,verse-final,Medinan,False,False,refrain_surah3_n3
3,آل عمران,62,9,الْعَزِيز,Al-'Azīz,Tier 1,47,الْحَكِيم,Al-Ḥakīm,Tier 1,1,verse-final,verse-final,Medinan,True,False,refrain_surah3_n4
3,آل عمران,63,1,اللَّه,Allāh,Tier 1,20,الْعَلِيم,Al-'Alīm,Tier 1,1,mid-verse,verse-final,Medinan,False,False,refrain_surah3_n10
3,آل عمران,68,74,الْأَوَّل,Al-Awwal,Tier 1,1,اللَّه,Allāh,Tier 1,10,verse-opening,mid-verse,Medinan,False,False,
3,آل عمران,68,1,اللَّه,Allāh,Tier 1,56,الْوَلِي,Al-Walī,Tier 1,1,mid-verse,verse-final,Medinan,False,False,refrain_surah3_n3
3,آل عمران,68,1,اللَّه,Allāh,Tier 1,7,الْمُؤْمِن,Al-Mu'min,Tier 1,2,mid-verse,verse-final,Medinan,False,False,refrain_surah3_n12
3,آل عمران,68,56,الْوَلِي,Al-Walī,Tier 1,7,الْمُؤْمِن,Al-Mu'min,Tier 1,1,verse-final,verse-final,Medinan,False,False,
3,آل عمران,73,1,اللَّه,Allāh,Tier 1,68,الْأَحَد,Al-Aḥad,Tier 1,3,mid-verse,mid-verse,Medinan,False,False,
3,آل عمران,73,1,اللَّه,Allāh,Tier 1,20,الْعَلِيم,Al-'Alīm,Tier 1,7,mid-verse,verse-final,Medinan,False,False,refrain_surah3_n10
3,آل عمران,73,1,اللَّه,Allāh,Tier 1,20,الْعَلِيم,Al-'Alīm,Tier 1,2,mid-verse,verse-final,Medinan,False,False,refrain_surah3_n10
3,آل عمران,74,1,اللَّه,Allāh,Tier 1,34,الْعَظِيم,Al-'Aẓīm,Tier 1,3,mid-verse,verse-final,Medinan,False,False,refrain_surah3_n5
3,آل عمران,75,37,الْعَلِي,Al-'Alī,Tier 1,1,اللَّه,Allāh,Tier 1,6,mid-verse,mid-verse,Medinan,False,False,refrain_surah3_n48
3,آل عمران,75,37,الْعَلِي,Al-'Alī,Tier 1,1,اللَّه,Allāh,Tier 1,1,mid-verse,mid-verse,Medinan,False,False,refrain_surah3_n48
3,آل عمران,78,1,اللَّه,Allāh,Tier 1,37,الْعَلِي,Al-'Alī,Tier 1,7,mid-verse,mid-verse,Medinan,False,False,refrain_surah3_n48
3,آل عمران,78,1,اللَّه,Allāh,Tier 1,37,الْعَلِي,Al-'Alī,Tier 1,2,mid-verse,mid-verse,Medinan,False,False,refrain_surah3_n48
3,آل عمران,78,37,الْعَلِي,Al-'Alī,Tier 1,1,اللَّه,Allāh,Tier 1,1,mid-verse,mid-verse,Medinan,False,False,refrain_surah3_n48
3,آل عمران,83,1,اللَّه,Allāh,Tier 1,78,الْوَالِي,Al-Wālī,Tier 1,10,mid-verse,verse-final,Medinan,False,False,refrain_surah3_n5
3,آل عمران,84,1,اللَّه,Allāh,Tier 1,37,الْعَلِي,Al-'Alī,Tier 1,3,mid-verse,mid-verse,Medinan,False,False,refrain_surah3_n48
3,آل عمران,84,1,اللَّه,Allāh,Tier 1,37,الْعَلِي,Al-'Alī,Tier 1,6,mid-verse,mid-verse,Medinan,False,False,refrain_surah3_n48
3,آل عمران,86,1,اللَّه,Allāh,Tier 1,52,الْحَق,Al-Ḥaqq,Tier 1,8,mid-verse,mid-verse,Medinan,False,False,refrain_surah3_n10
3,آل عمران,86,52,الْحَق,Al-Ḥaqq,Tier 1,1,اللَّه,Allāh,Tier 1,4,mid-verse,mid-verse,Medinan,False,False,refrain_surah3_n10
3,آل عمران,87,37,الْعَلِي,Al-'Alī,Tier 1,1,اللَّه,Allāh,Tier 1,2,mid-verse,mid-verse,Medinan,False,False,refrain_surah3_n48
3,آل عمران,89,1,اللَّه,Allāh,Tier 1,35,الْغَفُور,Al-Ghafūr,Tier 1,1,mid-verse,verse-final,Medinan,False,False,refrain_surah3_n7
3,آل عمران,89,1,اللَّه,Allāh,Tier 1,3,الرَّحِيمِ,Al-Raḥīm,Tier 1,2,mid-verse,verse-final,Medinan,False,False,refrain_surah3_n5
3,آل عمران,89,35,الْغَفُور,Al-Ghafūr,Tier 1,3,الرَّحِيمِ,Al-Raḥīm,Tier 1,1,verse-final,verse-final,Medinan,False,False,refrain_surah3_n3
3,آل عمران,92,1,اللَّه,Allāh,Tier 1,20,الْعَلِيم,Al-'Alīm,Tier 1,2,mid-verse,verse-final,Medinan,False,False,refrain_surah3_n10
3,آل عمران,94,37,الْعَلِي,Al-'Alī,Tier 1,1,اللَّه,Allāh,Tier 1,1,mid-verse,mid-verse,Medinan,False,False,refrain_surah3_n48
3,آل عمران,97,1,اللَّه,Allāh,Tier 1,37,الْعَلِي,Al-'Alī,Tier 1,1,mid-verse,mid-verse,Medinan,False,False,refrain_surah3_n48
3,آل عمران,98,1,اللَّه,Allāh,Tier 1,51,الشَّهِيد,Al-Shahīd,Tier 1,2,mid-verse,mid-verse,Medinan,False,False,
3,آل عمران,98,1,اللَّه,Allāh,Tier 1,37,الْعَلِي,Al-'Alī,Tier 1,3,mid-verse,mid-verse,Medinan,False,False,refrain_surah3_n48
3,آل عمران,98,1,اللَّه,Allāh,Tier 1,51,الشَّهِيد,Al-Shahīd,Tier 1,1,mid-verse,mid-verse,Medinan,False,False,
3,آل عمران,98,1,اللَّه,Allāh,Tier 1,37,الْعَلِي,Al-'Alī,Tier 1,2,mid-verse,mid-verse,Medinan,False,False,refrain_surah3_n48
3,آل عمران,98,51,الشَّهِيد,Al-Shahīd,Tier 1,37,الْعَلِي,Al-'Alī,Tier 1,1,mid-verse,mid-verse,Medinan,False,False,
3,آل عمران,101,37,الْعَلِي,Al-'Alī,Tier 1,1,اللَّه,Allāh,Tier 1,2,mid-verse,mid-verse,Medinan,False,False,refrain_surah3_n48
3,آل عمران,101,37,الْعَلِي,Al-'Alī,Tier 1,1,اللَّه,Allāh,Tier 1,8,mid-verse,mid-verse,Medinan,False,False,refrain_surah3_n48
3,آل عمران,102,1,اللَّه,Allāh,Tier 1,52,الْحَق,Al-Ḥaqq,Tier 1,1,mid-verse,mid-verse,Medinan,False,False,refrain_surah3_n10
3,آل عمران,103,1,اللَّه,Allāh,Tier 1,37,الْعَلِي,Al-'Alī,Tier 1,8,mid-verse,mid-verse,Medinan,False,False,refrain_surah3_n48
3,آل عمران,103,1,اللَّه,Allāh,Tier 1,37,الْعَلِي,Al-'Alī,Tier 1,1,mid-verse,mid-verse,Medinan,False,False,refrain_surah3_n48
3,آل عمران,103,37,الْعَلِي,Al-'Alī,Tier 1,1,اللَّه,Allāh,Tier 1,10,mid-verse,mid-verse,Medinan,False,False,refrain_surah3_n48
3,آل عمران,108,1,اللَّه,Allāh,Tier 1,37,الْعَلِي,Al-'Alī,Tier 1,2,mid-verse,mid-verse,Medinan,False,False,refrain_surah3_n48
3,آل عمران,108,1,اللَّه,Allāh,Tier 1,52,الْحَق,Al-Ḥaqq,Tier 1,3,mid-verse,mid-verse,Medinan,False,False,refrain_surah3_n10
3,آل عمران,108,37,الْعَلِي,Al-'Alī,Tier 1,52,الْحَق,Al-Ḥaqq,Tier 1,1,mid-verse,mid-verse,Medinan,False,False,
3,آل عمران,108,37,الْعَلِي,Al-'Alī,Tier 1,1,اللَّه,Allāh,Tier 1,4,mid-verse,mid-verse,Medinan,False,False,refrain_surah3_n48
3,آل عمران,108,52,الْحَق,Al-Ḥaqq,Tier 1,1,اللَّه,Allāh,Tier 1,3,mid-verse,mid-verse,Medinan,False,False,refrain_surah3_n10
3,آل عمران,109,1,اللَّه,Allāh,Tier 1,78,الْوَالِي,Al-Wālī,Tier 1,8,verse-opening,mid-verse,Medinan,False,False,refrain_surah3_n5
3,آل عمران,109,78,الْوَالِي,Al-Wālī,Tier 1,1,اللَّه,Allāh,Tier 1,1,mid-verse,mid-verse,Medinan,False,False,refrain_surah3_n5
3,آل عمران,112,37,الْعَلِي,Al-'Alī,Tier 1,1,اللَّه,Allāh,Tier 1,8,verse-opening,mid-verse,Medinan,False,False,refrain_surah3_n48
3,آل عمران,112,1,اللَّه,Allāh,Tier 1,37,الْعَلِي,Al-'Alī,Tier 1,9,mid-verse,mid-verse,Medinan,False,False,refrain_surah3_n48
3,آل عمران,112,1,اللَّه,Allāh,Tier 1,37,الْعَلِي,Al-'Alī,Tier 1,2,mid-verse,mid-verse,Medinan,False,False,refrain_surah3_n48
3,آل عمران,112,37,الْعَلِي,Al-'Alī,Tier 1,1,اللَّه,Allāh,Tier 1,8,mid-verse,mid-verse,Medinan,False,False,refrain_surah3_n48
3,آل عمران,112,1,اللَّه,Allāh,Tier 1,52,الْحَق,Al-Ḥaqq,Tier 1,4,mid-verse,mid-verse,Medinan,False,False,refrain_surah3_n10
3,آل عمران,115,1,اللَّه,Allāh,Tier 1,20,الْعَلِيم,Al-'Alīm,Tier 1,1,mid-verse,verse-final,Medinan,False,False,refrain_surah3_n10
3,آل عمران,119,37,الْعَلِي,Al-'Alī,Tier 1,1,اللَّه,Allāh,Tier 1,10,mid-verse,mid-verse,Medinan,False,False,refrain_surah3_n48
3,آل عمران,119,1,اللَّه,Allāh,Tier 1,20,الْعَلِيم,Al-'Alīm,Tier 1,1,mid-verse,mid-verse,Medinan,False,False,refrain_surah3_n10
3,آل عمران,121,7,الْمُؤْمِن,Al-Mu'min,Tier 1,1,اللَّه,Allāh,Tier 1,4,mid-verse,mid-verse,Medinan,False,False,refrain_surah3_n12
3,آل عمران,121,7,الْمُؤْمِن,Al-Mu'min,Tier 1,27,السَّمِيع,Al-Samī',Tier 1,5,mid-verse,verse-final,Medinan,False,False,
3,آل عمران,121,7,الْمُؤْمِن,Al-Mu'min,Tier 1,20,الْعَلِيم,Al-'Alīm,Tier 1,6,mid-verse,verse-final,Medinan,False,False,
3,آل عمران,121,1,اللَّه,Allāh,Tier 1,27,السَّمِيع,Al-Samī',Tier 1,1,mid-verse,verse-final,Medinan,False,False,
3,آل عمران,121,1,اللَّه,Allāh,Tier 1,20,الْعَلِيم,Al-'Alīm,Tier 1,2,mid-verse,verse-final,Medinan,False,False,refrain_surah3_n10
3,آل عمران,121,27,السَّمِيع,Al-Samī',Tier 1,20,الْعَلِيم,Al-'Alīm,Tier 1,1,verse-final,verse-final,Medinan,False,False,refrain_surah3_n3
3,آل عمران,122,1,اللَّه,Allāh,Tier 1,56,الْوَلِي,Al-Walī,Tier 1,1,mid-verse,mid-verse,Medinan,False,False,refrain_surah3_n3
3,آل عمران,122,1,اللَّه,Allāh,Tier 1,7,الْمُؤْمِن,Al-Mu'min,Tier 1,6,mid-verse,verse-final,Medinan,False,False,refrain_surah3_n12
3,آل عمران,122,56,الْوَلِي,Al-Walī,Tier 1,1,اللَّه,Allāh,Tier 1,3,mid-verse,mid-verse,Medinan,False,False,refrain_surah3_n3
3,آل عمران,122,56,الْوَلِي,Al-Walī,Tier 1,7,الْمُؤْمِن,Al-Mu'min,Tier 1,5,mid-verse,verse-final,Medinan,False,False,
3,آل عمران,122,1,اللَّه,Allāh,Tier 1,7,الْمُؤْمِن,Al-Mu'min,Tier 1,2,mid-verse,verse-final,Medinan,False,False,refrain_surah3_n12
3,آل عمران,126,1,اللَّه,Allāh,Tier 1,9,الْعَزِيز,Al-'Azīz,Tier 1,1,mid-verse,verse-final,Medinan,True,False,refrain_surah3_n5
3,آل عمران,126,1,اللَّه,Allāh,Tier 1,47,الْحَكِيم,Al-Ḥakīm,Tier 1,2,mid-verse,verse-final,Medinan,False,False,refrain_surah3_n3
3,آل عمران,126,9,الْعَزِيز,Al-'Azīz,Tier 1,47,الْحَكِيم,Al-Ḥakīm,Tier 1,1,verse-final,verse-final,Medinan,True,False,refrain_surah3_n4
3,آل عمران,129,1,اللَّه,Allāh,Tier 1,35,الْغَفُور,Al-Ghafūr,Tier 1,1,mid-verse,verse-final,Medinan,False,False,refrain_surah3_n7
3,آل عمران,129,1,اللَّه,Allāh,Tier 1,3,الرَّحِيمِ,Al-Raḥīm,Tier 1,2,mid-verse,verse-final,Medinan,False,False,refrain_surah3_n5
3,آل عمران,129,35,الْغَفُور,Al-Ghafūr,Tier 1,3,الرَّحِيمِ,Al-Raḥīm,Tier 1,1,verse-final,verse-final,Medinan,False,False,refrain_surah3_n3
3,آل عمران,135,1,اللَّه,Allāh,Tier 1,37,الْعَلِي,Al-'Alī,Tier 1,10,mid-verse,mid-verse,Medinan,False,False,refrain_surah3_n48
3,آل عمران,135,1,اللَّه,Allāh,Tier 1,37,الْعَلِي,Al-'Alī,Tier 1,3,mid-verse,mid-verse,Medinan,False,False,refrain_surah3_n48
3,آل عمران,144,37,الْعَلِي,Al-'Alī,Tier 1,1,اللَّه,Allāh,Tier 1,9,mid-verse,mid-verse,Medinan,False,False,refrain_surah3_n48
3,آل عمران,144,37,الْعَلِي,Al-'Alī,Tier 1,1,اللَّه,Allāh,Tier 1,4,mid-verse,mid-verse,Medinan,False,False,refrain_surah3_n48
3,آل عمران,144,37,الْعَلِي,Al-'Alī,Tier 1,1,اللَّه,Allāh,Tier 1,8,mid-verse,verse-final,Medinan,False,False,refrain_surah3_n48
3,آل عمران,152,1,اللَّه,Allāh,Tier 1,37,الْعَلِي,Al-'Alī,Tier 1,3,mid-verse,verse-final,Medinan,False,False,refrain_surah3_n48
3,آل عمران,152,1,اللَّه,Allāh,Tier 1,7,الْمُؤْمِن,Al-Mu'min,Tier 1,4,mid-verse,verse-final,Medinan,False,False,refrain_surah3_n12
3,آل عمران,152,37,الْعَلِي,Al-'Alī,Tier 1,7,الْمُؤْمِن,Al-Mu'min,Tier 1,1,verse-final,verse-final,Medinan,False,False,refrain_surah3_n4
3,آل عمران,153,37,الْعَلِي,Al-'Alī,Tier 1,68,الْأَحَد,Al-Aḥad,Tier 1,1,mid-verse,mid-verse,Medinan,False,False,
3,آل عمران,153,37,الْعَلِي,Al-'Alī,Tier 1,75,الْآخِر,Al-Ākhir,Tier 1,5,mid-verse,mid-verse,Medinan,False,False,refrain_surah3_n3
3,آل عمران,153,68,الْأَحَد,Al-Aḥad,Tier 1,75,الْآخِر,Al-Ākhir,Tier 1,4,mid-verse,mid-verse,Medinan,False,False,
3,آل عمران,153,68,الْأَحَد,Al-Aḥad,Tier 1,37,الْعَلِي,Al-'Alī,Tier 1,10,mid-verse,mid-verse,Medinan,False,False,
3,آل عمران,153,75,الْآخِر,Al-Ākhir,Tier 1,37,الْعَلِي,Al-'Alī,Tier 1,6,mid-verse,mid-verse,Medinan,False,False,refrain_surah3_n3
3,آل عمران,153,37,الْعَلِي,Al-'Alī,Tier 1,1,اللَّه,Allāh,Tier 1,7,mid-verse,mid-verse,Medinan,False,False,refrain_surah3_n48
3,آل عمران,153,37,الْعَلِي,Al-'Alī,Tier 1,32,الْخَبِير,Al-Khabīr,Tier 1,8,mid-verse,mid-verse,Medinan,False,False,
3,آل عمران,153,1,اللَّه,Allāh,Tier 1,32,الْخَبِير,Al-Khabīr,Tier 1,1,mid-verse,mid-verse,Medinan,False,False,refrain_surah3_n3
3,آل عمران,154,1,اللَّه,Allāh,Tier 1,52,الْحَق,Al-Ḥaqq,Tier 1,2,mid-verse,mid-verse,Medinan,False,False,refrain_surah3_n10
3,آل عمران,154,37,الْعَلِي,Al-'Alī,Tier 1,1,اللَّه,Allāh,Tier 1,6,mid-verse,mid-verse,Medinan,False,False,refrain_surah3_n48
3,آل عمران,154,1,اللَّه,Allāh,Tier 1,20,الْعَلِيم,Al-'Alīm,Tier 1,10,mid-verse,mid-verse,Medinan,False,False,refrain_surah3_n10
3,آل عمران,154,1,اللَّه,Allāh,Tier 1,20,الْعَلِيم,Al-'Alīm,Tier 1,1,mid-verse,mid-verse,Medinan,False,False,refrain_surah3_n10
3,آل عمران,155,1,اللَّه,Allāh,Tier 1,35,الْغَفُور,Al-Ghafūr,Tier 1,5,mid-verse,verse-final,Medinan,False,False,refrain_surah3_n7
3,آل عمران,155,1,اللَّه,Allāh,Tier 1,33,الْحَلِيم,Al-Ḥalīm,Tier 1,6,mid-verse,verse-final,Medinan,False,False,
3,آل عمران,155,1,اللَّه,Allāh,Tier 1,35,الْغَفُور,Al-Ghafūr,Tier 1,1,mid-verse,verse-final,Medinan,False,False,refrain_surah3_n7
3,آل عمران,155,1,اللَّه,Allāh,Tier 1,33,الْحَلِيم,Al-Ḥalīm,Tier 1,2,mid-verse,verse-final,Medinan,False,False,
3,آل عمران,155,35,الْغَفُور,Al-Ghafūr,Tier 1,33,الْحَلِيم,Al-Ḥalīm,Tier 1,1,verse-final,verse-final,Medinan,False,False,
3,آل عمران,156,1,اللَّه,Allāh,Tier 1,28,الْبَصِير,Al-Baṣīr,Tier 1,7,mid-verse,verse-final,Medinan,False,False,refrain_surah3_n7
3,آل عمران,156,1,اللَّه,Allāh,Tier 1,28,الْبَصِير,Al-Baṣīr,Tier 1,3,mid-verse,verse-final,Medinan,False,False,refrain_surah3_n7
3,آل عمران,159,37,الْعَلِي,Al-'Alī,Tier 1,1,اللَّه,Allāh,Tier 1,1,mid-verse,mid-verse,Medinan,False,False,refrain_surah3_n48
3,آل عمران,159,37,الْعَلِي,Al-'Alī,Tier 1,1,اللَّه,Allāh,Tier 1,4,mid-verse,mid-verse,Medinan,False,False,refrain_surah3_n48
3,آل عمران,160,1,اللَّه,Allāh,Tier 1,7,الْمُؤْمِن,Al-Mu'min,Tier 1,2,mid-verse,verse-final,Medinan,False,False,refrain_surah3_n12
3,آل عمران,163,1,اللَّه,Allāh,Tier 1,28,الْبَصِير,Al-Baṣīr,Tier 1,3,mid-verse,mid-verse,Medinan,False,False,refrain_surah3_n7
3,آل عمران,163,1,اللَّه,Allāh,Tier 1,28,الْبَصِير,Al-Baṣīr,Tier 1,1,mid-verse,mid-verse,Medinan,False,False,refrain_surah3_n7
3,آل عمران,164,1,اللَّه,Allāh,Tier 1,37,الْعَلِي,Al-'Alī,Tier 1,1,mid-verse,mid-verse,Medinan,False,False,refrain_surah3_n48
3,آل عمران,164,1,اللَّه,Allāh,Tier 1,7,الْمُؤْمِن,Al-Mu'min,Tier 1,2,mid-verse,mid-verse,Medinan,False,False,refrain_surah3_n12
3,آل عمران,164,1,اللَّه,Allāh,Tier 1,37,الْعَلِي,Al-'Alī,Tier 1,10,mid-verse,mid-verse,Medinan,False,False,refrain_surah3_n48
3,آل عمران,164,37,الْعَلِي,Al-'Alī,Tier 1,7,الْمُؤْمِن,Al-Mu'min,Tier 1,1,mid-verse,mid-verse,Medinan,False,False,refrain_surah3_n4
3,آل عمران,164,7,الْمُؤْمِن,Al-Mu'min,Tier 1,37,الْعَلِي,Al-'Alī,Tier 1,8,mid-verse,mid-verse,Medinan,False,False,refrain_surah3_n4
3,آل عمران,165,1,اللَّه,Allāh,Tier 1,37,الْعَلِي,Al-'Alī,Tier 1,1,mid-verse,mid-verse,Medinan,False,False,refrain_surah3_n48
3,آل عمران,166,1,اللَّه,Allāh,Tier 1,7,الْمُؤْمِن,Al-Mu'min,Tier 1,2,mid-verse,verse-final,Medinan,False,False,refrain_surah3_n12
3,آل عمران,171,1,اللَّه,Allāh,Tier 1,7,الْمُؤْمِن,Al-Mu'min,Tier 1,7,mid-verse,verse-final,Medinan,False,False,refrain_surah3_n12
3,آل عمران,171,1,اللَّه,Allāh,Tier 1,7,الْمُؤْمِن,Al-Mu'min,Tier 1,4,mid-verse,verse-final,Medinan,False,False,refrain_surah3_n12
3,آل عمران,173,1,اللَّه,Allāh,Tier 1,53,الْوَكِيل,Al-Wakīl,Tier 1,2,mid-verse,verse-final,Medinan,False,False,
3,آل عمران,174,1,اللَّه,Allāh,Tier 1,34,الْعَظِيم,Al-'Aẓīm,Tier 1,5,mid-verse,verse-final,Medinan,False,False,refrain_surah3_n5
3,آل عمران,174,1,اللَّه,Allāh,Tier 1,34,الْعَظِيم,Al-'Aẓīm,Tier 1,3,mid-verse,verse-final,Medinan,False,False,refrain_surah3_n5
3,آل عمران,176,1,اللَّه,Allāh,Tier 1,34,الْعَظِيم,Al-'Aẓīm,Tier 1,10,mid-verse,verse-final,Medinan,False,False,refrain_surah3_n5
3,آل عمران,179,1,اللَّه,Allāh,Tier 1,7,الْمُؤْمِن,Al-Mu'min,Tier 1,2,mid-verse,mid-verse,Medinan,False,False,refrain_surah3_n12
3,آل عمران,179,1,اللَّه,Allāh,Tier 1,37,الْعَلِي,Al-'Alī,Tier 1,3,mid-verse,mid-verse,Medinan,False,False,refrain_surah3_n48
3,آل عمران,179,7,الْمُؤْمِن,Al-Mu'min,Tier 1,37,الْعَلِي,Al-'Alī,Tier 1,1,mid-verse,mid-verse,Medinan,False,False,refrain_surah3_n4
3,آل عمران,179,1,اللَّه,Allāh,Tier 1,37,الْعَلِي,Al-'Alī,Tier 1,2,mid-verse,mid-verse,Medinan,False,False,refrain_surah3_n48
3,آل عمران,179,37,الْعَلِي,Al-'Alī,Tier 1,1,اللَّه,Allāh,Tier 1,3,mid-verse,mid-verse,Medinan,False,False,refrain_surah3_n48
3,آل عمران,179,1,اللَّه,Allāh,Tier 1,34,الْعَظِيم,Al-'Aẓīm,Tier 1,8,mid-verse,verse-final,Medinan,False,False,refrain_surah3_n5
3,آل عمران,180,1,اللَّه,Allāh,Tier 1,32,الْخَبِير,Al-Khabīr,Tier 1,8,mid-verse,verse-final,Medinan,False,False,refrain_surah3_n3
3,آل عمران,180,1,اللَّه,Allāh,Tier 1,32,الْخَبِير,Al-Khabīr,Tier 1,3,mid-verse,verse-final,Medinan,False,False,refrain_surah3_n3
3,آل عمران,189,1,اللَّه,Allāh,Tier 1,37,الْعَلِي,Al-'Alī,Tier 1,6,verse-opening,mid-verse,Medinan,False,False,refrain_surah3_n48
3,آل عمران,189,1,اللَّه,Allāh,Tier 1,37,الْعَلِي,Al-'Alī,Tier 1,1,mid-verse,mid-verse,Medinan,False,False,refrain_surah3_n48
4,النساء,1,1,اللَّه,Allāh,Tier 1,37,الْعَلِي,Al-'Alī,Tier 1,9,mid-verse,verse-final,Medinan,False,False,refrain_surah4_n71
4,النساء,1,1,اللَّه,Allāh,Tier 1,37,الْعَلِي,Al-'Alī,Tier 1,2,mid-verse,verse-final,Medinan,False,False,refrain_surah4_n71
4,النساء,6,37,الْعَلِي,Al-'Alī,Tier 1,1,اللَّه,Allāh,Tier 1,3,mid-verse,verse-final,Medinan,False,False,refrain_surah4_n71
4,النساء,9,37,الْعَلِي,Al-'Alī,Tier 1,1,اللَّه,Allāh,Tier 1,2,mid-verse,mid-verse,Medinan,False,False,refrain_surah4_n71
4,النساء,11,1,اللَّه,Allāh,Tier 1,20,الْعَلِيم,Al-'Alīm,Tier 1,5,mid-verse,verse-final,Medinan,False,False,refrain_surah4_n22
4,النساء,11,1,اللَّه,Allāh,Tier 1,20,الْعَلِيم,Al-'Alīm,Tier 1,2,mid-verse,verse-final,Medinan,False,False,refrain_surah4_n22
4,النساء,12,1,اللَّه,Allāh,Tier 1,20,الْعَلِيم,Al-'Alīm,Tier 1,3,mid-verse,verse-final,Medinan,False,False,refrain_surah4_n22
4,النساء,12,1,اللَّه,Allāh,Tier 1,33,الْحَلِيم,Al-Ḥalīm,Tier 1,4,mid-verse,verse-final,Medinan,False,False,
4,النساء,12,1,اللَّه,Allāh,Tier 1,20,الْعَلِيم,Al-'Alīm,Tier 1,1,mid-verse,verse-final,Medinan,False,False,refrain_surah4_n22
4,النساء,12,1,اللَّه,Allāh,Tier 1,33,الْحَلِيم,Al-Ḥalīm,Tier 1,2,mid-verse,verse-final,Medinan,False,False,
4,النساء,12,20,الْعَلِيم,Al-'Alīm,Tier 1,33,الْحَلِيم,Al-Ḥalīm,Tier 1,1,verse-final,verse-final,Medinan,False,False,
4,النساء,16,1,اللَّه,Allāh,Tier 1,3,الرَّحِيمِ,Al-Raḥīm,Tier 1,3,mid-verse,verse-final,Medinan,False,False,refrain_surah4_n3
4,النساء,17,37,الْعَلِي,Al-'Alī,Tier 1,1,اللَّه,Allāh,Tier 1,1,mid-verse,mid-verse,Medinan,False,False,refrain_surah4_n71
4,النساء,17,1,اللَّه,Allāh,Tier 1,37,الْعَلِي,Al-'Alī,Tier 1,1,mid-verse,mid-verse,Medinan,False,False,refrain_surah4_n71
4,النساء,17,1,اللَّه,Allāh,Tier 1,20,الْعَلِيم,Al-'Alīm,Tier 1,5,mid-verse,verse-final,Medinan,False,False,refrain_surah4_n22
4,النساء,17,37,الْعَلِي,Al-'Alī,Tier 1,1,اللَّه,Allāh,Tier 1,3,mid-verse,mid-verse,Medinan,False,False,refrain_surah4_n71
4,النساء,17,37,الْعَلِي,Al-'Alī,Tier 1,20,الْعَلِيم,Al-'Alīm,Tier 1,4,mid-verse,verse-final,Medinan,False,False,refrain_surah4_n3
4,النساء,17,1,اللَّه,Allāh,Tier 1,20,الْعَلِيم,Al-'Alīm,Tier 1,1,mid-verse,verse-final,Medinan,False,False,refrain_surah4_n22
4,النساء,24,4,الْمَلِك,Al-Malik,Tier 1,1,اللَّه,Allāh,Tier 1,4,mid-verse,mid-verse,Medinan,False,False,refrain_surah4_n3
4,النساء,24,4,الْمَلِك,Al-Malik,Tier 1,37,الْعَلِي,Al-'Alī,Tier 1,5,mid-verse,mid-verse,Medinan,False,False,
4,النساء,24,1,اللَّه,Allāh,Tier 1,37,الْعَلِي,Al-'Alī,Tier 1,1,mid-verse,mid-verse,Medinan,False,False,refrain_surah4_n71
4,النساء,24,37,الْعَلِي,Al-'Alī,Tier 1,1,اللَّه,Allāh,Tier 1,9,mid-verse,mid-verse,Medinan,False,False,refrain_surah4_n71
4,النساء,24,1,اللَّه,Allāh,Tier 1,20,الْعَلِيم,Al-'Alīm,Tier 1,2,mid-verse,verse-final,Medinan,False,False,refrain_surah4_n22
4,النساء,25,4,الْمَلِك,Al-Malik,Tier 1,1,اللَّه,Allāh,Tier 1,6,mid-verse,mid-verse,Medinan,False,False,refrain_surah4_n3
4,النساء,25,1,اللَّه,Allāh,Tier 1,35,الْغَفُور,Al-Ghafūr,Tier 1,1,mid-verse,verse-final,Medinan,False,False,
4,النساء,25,1,اللَّه,Allāh,Tier 1,3,الرَّحِيمِ,Al-Raḥīm,Tier 1,2,mid-verse,verse-final,Medinan,False,False,refrain_surah4_n3
4,النساء,25,35,الْغَفُور,Al-Ghafūr,Tier 1,3,الرَّحِيمِ,Al-Raḥīm,Tier 1,1,verse-final,verse-final,Medinan,False,False,
4,النساء,26,1,اللَّه,Allāh,Tier 1,37,الْعَلِي,Al-'Alī,Tier 1,9,verse-opening,mid-verse,Medinan,False,False,refrain_surah4_n71
4,النساء,26,37,الْعَلِي,Al-'Alī,Tier 1,1,اللَّه,Allāh,Tier 1,2,mid-verse,mid-verse,Medinan,False,False,refrain_surah4_n71
4,النساء,26,37,الْعَلِي,Al-'Alī,Tier 1,20,الْعَلِيم,Al-'Alīm,Tier 1,3,mid-verse,verse-final,Medinan,False,False,refrain_surah4_n3
4,النساء,26,37,الْعَلِي,Al-'Alī,Tier 1,47,الْحَكِيم,Al-Ḥakīm,Tier 1,4,mid-verse,verse-final,Medinan,False,False,
4,النساء,26,1,اللَّه,Allāh,Tier 1,20,الْعَلِيم,Al-'Alīm,Tier 1,1,mid-verse,verse-final,Medinan,False,False,refrain_surah4_n22
4,النساء,26,1,اللَّه,Allāh,Tier 1,47,الْحَكِيم,Al-Ḥakīm,Tier 1,2,mid-verse,verse-final,Medinan,False,False,refrain_surah4_n3
4,النساء,26,20,الْعَلِيم,Al-'Alīm,Tier 1,47,الْحَكِيم,Al-Ḥakīm,Tier 1,1,verse-final,verse-final,Medinan,False,False,
4,النساء,27,1,اللَّه,Allāh,Tier 1,37,الْعَلِي,Al-'Alī,Tier 1,4,verse-opening,mid-verse,Medinan,False,False,refrain_surah4_n71
4,النساء,30,37,الْعَلِي,Al-'Alī,Tier 1,1,اللَّه,Allāh,Tier 1,1,mid-verse,verse-final,Medinan,False,False,refrain_surah4_n71
4,النساء,32,1,اللَّه,Allāh,Tier 1,37,الْعَلِي,Al-'Alī,Tier 1,3,mid-verse,mid-verse,Medinan,False,False,refrain_surah4_n71
4,النساء,33,1,اللَّه,Allāh,Tier 1,37,الْعَلِي,Al-'Alī,Tier 1,2,mid-verse,mid-verse,Medinan,False,False,refrain_surah4_n71
4,النساء,33,1,اللَّه,Allāh,Tier 1,51,الشَّهِيد,Al-Shahīd,Tier 1,5,mid-verse,verse-final,Medinan,False,False,
4,النساء,33,37,الْعَلِي,Al-'Alī,Tier 1,51,الشَّهِيد,Al-Shahīd,Tier 1,3,mid-verse,verse-final,Medinan,False,False,
4,النساء,34,37,الْعَلِي,Al-'Alī,Tier 1,1,اللَّه,Allāh,Tier 1,4,mid-verse,mid-verse,Medinan,False,False,refrain_surah4_n71
4,النساء,34,1,اللَّه,Allāh,Tier 1,37,الْعَلِي,Al-'Alī,Tier 1,2,mid-verse,mid-verse,Medinan,False,False,refrain_surah4_n71
4,النساء,34,37,الْعَلِي,Al-'Alī,Tier 1,1,اللَّه,Allāh,Tier 1,4,mid-verse,mid-verse,Medinan,False,False,refrain_surah4_n71
4,النساء,35,1,اللَّه,Allāh,Tier 1,20,الْعَلِيم,Al-'Alīm,Tier 1,6,mid-verse,verse-final,Medinan,False,False,refrain_surah4_n22
4,النساء,35,1,اللَّه,Allāh,Tier 1,20,الْعَلِيم,Al-'Alīm,Tier 1,2,mid-verse,verse-final,Medinan,False,False,refrain_surah4_n22
4,النساء,36,4,الْمَلِك,Al-Malik,Tier 1,1,اللَّه,Allāh,Tier 1,4,mid-verse,mid-verse,Medinan,False,False,refrain_surah4_n3
4,النساء,39,37,الْعَلِي,Al-'Alī,Tier 1,1,اللَّه,Allāh,Tier 1,3,verse-opening,mid-verse,Medinan,False,False,refrain_surah4_n71
4,النساء,39,37,الْعَلِي,Al-'Alī,Tier 1,1,اللَّه,Allāh,Tier 1,9,verse-opening,mid-verse,Medinan,False,False,refrain_surah4_n71
4,النساء,39,1,اللَّه,Allāh,Tier 1,20,الْعَلِيم,Al-'Alīm,Tier 1,5,mid-verse,verse-final,Medinan,False,False,refrain_surah4_n22
4,النساء,39,1,اللَّه,Allāh,Tier 1,20,الْعَلِيم,Al-'Alīm,Tier 1,2,mid-verse,verse-final,Medinan,False,False,refrain_surah4_n22
4,النساء,43,37,الْعَلِي,Al-'Alī,Tier 1,68,الْأَحَد,Al-Aḥad,Tier 1,4,mid-verse,mid-verse,Medinan,False,False,
4,النساء,43,1,اللَّه,Allāh,Tier 1,35,الْغَفُور,Al-Ghafūr,Tier 1,3,mid-verse,verse-final,Medinan,False,False,
4,النساء,48,1,اللَّه,Allāh,Tier 1,34,الْعَظِيم,Al-'Aẓīm,Tier 1,4,mid-verse,verse-final,Medinan,False,False,
4,النساء,50,37,الْعَلِي,Al-'Alī,Tier 1,1,اللَّه,Allāh,Tier 1,1,mid-verse,mid-verse,Medinan,False,False,refrain_surah4_n71
4,النساء,54,37,الْعَلِي,Al-'Alī,Tier 1,1,اللَّه,Allāh,Tier 1,3,mid-verse,mid-verse,Medinan,False,False,refrain_surah4_n71
4,النساء,56,1,اللَّه,Allāh,Tier 1,9,الْعَزِيز,Al-'Azīz,Tier 1,2,mid-verse,verse-final,Medinan,True,False,refrain_surah4_n5
4,النساء,58,1,اللَّه,Allāh,Tier 1,29,الْحَكَم,Al-Ḥakam,Tier 1,8,mid-verse,mid-verse,Medinan,False,False,
4,النساء,58,29,الْحَكَم,Al-Ḥakam,Tier 1,30,الْعَدْل,Al-'Adl,Tier 1,5,mid-verse,mid-verse,Medinan,False,False,
4,النساء,58,29,الْحَكَم,Al-Ḥakam,Tier 1,1,اللَّه,Allāh,Tier 1,8,mid-verse,mid-verse,Medinan,False,False,
4,النساء,58,30,الْعَدْل,Al-'Adl,Tier 1,1,اللَّه,Allāh,Tier 1,3,mid-verse,mid-verse,Medinan,False,False,
4,النساء,58,30,الْعَدْل,Al-'Adl,Tier 1,1,اللَّه,Allāh,Tier 1,9,mid-verse,mid-verse,Medinan,False,False,
4,النساء,61,1,اللَّه,Allāh,Tier 1,78,الْوَالِي,Al-Wālī,Tier 1,1,mid-verse,mid-verse,Medinan,False,False,
4,النساء,69,1,اللَّه,Allāh,Tier 1,37,الْعَلِي,Al-'Alī,Tier 1,7,mid-verse,mid-verse,Medinan,False,False,refrain_surah4_n71
4,النساء,69,1,اللَّه,Allāh,Tier 1,37,الْعَلِي,Al-'Alī,Tier 1,1,mid-verse,mid-verse,Medinan,False,False,refrain_surah4_n71
4,النساء,72,1,اللَّه,Allāh,Tier 1,37,الْعَلِي,Al-'Alī,Tier 1,1,mid-verse,mid-verse,Medinan,False,False,refrain_surah4_n71
4,النساء,77,37,الْعَلِي,Al-'Alī,Tier 1,1,اللَّه,Allāh,Tier 1,8,mid-verse,mid-verse,Medinan,False,False,refrain_surah4_n71
4,النساء,77,1,اللَّه,Allāh,Tier 1,37,الْعَلِي,Al-'Alī,Tier 1,9,mid-verse,mid-verse,Medinan,False,False,refrain_surah4_n71
4,النساء,80,1,اللَّه,Allāh,Tier 1,37,الْعَلِي,Al-'Alī,Tier 1,6,mid-verse,verse-final,Medinan,False,False,refrain_surah4_n71
4,النساء,81,1,اللَّه,Allāh,Tier 1,37,الْعَلِي,Al-'Alī,Tier 1,8,mid-verse,mid-verse,Medinan,False,False,refrain_surah4_n71
4,النساء,81,37,الْعَلِي,Al-'Alī,Tier 1,1,اللَّه,Allāh,Tier 1,1,mid-verse,mid-verse,Medinan,False,False,refrain_surah4_n71
4,النساء,81,37,الْعَلِي,Al-'Alī,Tier 1,1,اللَّه,Allāh,Tier 1,4,mid-verse,verse-final,Medinan,False,False,refrain_surah4_n71
4,النساء,81,37,الْعَلِي,Al-'Alī,Tier 1,53,الْوَكِيل,Al-Wakīl,Tier 1,5,mid-verse,verse-final,Medinan,False,False,
4,النساء,81,1,اللَّه,Allāh,Tier 1,53,الْوَكِيل,Al-Wakīl,Tier 1,4,mid-verse,verse-final,Medinan,False,False,refrain_surah4_n4
4,النساء,81,1,اللَّه,Allāh,Tier 1,53,الْوَكِيل,Al-Wakīl,Tier 1,1,verse-final,verse-final,Medinan,False,False,refrain_surah4_n4
4,النساء,83,1,اللَّه,Allāh,Tier 1,37,الْعَلِي,Al-'Alī,Tier 1,1,mid-verse,mid-verse,Medinan,False,False,refrain_surah4_n71
4,النساء,84,1,اللَّه,Allāh,Tier 1,7,الْمُؤْمِن,Al-Mu'min,Tier 1,7,mid-verse,mid-verse,Medinan,False,False,refrain_surah4_n15
4,النساء,84,7,الْمُؤْمِن,Al-Mu'min,Tier 1,1,اللَّه,Allāh,Tier 1,3,mid-verse,mid-verse,Medinan,False,False,refrain_surah4_n15
4,النساء,84,7,الْمُؤْمِن,Al-Mu'min,Tier 1,1,اللَّه,Allāh,Tier 1,10,mid-verse,mid-verse,Medinan,False,False,refrain_surah4_n15
4,النساء,85,1,اللَّه,Allāh,Tier 1,37,الْعَلِي,Al-'Alī,Tier 1,1,mid-verse,mid-verse,Medinan,False,False,refrain_surah4_n71
4,النساء,86,1,اللَّه,Allāh,Tier 1,37,الْعَلِي,Al-'Alī,Tier 1,2,mid-verse,mid-verse,Medinan,False,False,refrain_surah4_n71
4,النساء,86,1,اللَّه,Allāh,Tier 1,41,الْحَسِيب,Al-Ḥasīb,Tier 1,5,mid-verse,verse-final,Medinan,False,False,
4,النساء,86,37,الْعَلِي,Al-'Alī,Tier 1,41,الْحَسِيب,Al-Ḥasīb,Tier 1,3,mid-verse,verse-final,Medinan,False,False,
4,النساء,90,1,اللَّه,Allāh,Tier 1,37,الْعَلِي,Al-'Alī,Tier 1,2,mid-verse,mid-verse,Medinan,False,False,refrain_surah4_n71
4,النساء,90,1,اللَّه,Allāh,Tier 1,37,الْعَلِي,Al-'Alī,Tier 1,2,mid-verse,verse-final,Medinan,False,False,refrain_surah4_n71
4,النساء,92,1,اللَّه,Allāh,Tier 1,20,الْعَلِيم,Al-'Alīm,Tier 1,4,mid-verse,verse-final,Medinan,False,False,refrain_surah4_n22
4,النساء,92,1,اللَّه,Allāh,Tier 1,20,الْعَلِيم,Al-'Alīm,Tier 1,1,mid-verse,verse-final,Medinan,False,False,refrain_surah4_n22
4,النساء,94,1,اللَّه,Allāh,Tier 1,37,الْعَلِي,Al-'Alī,Tier 1,10,mid-verse,mid-verse,Medinan,False,False,refrain_surah4_n71
4,النساء,94,1,اللَّه,Allāh,Tier 1,37,الْعَلِي,Al-'Alī,Tier 1,1,mid-verse,mid-verse,Medinan,False,False,refrain_surah4_n71
4,النساء,94,37,الْعَلِي,Al-'Alī,Tier 1,1,اللَّه,Allāh,Tier 1,4,mid-verse,mid-verse,Medinan,False,False,refrain_surah4_n71
4,النساء,95,7,الْمُؤْمِن,Al-Mu'min,Tier 1,1,اللَّه,Allāh,Tier 1,7,mid-verse,mid-verse,Medinan,False,False,refrain_surah4_n15
4,النساء,95,1,اللَّه,Allāh,Tier 1,37,الْعَلِي,Al-'Alī,Tier 1,9,mid-verse,mid-verse,Medinan,False,False,refrain_surah4_n71
4,النساء,95,1,اللَّه,Allāh,Tier 1,37,الْعَلِي,Al-'Alī,Tier 1,4,mid-verse,mid-verse,Medinan,False,False,refrain_surah4_n71
4,النساء,95,37,الْعَلِي,Al-'Alī,Tier 1,1,اللَّه,Allāh,Tier 1,6,mid-verse,mid-verse,Medinan,False,False,refrain_surah4_n71
4,النساء,95,37,الْعَلِي,Al-'Alī,Tier 1,1,اللَّه,Allāh,Tier 1,10,mid-verse,mid-verse,Medinan,False,False,refrain_surah4_n71
4,النساء,95,1,اللَّه,Allāh,Tier 1,37,الْعَلِي,Al-'Alī,Tier 1,6,mid-verse,mid-verse,Medinan,False,False,refrain_surah4_n71
4,النساء,95,1,اللَّه,Allāh,Tier 1,37,الْعَلِي,Al-'Alī,Tier 1,2,mid-verse,mid-verse,Medinan,False,False,refrain_surah4_n71
4,النساء,96,1,اللَّه,Allāh,Tier 1,3,الرَّحِيمِ,Al-Raḥīm,Tier 1,2,mid-verse,verse-final,Medinan,False,False,refrain_surah4_n3
4,النساء,100,1,اللَّه,Allāh,Tier 1,37,الْعَلِي,Al-'Alī,Tier 1,8,mid-verse,mid-verse,Medinan,False,False,refrain_surah4_n71
4,النساء,100,37,الْعَلِي,Al-'Alī,Tier 1,1,اللَّه,Allāh,Tier 1,1,mid-verse,mid-verse,Medinan,False,False,refrain_surah4_n71
4,النساء,100,37,الْعَلِي,Al-'Alī,Tier 1,1,اللَّه,Allāh,Tier 1,4,mid-verse,mid-verse,Medinan,False,False,refrain_surah4_n71
4,النساء,103,37,الْعَلِي,Al-'Alī,Tier 1,7,الْمُؤْمِن,Al-Mu'min,Tier 1,1,mid-verse,mid-verse,Medinan,False,False,refrain_surah4_n4
4,النساء,104,1,اللَّه,Allāh,Tier 1,20,الْعَلِيم,Al-'Alīm,Tier 1,7,mid-verse,verse-final,Medinan,False,False,refrain_surah4_n22
4,النساء,104,1,اللَّه,Allāh,Tier 1,47,الْحَكِيم,Al-Ḥakīm,Tier 1,8,mid-verse,verse-final,Medinan,False,False,refrain_surah4_n3
4,النساء,104,1,اللَّه,Allāh,Tier 1,20,الْعَلِيم,Al-'Alīm,Tier 1,1,mid-verse,verse-final,Medinan,False,False,refrain_surah4_n22
4,النساء,104,1,اللَّه,Allāh,Tier 1,47,الْحَكِيم,Al-Ḥakīm,Tier 1,2,mid-verse,verse-final,Medinan,False,False,refrain_surah4_n3
4,النساء,104,20,الْعَلِيم,Al-'Alīm,Tier 1,47,الْحَكِيم,Al-Ḥakīm,Tier 1,1,verse-final,verse-final,Medinan,False,False,
4,النساء,105,52,الْحَق,Al-Ḥaqq,Tier 1,1,اللَّه,Allāh,Tier 1,6,mid-verse,mid-verse,Medinan,False,False,refrain_surah4_n6
4,النساء,109,1,اللَّه,Allāh,Tier 1,37,الْعَلِي,Al-'Alī,Tier 1,7,mid-verse,verse-final,Medinan,False,False,refrain_surah4_n71
4,النساء,111,37,الْعَلِي,Al-'Alī,Tier 1,1,اللَّه,Allāh,Tier 1,4,mid-verse,mid-verse,Medinan,False,False,refrain_surah4_n71
4,النساء,111,37,الْعَلِي,Al-'Alī,Tier 1,20,الْعَلِيم,Al-'Alīm,Tier 1,5,mid-verse,verse-final,Medinan,False,False,refrain_surah4_n3
4,النساء,111,1,اللَّه,Allāh,Tier 1,20,الْعَلِيم,Al-'Alīm,Tier 1,1,mid-verse,verse-final,Medinan,False,False,refrain_surah4_n22
4,النساء,113,1,اللَّه,Allāh,Tier 1,37,الْعَلِي,Al-'Alī,Tier 1,1,mid-verse,mid-verse,Medinan,False,False,refrain_surah4_n71
4,النساء,113,1,اللَّه,Allāh,Tier 1,37,الْعَلِي,Al-'Alī,Tier 1,1,mid-verse,mid-verse,Medinan,False,False,refrain_surah4_n71
4,النساء,113,1,اللَّه,Allāh,Tier 1,37,الْعَلِي,Al-'Alī,Tier 1,1,mid-verse,verse-final,Medinan,False,False,refrain_surah4_n71
4,النساء,127,1,اللَّه,Allāh,Tier 1,37,الْعَلِي,Al-'Alī,Tier 1,5,mid-verse,mid-verse,Medinan,False,False,refrain_surah4_n71
4,النساء,130,89,الْغَنِي,Al-Ghanī,Tier 1,1,اللَّه,Allāh,Tier 1,1,mid-verse,mid-verse,Medinan,False,False,refrain_surah4_n6
4,النساء,130,89,الْغَنِي,Al-Ghanī,Tier 1,1,اللَّه,Allāh,Tier 1,7,mid-verse,mid-verse,Medinan,False,False,refrain_surah4_n6
4,النساء,131,1,اللَّه,Allāh,Tier 1,89,الْغَنِي,Al-Ghanī,Tier 1,10,mid-verse,verse-final,Medinan,False,False,refrain_surah4_n6
4,النساء,131,1,اللَّه,Allāh,Tier 1,89,الْغَنِي,Al-Ghanī,Tier 1,1,mid-verse,verse-final,Medinan,False,False,refrain_surah4_n6
4,النساء,132,1,اللَّه,Allāh,Tier 1,53,الْوَكِيل,Al-Wakīl,Tier 1,10,verse-opening,verse-final,Medinan,False,False,refrain_surah4_n4
4,النساء,132,1,اللَّه,Allāh,Tier 1,53,الْوَكِيل,Al-Wakīl,Tier 1,1,verse-final,verse-final,Medinan,False,False,refrain_surah4_n4
4,النساء,133,1,اللَّه,Allāh,Tier 1,37,الْعَلِي,Al-'Alī,Tier 1,1,mid-verse,mid-verse,Medinan,False,False,refrain_surah4_n71
4,النساء,135,1,اللَّه,Allāh,Tier 1,37,الْعَلِي,Al-'Alī,Tier 1,2,mid-verse,mid-verse,Medinan,False,False,refrain_surah4_n71
4,النساء,135,1,اللَّه,Allāh,Tier 1,89,الْغَنِي,Al-Ghanī,Tier 1,10,mid-verse,mid-verse,Medinan,False,False,refrain_surah4_n6
4,النساء,135,37,الْعَلِي,Al-'Alī,Tier 1,89,الْغَنِي,Al-Ghanī,Tier 1,8,mid-verse,mid-verse,Medinan,False,False,
4,النساء,135,89,الْغَنِي,Al-Ghanī,Tier 1,1,اللَّه,Allāh,Tier 1,3,mid-verse,mid-verse,Medinan,False,False,refrain_surah4_n6
4,النساء,135,89,الْغَنِي,Al-Ghanī,Tier 1,74,الْأَوَّل,Al-Awwal,Tier 1,4,mid-verse,mid-verse,Medinan,False,False,
4,النساء,135,1,اللَّه,Allāh,Tier 1,74,الْأَوَّل,Al-Awwal,Tier 1,1,mid-verse,mid-verse,Medinan,False,False,
4,النساء,136,1,اللَّه,Allāh,Tier 1,37,الْعَلِي,Al-'Alī,Tier 1,5,mid-verse,mid-verse,Medinan,False,False,refrain_surah4_n71
4,النساء,136,37,الْعَلِي,Al-'Alī,Tier 1,1,اللَّه,Allāh,Tier 1,10,mid-verse,mid-verse,Medinan,False,False,refrain_surah4_n71
4,النساء,139,7,الْمُؤْمِن,Al-Mu'min,Tier 1,1,اللَّه,Allāh,Tier 1,7,mid-verse,verse-final,Medinan,False,False,refrain_surah4_n15
4,النساء,140,37,الْعَلِي,Al-'Alī,Tier 1,1,اللَّه,Allāh,Tier 1,7,mid-verse,mid-verse,Medinan,False,False,refrain_surah4_n71
4,النساء,140,1,اللَّه,Allāh,Tier 1,88,الْجَامِع,Al-Jāmi',Tier 1,1,mid-verse,mid-verse,Medinan,False,False,
4,النساء,141,37,الْعَلِي,Al-'Alī,Tier 1,7,الْمُؤْمِن,Al-Mu'min,Tier 1,3,mid-verse,mid-verse,Medinan,False,False,refrain_surah4_n4
4,النساء,141,37,الْعَلِي,Al-'Alī,Tier 1,1,اللَّه,Allāh,Tier 1,5,mid-verse,mid-verse,Medinan,False,False,refrain_surah4_n71
4,النساء,141,7,الْمُؤْمِن,Al-Mu'min,Tier 1,1,اللَّه,Allāh,Tier 1,2,mid-verse,mid-verse,Medinan,False,False,refrain_surah4_n15
4,النساء,141,7,الْمُؤْمِن,Al-Mu'min,Tier 1,1,اللَّه,Allāh,Tier 1,10,mid-verse,mid-verse,Medinan,False,False,refrain_surah4_n15
4,النساء,141,1,اللَّه,Allāh,Tier 1,37,الْعَلِي,Al-'Alī,Tier 1,10,mid-verse,mid-verse,Medinan,False,False,refrain_surah4_n71
4,النساء,141,1,اللَّه,Allāh,Tier 1,37,الْعَلِي,Al-'Alī,Tier 1,2,mid-verse,mid-verse,Medinan,False,False,refrain_surah4_n71
4,النساء,141,1,اللَّه,Allāh,Tier 1,7,الْمُؤْمِن,Al-Mu'min,Tier 1,3,mid-verse,verse-final,Medinan,False,False,refrain_surah4_n15
4,النساء,141,37,الْعَلِي,Al-'Alī,Tier 1,7,الْمُؤْمِن,Al-Mu'min,Tier 1,1,mid-verse,verse-final,Medinan,False,False,refrain_surah4_n4
4,النساء,144,7,الْمُؤْمِن,Al-Mu'min,Tier 1,1,اللَّه,Allāh,Tier 1,5,mid-verse,mid-verse,Medinan,False,False,refrain_surah4_n15
4,النساء,144,7,الْمُؤْمِن,Al-Mu'min,Tier 1,37,الْعَلِي,Al-'Alī,Tier 1,6,mid-verse,mid-verse,Medinan,False,False,refrain_surah4_n4
4,النساء,144,1,اللَّه,Allāh,Tier 1,37,الْعَلِي,Al-'Alī,Tier 1,1,mid-verse,mid-verse,Medinan,False,False,refrain_surah4_n71
4,النساء,146,1,اللَّه,Allāh,Tier 1,7,الْمُؤْمِن,Al-Mu'min,Tier 1,6,mid-verse,mid-verse,Medinan,False,False,refrain_surah4_n15
4,النساء,146,1,اللَّه,Allāh,Tier 1,7,الْمُؤْمِن,Al-Mu'min,Tier 1,3,mid-verse,mid-verse,Medinan,False,False,refrain_surah4_n15
4,النساء,146,1,اللَّه,Allāh,Tier 1,7,الْمُؤْمِن,Al-Mu'min,Tier 1,8,mid-verse,mid-verse,Medinan,False,False,refrain_surah4_n15
4,النساء,146,7,الْمُؤْمِن,Al-Mu'min,Tier 1,1,اللَّه,Allāh,Tier 1,4,mid-verse,mid-verse,Medinan,False,False,refrain_surah4_n15
4,النساء,146,1,اللَّه,Allāh,Tier 1,7,الْمُؤْمِن,Al-Mu'min,Tier 1,1,mid-verse,mid-verse,Medinan,False,False,refrain_surah4_n15
4,النساء,147,1,اللَّه,Allāh,Tier 1,105,الشَّاكِر,Al-Shākir,Tier 2,8,mid-verse,verse-final,Medinan,False,False,
4,النساء,147,1,اللَّه,Allāh,Tier 1,105,الشَّاكِر,Al-Shākir,Tier 2,1,mid-verse,verse-final,Medinan,False,False,
4,النساء,148,1,اللَّه,Allāh,Tier 1,27,السَّمِيع,Al-Samī',Tier 1,1,mid-verse,verse-final,Medinan,False,False,
4,النساء,148,1,اللَّه,Allāh,Tier 1,20,الْعَلِيم,Al-'Alīm,Tier 1,2,mid-verse,verse-final,Medinan,False,False,refrain_surah4_n22
4,النساء,148,27,السَّمِيع,Al-Samī',Tier 1,20,الْعَلِيم,Al-'Alīm,Tier 1,1,verse-final,verse-final,Medinan,False,False,
4,النساء,152,1,اللَّه,Allāh,Tier 1,68,الْأَحَد,Al-Aḥad,Tier 1,5,mid-verse,mid-verse,Medinan,False,False,
4,النساء,152,68,الْأَحَد,Al-Aḥad,Tier 1,1,اللَّه,Allāh,Tier 1,8,mid-verse,mid-verse,Medinan,False,False,
4,النساء,155,1,اللَّه,Allāh,Tier 1,52,الْحَق,Al-Ḥaqq,Tier 1,4,mid-verse,mid-verse,Medinan,False,False,refrain_surah4_n6
4,النساء,155,52,الْحَق,Al-Ḥaqq,Tier 1,1,اللَّه,Allāh,Tier 1,7,mid-verse,mid-verse,Medinan,False,False,refrain_surah4_n6
4,النساء,155,52,الْحَق,Al-Ḥaqq,Tier 1,37,الْعَلِي,Al-'Alī,Tier 1,8,mid-verse,mid-verse,Medinan,False,False,
4,النساء,155,1,اللَّه,Allāh,Tier 1,37,الْعَلِي,Al-'Alī,Tier 1,1,mid-verse,mid-verse,Medinan,False,False,refrain_surah4_n71
4,النساء,158,1,اللَّه,Allāh,Tier 1,9,الْعَزِيز,Al-'Azīz,Tier 1,5,mid-verse,verse-final,Medinan,True,False,refrain_surah4_n5
4,النساء,158,1,اللَّه,Allāh,Tier 1,9,الْعَزِيز,Al-'Azīz,Tier 1,1,mid-verse,verse-final,Medinan,True,False,refrain_surah4_n5
4,النساء,160,37,الْعَلِي,Al-'Alī,Tier 1,1,اللَّه,Allāh,Tier 1,7,mid-verse,verse-final,Medinan,False,False,refrain_surah4_n71
4,النساء,162,7,الْمُؤْمِن,Al-Mu'min,Tier 1,1,اللَّه,Allāh,Tier 1,1,mid-verse,mid-verse,Medinan,False,False,refrain_surah4_n15
4,النساء,162,7,الْمُؤْمِن,Al-Mu'min,Tier 1,34,الْعَظِيم,Al-'Aẓīm,Tier 1,7,mid-verse,verse-final,Medinan,False,False,
4,النساء,162,1,اللَّه,Allāh,Tier 1,34,الْعَظِيم,Al-'Aẓīm,Tier 1,6,mid-verse,verse-final,Medinan,False,False,
4,النساء,164,37,الْعَلِي,Al-'Alī,Tier 1,1,اللَّه,Allāh,Tier 1,9,mid-verse,mid-verse,Medinan,False,False,refrain_surah4_n71
4,النساء,164,37,الْعَلِي,Al-'Alī,Tier 1,1,اللَّه,Allāh,Tier 1,3,mid-verse,mid-verse,Medinan,False,False,refrain_surah4_n71
4,النساء,165,37,الْعَلِي,Al-'Alī,Tier 1,1,اللَّه,Allāh,Tier 1,1,mid-verse,mid-verse,Medinan,False,False,refrain_surah4_n71
4,النساء,165,37,الْعَلِي,Al-'Alī,Tier 1,1,اللَّه,Allāh,Tier 1,7,mid-verse,mid-verse,Medinan,False,False,refrain_surah4_n71
4,النساء,165,37,الْعَلِي,Al-'Alī,Tier 1,9,الْعَزِيز,Al-'Azīz,Tier 1,8,mid-verse,verse-final,Medinan,True,False,
4,النساء,165,1,اللَّه,Allāh,Tier 1,9,الْعَزِيز,Al-'Azīz,Tier 1,7,mid-verse,verse-final,Medinan,True,False,refrain_surah4_n5
4,النساء,165,1,اللَّه,Allāh,Tier 1,9,الْعَزِيز,Al-'Azīz,Tier 1,1,mid-verse,verse-final,Medinan,True,False,refrain_surah4_n5
4,النساء,166,1,اللَّه,Allāh,Tier 1,51,الشَّهِيد,Al-Shahīd,Tier 1,1,verse-final,verse-final,Medinan,False,False,
4,النساء,169,37,الْعَلِي,Al-'Alī,Tier 1,1,اللَّه,Allāh,Tier 1,1,mid-verse,verse-final,Medinan,False,False,refrain_surah4_n71
4,النساء,170,52,الْحَق,Al-Ḥaqq,Tier 1,1,اللَّه,Allāh,Tier 1,10,mid-verse,mid-verse,Medinan,False,False,refrain_surah4_n6
4,النساء,170,1,اللَّه,Allāh,Tier 1,20,الْعَلِيم,Al-'Alīm,Tier 1,8,mid-verse,verse-final,Medinan,False,False,refrain_surah4_n22
4,النساء,170,1,اللَّه,Allāh,Tier 1,20,الْعَلِيم,Al-'Alīm,Tier 1,1,mid-verse,verse-final,Medinan,False,False,refrain_surah4_n22
4,النساء,171,37,الْعَلِي,Al-'Alī,Tier 1,1,اللَّه,Allāh,Tier 1,1,mid-verse,mid-verse,Medinan,False,False,refrain_surah4_n71
4,النساء,171,37,الْعَلِي,Al-'Alī,Tier 1,52,الْحَق,Al-Ḥaqq,Tier 1,3,mid-verse,mid-verse,Medinan,False,False,
4,النساء,171,1,اللَّه,Allāh,Tier 1,52,الْحَق,Al-Ḥaqq,Tier 1,2,mid-verse,mid-verse,Medinan,False,False,refrain_surah4_n6
4,النساء,171,52,الْحَق,Al-Ḥaqq,Tier 1,1,اللَّه,Allāh,Tier 1,8,mid-verse,mid-verse,Medinan,False,False,refrain_surah4_n6
4,النساء,176,1,اللَّه,Allāh,Tier 1,20,الْعَلِيم,Al-'Alīm,Tier 1,8,mid-verse,verse-final,Medinan,False,False,refrain_surah4_n22
4,النساء,176,1,اللَّه,Allāh,Tier 1,20,الْعَلِيم,Al-'Alīm,Tier 1,3,mid-verse,verse-final,Medinan,False,False,refrain_surah4_n22
5,المائدة,1,37,الْعَلِي,Al-'Alī,Tier 1,1,اللَّه,Allāh,Tier 1,8,mid-verse,mid-verse,Medinan,False,False,refrain_surah5_n43
5,المائدة,2,37,الْعَلِي,Al-'Alī,Tier 1,80,الْبَر,Al-Barr,Tier 1,1,mid-verse,mid-verse,Medinan,False,False,refrain_surah5_n3
5,المائدة,2,80,الْبَر,Al-Barr,Tier 1,37,الْعَلِي,Al-'Alī,Tier 1,5,mid-verse,mid-verse,Medinan,False,False,refrain_surah5_n3
5,المائدة,2,80,الْبَر,Al-Barr,Tier 1,1,اللَّه,Allāh,Tier 1,10,mid-verse,mid-verse,Medinan,False,False,
5,المائدة,2,37,الْعَلِي,Al-'Alī,Tier 1,1,اللَّه,Allāh,Tier 1,5,mid-verse,mid-verse,Medinan,False,False,refrain_surah5_n43
5,المائدة,2,37,الْعَلِي,Al-'Alī,Tier 1,1,اللَّه,Allāh,Tier 1,8,mid-verse,mid-verse,Medinan,False,False,refrain_surah5_n43
5,المائدة,3,37,الْعَلِي,Al-'Alī,Tier 1,1,اللَّه,Allāh,Tier 1,8,verse-opening,mid-verse,Medinan,False,False,refrain_surah5_n43
5,المائدة,3,1,اللَّه,Allāh,Tier 1,35,الْغَفُور,Al-Ghafūr,Tier 1,1,mid-verse,verse-final,Medinan,False,False,refrain_surah5_n10
5,المائدة,3,1,اللَّه,Allāh,Tier 1,3,الرَّحِيمِ,Al-Raḥīm,Tier 1,2,mid-verse,verse-final,Medinan,False,False,refrain_surah5_n8
5,المائدة,3,35,الْغَفُور,Al-Ghafūr,Tier 1,3,الرَّحِيمِ,Al-Raḥīm,Tier 1,1,verse-final,verse-final,Medinan,False,False,refrain_surah5_n5
5,المائدة,4,1,اللَّه,Allāh,Tier 1,37,الْعَلِي,Al-'Alī,Tier 1,5,mid-verse,mid-verse,Medinan,False,False,refrain_surah5_n43
5,المائدة,4,37,الْعَلِي,Al-'Alī,Tier 1,1,اللَّه,Allāh,Tier 1,3,mid-verse,mid-verse,Medinan,False,False,refrain_surah5_n43
5,المائدة,4,37,الْعَلِي,Al-'Alī,Tier 1,1,اللَّه,Allāh,Tier 1,7,mid-verse,mid-verse,Medinan,False,False,refrain_surah5_n43
5,المائدة,4,37,الْعَلِي,Al-'Alī,Tier 1,1,اللَّه,Allāh,Tier 1,10,mid-verse,mid-verse,Medinan,False,False,refrain_surah5_n43
5,المائدة,6,37,الْعَلِي,Al-'Alī,Tier 1,68,الْأَحَد,Al-Aḥad,Tier 1,4,mid-verse,mid-verse,Medinan,False,False,
5,المائدة,6,1,اللَّه,Allāh,Tier 1,37,الْعَلِي,Al-'Alī,Tier 1,2,mid-verse,mid-verse,Medinan,False,False,refrain_surah5_n43
5,المائدة,6,1,اللَّه,Allāh,Tier 1,56,الْوَلِي,Al-Walī,Tier 1,8,mid-verse,mid-verse,Medinan,False,False,
5,المائدة,6,1,اللَّه,Allāh,Tier 1,37,الْعَلِي,Al-'Alī,Tier 1,10,mid-verse,mid-verse,Medinan,False,False,refrain_surah5_n43
5,المائدة,6,37,الْعَلِي,Al-'Alī,Tier 1,56,الْوَلِي,Al-Walī,Tier 1,6,mid-verse,mid-verse,Medinan,False,False,
5,المائدة,6,56,الْوَلِي,Al-Walī,Tier 1,37,الْعَلِي,Al-'Alī,Tier 1,2,mid-verse,mid-verse,Medinan,False,False,
5,المائدة,7,1,اللَّه,Allāh,Tier 1,37,الْعَلِي,Al-'Alī,Tier 1,1,mid-verse,mid-verse,Medinan,False,False,refrain_surah5_n43
5,المائدة,7,1,اللَّه,Allāh,Tier 1,20,الْعَلِيم,Al-'Alīm,Tier 1,4,mid-verse,mid-verse,Medinan,False,False,refrain_surah5_n6
5,المائدة,7,1,اللَّه,Allāh,Tier 1,20,الْعَلِيم,Al-'Alīm,Tier 1,1,mid-verse,mid-verse,Medinan,False,False,refrain_surah5_n6
5,المائدة,8,1,اللَّه,Allāh,Tier 1,37,الْعَلِي,Al-'Alī,Tier 1,8,mid-verse,mid-verse,Medinan,False,False,refrain_surah5_n43
5,المائدة,8,37,الْعَلِي,Al-'Alī,Tier 1,1,اللَّه,Allāh,Tier 1,10,mid-verse,mid-verse,Medinan,False,False,refrain_surah5_n43
5,المائدة,8,1,اللَّه,Allāh,Tier 1,32,الْخَبِير,Al-Khabīr,Tier 1,4,mid-verse,mid-verse,Medinan,False,False,
5,المائدة,8,1,اللَّه,Allāh,Tier 1,32,الْخَبِير,Al-Khabīr,Tier 1,1,mid-verse,mid-verse,Medinan,False,False,
5,المائدة,9,1,اللَّه,Allāh,Tier 1,34,الْعَظِيم,Al-'Aẓīm,Tier 1,9,verse-opening,verse-final,Medinan,False,False,
5,المائدة,11,1,اللَّه,Allāh,Tier 1,37,الْعَلِي,Al-'Alī,Tier 1,1,mid-verse,mid-verse,Medinan,False,False,refrain_surah5_n43
5,المائدة,11,1,اللَّه,Allāh,Tier 1,7,الْمُؤْمِن,Al-Mu'min,Tier 1,5,mid-verse,verse-final,Medinan,False,False,refrain_surah5_n10
5,المائدة,11,1,اللَّه,Allāh,Tier 1,7,الْمُؤْمِن,Al-Mu'min,Tier 1,2,mid-verse,verse-final,Medinan,False,False,refrain_surah5_n10
5,المائدة,15,1,اللَّه,Allāh,Tier 1,94,النُّور,Al-Nūr,Tier 1,1,mid-verse,mid-verse,Medinan,False,False,
5,المائدة,16,1,اللَّه,Allāh,Tier 1,94,النُّور,Al-Nūr,Tier 1,10,mid-verse,mid-verse,Medinan,False,False,
5,المائدة,17,1,اللَّه,Allāh,Tier 1,37,الْعَلِي,Al-'Alī,Tier 1,1,mid-verse,mid-verse,Medinan,False,False,refrain_surah5_n43
5,المائدة,18,1,اللَّه,Allāh,Tier 1,78,الْوَالِي,Al-Wālī,Tier 1,7,mid-verse,verse-final,Medinan,False,False,
5,المائدة,19,1,اللَّه,Allāh,Tier 1,37,الْعَلِي,Al-'Alī,Tier 1,1,mid-verse,mid-verse,Medinan,False,False,refrain_surah5_n43
5,المائدة,20,1,اللَّه,Allāh,Tier 1,37,الْعَلِي,Al-'Alī,Tier 1,1,mid-verse,mid-verse,Medinan,False,False,refrain_surah5_n43
5,المائدة,21,1,اللَّه,Allāh,Tier 1,37,الْعَلِي,Al-'Alī,Tier 1,4,mid-verse,mid-verse,Medinan,False,False,refrain_surah5_n43
5,المائدة,23,1,اللَّه,Allāh,Tier 1,37,الْعَلِي,Al-'Alī,Tier 1,1,mid-verse,mid-verse,Medinan,False,False,refrain_surah5_n43
5,المائدة,23,1,اللَّه,Allāh,Tier 1,37,الْعَلِي,Al-'Alī,Tier 1,3,mid-verse,mid-verse,Medinan,False,False,refrain_surah5_n43
5,المائدة,23,37,الْعَلِي,Al-'Alī,Tier 1,1,اللَّه,Allāh,Tier 1,10,mid-verse,mid-verse,Medinan,False,False,refrain_surah5_n43
5,المائدة,23,37,الْعَلِي,Al-'Alī,Tier 1,1,اللَّه,Allāh,Tier 1,8,mid-verse,mid-verse,Medinan,False,False,refrain_surah5_n43
5,المائدة,23,1,اللَّه,Allāh,Tier 1,7,الْمُؤْمِن,Al-Mu'min,Tier 1,4,mid-verse,verse-final,Medinan,False,False,refrain_surah5_n10
5,المائدة,27,37,الْعَلِي,Al-'Alī,Tier 1,52,الْحَق,Al-Ḥaqq,Tier 1,4,mid-verse,mid-verse,Medinan,False,False,
5,المائدة,27,37,الْعَلِي,Al-'Alī,Tier 1,68,الْأَحَد,Al-Aḥad,Tier 1,10,mid-verse,mid-verse,Medinan,False,False,
5,المائدة,27,52,الْحَق,Al-Ḥaqq,Tier 1,68,الْأَحَد,Al-Aḥad,Tier 1,6,mid-verse,mid-verse,Medinan,False,False,
5,المائدة,34,37,الْعَلِي,Al-'Alī,Tier 1,1,اللَّه,Allāh,Tier 1,4,mid-verse,mid-verse,Medinan,False,False,refrain_surah5_n43
5,المائدة,34,37,الْعَلِي,Al-'Alī,Tier 1,35,الْغَفُور,Al-Ghafūr,Tier 1,5,mid-verse,verse-final,Medinan,False,False,
5,المائدة,34,37,الْعَلِي,Al-'Alī,Tier 1,3,الرَّحِيمِ,Al-Raḥīm,Tier 1,6,mid-verse,verse-final,Medinan,False,False,
5,المائدة,34,1,اللَّه,Allāh,Tier 1,35,الْغَفُور,Al-Ghafūr,Tier 1,1,mid-verse,verse-final,Medinan,False,False,refrain_surah5_n10
5,المائدة,34,1,اللَّه,Allāh,Tier 1,3,الرَّحِيمِ,Al-Raḥīm,Tier 1,2,mid-verse,verse-final,Medinan,False,False,refrain_surah5_n8
5,المائدة,34,35,الْغَفُور,Al-Ghafūr,Tier 1,3,الرَّحِيمِ,Al-Raḥīm,Tier 1,1,verse-final,verse-final,Medinan,False,False,refrain_surah5_n5
5,المائدة,38,1,اللَّه,Allāh,Tier 1,9,الْعَزِيز,Al-'Azīz,Tier 1,3,mid-verse,verse-final,Medinan,True,False,refrain_surah5_n4
5,المائدة,38,1,اللَّه,Allāh,Tier 1,47,الْحَكِيم,Al-Ḥakīm,Tier 1,4,mid-verse,verse-final,Medinan,False,False,
5,المائدة,38,1,اللَّه,Allāh,Tier 1,9,الْعَزِيز,Al-'Azīz,Tier 1,1,mid-verse,verse-final,Medinan,True,False,refrain_surah5_n4
5,المائدة,38,1,اللَّه,Allāh,Tier 1,47,الْحَكِيم,Al-Ḥakīm,Tier 1,2,mid-verse,verse-final,Medinan,False,False,
5,المائدة,38,9,الْعَزِيز,Al-'Azīz,Tier 1,47,الْحَكِيم,Al-Ḥakīm,Tier 1,1,verse-final,verse-final,Medinan,True,False,
5,المائدة,39,1,اللَّه,Allāh,Tier 1,35,الْغَفُور,Al-Ghafūr,Tier 1,6,mid-verse,verse-final,Medinan,False,False,refrain_surah5_n10
5,المائدة,39,1,اللَّه,Allāh,Tier 1,3,الرَّحِيمِ,Al-Raḥīm,Tier 1,7,mid-verse,verse-final,Medinan,False,False,refrain_surah5_n8
5,المائدة,39,1,اللَّه,Allāh,Tier 1,35,الْغَفُور,Al-Ghafūr,Tier 1,1,mid-verse,verse-final,Medinan,False,False,refrain_surah5_n10
5,المائدة,39,1,اللَّه,Allāh,Tier 1,3,الرَّحِيمِ,Al-Raḥīm,Tier 1,2,mid-verse,verse-final,Medinan,False,False,refrain_surah5_n8
5,المائدة,39,35,الْغَفُور,Al-Ghafūr,Tier 1,3,الرَّحِيمِ,Al-Raḥīm,Tier 1,1,verse-final,verse-final,Medinan,False,False,refrain_surah5_n5
5,المائدة,40,1,اللَّه,Allāh,Tier 1,37,الْعَلِي,Al-'Alī,Tier 1,1,mid-verse,mid-verse,Medinan,False,False,refrain_surah5_n43
5,المائدة,42,29,الْحَكَم,Al-Ḥakam,Tier 1,1,اللَّه,Allāh,Tier 1,6,mid-verse,mid-verse,Medinan,False,False,refrain_surah5_n3
5,المائدة,42,29,الْحَكَم,Al-Ḥakam,Tier 1,87,الْمُقْسِط,Al-Muqsiṭ,Tier 1,8,mid-verse,verse-final,Medinan,False,False,
5,المائدة,42,1,اللَّه,Allāh,Tier 1,87,الْمُقْسِط,Al-Muqsiṭ,Tier 1,2,mid-verse,verse-final,Medinan,False,False,
5,المائدة,43,29,الْحَكَم,Al-Ḥakam,Tier 1,1,اللَّه,Allāh,Tier 1,5,verse-opening,mid-verse,Medinan,False,False,refrain_surah5_n3
5,المائدة,43,29,الْحَكَم,Al-Ḥakam,Tier 1,1,اللَّه,Allāh,Tier 1,1,mid-verse,mid-verse,Medinan,False,False,refrain_surah5_n3
5,المائدة,43,29,الْحَكَم,Al-Ḥakam,Tier 1,7,الْمُؤْمِن,Al-Mu'min,Tier 1,10,mid-verse,verse-final,Medinan,False,False,
5,المائدة,43,1,اللَّه,Allāh,Tier 1,7,الْمُؤْمِن,Al-Mu'min,Tier 1,9,mid-verse,verse-final,Medinan,False,False,refrain_surah5_n10
5,المائدة,48,52,الْحَق,Al-Ḥaqq,Tier 1,8,الْمُهَيْمِن,Al-Muhaymin,Tier 1,7,mid-verse,mid-verse,Medinan,False,False,
5,المائدة,48,8,الْمُهَيْمِن,Al-Muhaymin,Tier 1,1,اللَّه,Allāh,Tier 1,7,mid-verse,mid-verse,Medinan,False,False,
5,المائدة,48,1,اللَّه,Allāh,Tier 1,52,الْحَق,Al-Ḥaqq,Tier 1,8,mid-verse,mid-verse,Medinan,False,False,refrain_surah5_n3
5,المائدة,48,52,الْحَق,Al-Ḥaqq,Tier 1,1,اللَّه,Allāh,Tier 1,10,mid-verse,mid-verse,Medinan,False,False,refrain_surah5_n3
5,المائدة,52,1,اللَّه,Allāh,Tier 1,37,الْعَلِي,Al-'Alī,Tier 1,9,mid-verse,mid-verse,Medinan,False,False,refrain_surah5_n43
5,المائدة,54,1,اللَّه,Allāh,Tier 1,37,الْعَلِي,Al-'Alī,Tier 1,5,mid-verse,mid-verse,Medinan,False,False,refrain_surah5_n43
5,المائدة,54,1,اللَّه,Allāh,Tier 1,7,الْمُؤْمِن,Al-Mu'min,Tier 1,6,mid-verse,mid-verse,Medinan,False,False,refrain_surah5_n10
5,المائدة,54,1,اللَّه,Allāh,Tier 1,37,الْعَلِي,Al-'Alī,Tier 1,8,mid-verse,mid-verse,Medinan,False,False,refrain_surah5_n43
5,المائدة,54,37,الْعَلِي,Al-'Alī,Tier 1,7,الْمُؤْمِن,Al-Mu'min,Tier 1,1,mid-verse,mid-verse,Medinan,False,False,refrain_surah5_n3
5,المائدة,54,37,الْعَلِي,Al-'Alī,Tier 1,1,اللَّه,Allāh,Tier 1,8,mid-verse,mid-verse,Medinan,False,False,refrain_surah5_n43
5,المائدة,54,7,الْمُؤْمِن,Al-Mu'min,Tier 1,37,الْعَلِي,Al-'Alī,Tier 1,2,mid-verse,mid-verse,Medinan,False,False,refrain_surah5_n3
5,المائدة,54,7,الْمُؤْمِن,Al-Mu'min,Tier 1,1,اللَّه,Allāh,Tier 1,7,mid-verse,mid-verse,Medinan,False,False,refrain_surah5_n10
5,المائدة,54,37,الْعَلِي,Al-'Alī,Tier 1,1,اللَّه,Allāh,Tier 1,5,mid-verse,mid-verse,Medinan,False,False,refrain_surah5_n43
5,المائدة,54,1,اللَّه,Allāh,Tier 1,20,الْعَلِيم,Al-'Alīm,Tier 1,7,mid-verse,verse-final,Medinan,False,False,refrain_surah5_n6
5,المائدة,54,1,اللَّه,Allāh,Tier 1,20,الْعَلِيم,Al-'Alīm,Tier 1,2,mid-verse,verse-final,Medinan,False,False,refrain_surah5_n6
5,المائدة,55,56,الْوَلِي,Al-Walī,Tier 1,1,اللَّه,Allāh,Tier 1,1,verse-opening,mid-verse,Medinan,False,False,
5,المائدة,57,1,اللَّه,Allāh,Tier 1,7,الْمُؤْمِن,Al-Mu'min,Tier 1,3,mid-verse,verse-final,Medinan,False,False,refrain_surah5_n10
5,المائدة,69,1,اللَّه,Allāh,Tier 1,37,الْعَلِي,Al-'Alī,Tier 1,7,mid-verse,mid-verse,Medinan,False,False,refrain_surah5_n43
5,المائدة,71,1,اللَّه,Allāh,Tier 1,37,الْعَلِي,Al-'Alī,Tier 1,1,mid-verse,mid-verse,Medinan,False,False,refrain_surah5_n43
5,المائدة,71,1,اللَّه,Allāh,Tier 1,28,الْبَصِير,Al-Baṣīr,Tier 1,9,mid-verse,mid-verse,Medinan,False,False,
5,المائدة,71,37,الْعَلِي,Al-'Alī,Tier 1,1,اللَّه,Allāh,Tier 1,7,mid-verse,mid-verse,Medinan,False,False,refrain_surah5_n43
5,المائدة,71,37,الْعَلِي,Al-'Alī,Tier 1,28,الْبَصِير,Al-Baṣīr,Tier 1,8,mid-verse,mid-verse,Medinan,False,False,
5,المائدة,71,1,اللَّه,Allāh,Tier 1,28,الْبَصِير,Al-Baṣīr,Tier 1,1,mid-verse,mid-verse,Medinan,False,False,
5,المائدة,74,1,اللَّه,Allāh,Tier 1,35,الْغَفُور,Al-Ghafūr,Tier 1,4,mid-verse,verse-final,Medinan,False,False,refrain_surah5_n10
5,المائدة,74,1,اللَّه,Allāh,Tier 1,3,الرَّحِيمِ,Al-Raḥīm,Tier 1,5,mid-verse,verse-final,Medinan,False,False,refrain_surah5_n8
5,المائدة,74,1,اللَّه,Allāh,Tier 1,35,الْغَفُور,Al-Ghafūr,Tier 1,1,mid-verse,verse-final,Medinan,False,False,refrain_surah5_n10
5,المائدة,74,1,اللَّه,Allāh,Tier 1,3,الرَّحِيمِ,Al-Raḥīm,Tier 1,2,mid-verse,verse-final,Medinan,False,False,refrain_surah5_n8
5,المائدة,74,35,الْغَفُور,Al-Ghafūr,Tier 1,3,الرَّحِيمِ,Al-Raḥīm,Tier 1,1,verse-final,verse-final,Medinan,False,False,refrain_surah5_n5
5,المائدة,76,1,اللَّه,Allāh,Tier 1,27,السَّمِيع,Al-Samī',Tier 1,2,mid-verse,verse-final,Medinan,False,False,
5,المائدة,76,1,اللَّه,Allāh,Tier 1,20,الْعَلِيم,Al-'Alīm,Tier 1,3,mid-verse,verse-final,Medinan,False,False,refrain_surah5_n6
5,المائدة,76,27,السَّمِيع,Al-Samī',Tier 1,20,الْعَلِيم,Al-'Alīm,Tier 1,1,verse-final,verse-final,Medinan,False,False,
5,المائدة,80,1,اللَّه,Allāh,Tier 1,37,الْعَلِي,Al-'Alī,Tier 1,1,mid-verse,mid-verse,Medinan,False,False,refrain_surah5_n43
5,المائدة,84,1,اللَّه,Allāh,Tier 1,52,الْحَق,Al-Ḥaqq,Tier 1,4,mid-verse,mid-verse,Medinan,False,False,refrain_surah5_n3
5,المائدة,88,1,اللَّه,Allāh,Tier 1,7,الْمُؤْمِن,Al-Mu'min,Tier 1,9,mid-verse,verse-final,Medinan,False,False,refrain_surah5_n10
5,المائدة,88,1,اللَّه,Allāh,Tier 1,7,الْمُؤْمِن,Al-Mu'min,Tier 1,4,mid-verse,verse-final,Medinan,False,False,refrain_surah5_n10
5,المائدة,92,1,اللَّه,Allāh,Tier 1,37,الْعَلِي,Al-'Alī,Tier 1,9,verse-opening,mid-verse,Medinan,False,False,refrain_surah5_n43
5,المائدة,95,30,الْعَدْل,Al-'Adl,Tier 1,1,اللَّه,Allāh,Tier 1,8,mid-verse,mid-verse,Medinan,False,False,
5,المائدة,95,1,اللَّه,Allāh,Tier 1,9,الْعَزِيز,Al-'Azīz,Tier 1,4,mid-verse,mid-verse,Medinan,True,False,refrain_surah5_n4
5,المائدة,95,1,اللَّه,Allāh,Tier 1,9,الْعَزِيز,Al-'Azīz,Tier 1,1,mid-verse,mid-verse,Medinan,True,False,refrain_surah5_n4
5,المائدة,96,37,الْعَلِي,Al-'Alī,Tier 1,80,الْبَر,Al-Barr,Tier 1,2,mid-verse,mid-verse,Medinan,False,False,refrain_surah5_n3
5,المائدة,96,37,الْعَلِي,Al-'Alī,Tier 1,1,اللَّه,Allāh,Tier 1,8,mid-verse,mid-verse,Medinan,False,False,refrain_surah5_n43
5,المائدة,96,80,الْبَر,Al-Barr,Tier 1,1,اللَّه,Allāh,Tier 1,6,mid-verse,mid-verse,Medinan,False,False,
5,المائدة,97,1,اللَّه,Allāh,Tier 1,20,الْعَلِيم,Al-'Alīm,Tier 1,3,mid-verse,verse-final,Medinan,False,False,refrain_surah5_n6
5,المائدة,98,1,اللَّه,Allāh,Tier 1,35,الْغَفُور,Al-Ghafūr,Tier 1,5,mid-verse,verse-final,Medinan,False,False,refrain_surah5_n10
5,المائدة,98,1,اللَّه,Allāh,Tier 1,3,الرَّحِيمِ,Al-Raḥīm,Tier 1,6,mid-verse,verse-final,Medinan,False,False,refrain_surah5_n8
5,المائدة,98,1,اللَّه,Allāh,Tier 1,35,الْغَفُور,Al-Ghafūr,Tier 1,1,mid-verse,verse-final,Medinan,False,False,refrain_surah5_n10
5,المائدة,98,1,اللَّه,Allāh,Tier 1,3,الرَّحِيمِ,Al-Raḥīm,Tier 1,2,mid-verse,verse-final,Medinan,False,False,refrain_surah5_n8
5,المائدة,98,35,الْغَفُور,Al-Ghafūr,Tier 1,3,الرَّحِيمِ,Al-Raḥīm,Tier 1,1,verse-final,verse-final,Medinan,False,False,refrain_surah5_n5
5,المائدة,99,37,الْعَلِي,Al-'Alī,Tier 1,1,اللَّه,Allāh,Tier 1,5,verse-opening,mid-verse,Medinan,False,False,refrain_surah5_n43
5,المائدة,101,1,اللَّه,Allāh,Tier 1,35,الْغَفُور,Al-Ghafūr,Tier 1,4,mid-verse,verse-final,Medinan,False,False,refrain_surah5_n10
5,المائدة,101,1,اللَّه,Allāh,Tier 1,33,الْحَلِيم,Al-Ḥalīm,Tier 1,5,mid-verse,verse-final,Medinan,False,False,
5,المائدة,101,1,اللَّه,Allāh,Tier 1,35,الْغَفُور,Al-Ghafūr,Tier 1,1,mid-verse,verse-final,Medinan,False,False,refrain_surah5_n10
5,المائدة,101,1,اللَّه,Allāh,Tier 1,33,الْحَلِيم,Al-Ḥalīm,Tier 1,2,mid-verse,verse-final,Medinan,False,False,
5,المائدة,101,35,الْغَفُور,Al-Ghafūr,Tier 1,33,الْحَلِيم,Al-Ḥalīm,Tier 1,1,verse-final,verse-final,Medinan,False,False,
5,المائدة,103,37,الْعَلِي,Al-'Alī,Tier 1,1,اللَّه,Allāh,Tier 1,1,mid-verse,mid-verse,Medinan,False,False,refrain_surah5_n43
5,المائدة,104,1,اللَّه,Allāh,Tier 1,78,الْوَالِي,Al-Wālī,Tier 1,1,mid-verse,mid-verse,Medinan,False,False,
5,المائدة,104,1,اللَّه,Allāh,Tier 1,74,الْأَوَّل,Al-Awwal,Tier 1,10,mid-verse,mid-verse,Medinan,False,False,
5,المائدة,104,78,الْوَالِي,Al-Wālī,Tier 1,74,الْأَوَّل,Al-Awwal,Tier 1,9,mid-verse,mid-verse,Medinan,False,False,
5,المائدة,106,68,الْأَحَد,Al-Aḥad,Tier 1,30,الْعَدْل,Al-'Adl,Tier 1,6,mid-verse,mid-verse,Medinan,False,False,
5,المائدة,107,37,الْعَلِي,Al-'Alī,Tier 1,74,الْأَوَّل,Al-Awwal,Tier 1,1,mid-verse,mid-verse,Medinan,False,False,
5,المائدة,107,37,الْعَلِي,Al-'Alī,Tier 1,1,اللَّه,Allāh,Tier 1,3,mid-verse,mid-verse,Medinan,False,False,refrain_surah5_n43
5,المائدة,107,74,الْأَوَّل,Al-Awwal,Tier 1,1,اللَّه,Allāh,Tier 1,2,mid-verse,mid-verse,Medinan,False,False,
5,المائدة,110,1,اللَّه,Allāh,Tier 1,37,الْعَلِي,Al-'Alī,Tier 1,6,mid-verse,mid-verse,Medinan,False,False,refrain_surah5_n43
5,المائدة,112,37,الْعَلِي,Al-'Alī,Tier 1,1,اللَّه,Allāh,Tier 1,7,mid-verse,mid-verse,Medinan,False,False,refrain_surah5_n43
5,المائدة,112,37,الْعَلِي,Al-'Alī,Tier 1,7,الْمُؤْمِن,Al-Mu'min,Tier 1,10,mid-verse,verse-final,Medinan,False,False,refrain_surah5_n3
5,المائدة,112,1,اللَّه,Allāh,Tier 1,7,الْمُؤْمِن,Al-Mu'min,Tier 1,3,mid-verse,verse-final,Medinan,False,False,refrain_surah5_n10
5,المائدة,114,37,الْعَلِي,Al-'Alī,Tier 1,74,الْأَوَّل,Al-Awwal,Tier 1,7,mid-verse,mid-verse,Medinan,False,False,
5,المائدة,115,1,اللَّه,Allāh,Tier 1,37,الْعَلِي,Al-'Alī,Tier 1,3,verse-opening,mid-verse,Medinan,False,False,refrain_surah5_n43
5,المائدة,117,1,اللَّه,Allāh,Tier 1,37,الْعَلِي,Al-'Alī,Tier 1,5,mid-verse,mid-verse,Medinan,False,False,refrain_surah5_n43
5,المائدة,117,37,الْعَلِي,Al-'Alī,Tier 1,44,الرَّقِيب,Al-Raqīb,Tier 1,10,mid-verse,mid-verse,Medinan,False,False,refrain_surah5_n3
5,المائدة,117,44,الرَّقِيب,Al-Raqīb,Tier 1,37,الْعَلِي,Al-'Alī,Tier 1,1,mid-verse,mid-verse,Medinan,False,False,refrain_surah5_n3
5,المائدة,117,44,الرَّقِيب,Al-Raqīb,Tier 1,37,الْعَلِي,Al-'Alī,Tier 1,4,mid-verse,mid-verse,Medinan,False,False,refrain_surah5_n3
5,المائدة,117,44,الرَّقِيب,Al-Raqīb,Tier 1,51,الشَّهِيد,Al-Shahīd,Tier 1,7,mid-verse,verse-final,Medinan,False,False,
5,المائدة,117,37,الْعَلِي,Al-'Alī,Tier 1,51,الشَّهِيد,Al-Shahīd,Tier 1,6,mid-verse,verse-final,Medinan,False,False,
5,المائدة,117,37,الْعَلِي,Al-'Alī,Tier 1,51,الشَّهِيد,Al-Shahīd,Tier 1,3,mid-verse,verse-final,Medinan,False,False,
5,المائدة,118,9,الْعَزِيز,Al-'Azīz,Tier 1,47,الْحَكِيم,Al-Ḥakīm,Tier 1,1,verse-final,verse-final,Medinan,True,False,
5,المائدة,119,1,اللَّه,Allāh,Tier 1,34,الْعَظِيم,Al-'Aẓīm,Tier 1,7,mid-verse,verse-final,Medinan,False,False,
5,المائدة,120,1,اللَّه,Allāh,Tier 1,37,الْعَلِي,Al-'Alī,Tier 1,8,verse-opening,mid-verse,Medinan,False,False,refrain_surah5_n43
6,الأنعام,1,1,اللَّه,Allāh,Tier 1,94,النُّور,Al-Nūr,Tier 1,7,verse-opening,mid-verse,Meccan,False,False,
6,الأنعام,1,94,النُّور,Al-Nūr,Tier 1,30,الْعَدْل,Al-'Adl,Tier 1,6,mid-verse,verse-final,Meccan,False,False,
6,الأنعام,12,1,اللَّه,Allāh,Tier 1,37,الْعَلِي,Al-'Alī,Tier 1,3,mid-verse,mid-verse,Meccan,False,False,refrain_surah6_n28
6,الأنعام,13,27,السَّمِيع,Al-Samī',Tier 1,20,الْعَلِيم,Al-'Alīm,Tier 1,1,verse-final,verse-final,Meccan,False,False,
6,الأنعام,18,47,الْحَكِيم,Al-Ḥakīm,Tier 1,32,الْخَبِير,Al-Khabīr,Tier 1,1,verse-final,verse-final,Meccan,False,False,
6,الأنعام,19,1,اللَّه,Allāh,Tier 1,51,الشَّهِيد,Al-Shahīd,Tier 1,2,mid-verse,mid-verse,Meccan,False,False,
6,الأنعام,19,1,اللَّه,Allāh,Tier 1,75,الْآخِر,Al-Ākhir,Tier 1,2,mid-verse,mid-verse,Meccan,False,False,
6,الأنعام,21,37,الْعَلِي,Al-'Alī,Tier 1,1,اللَّه,Allāh,Tier 1,1,mid-verse,mid-verse,Meccan,False,False,refrain_surah6_n28
6,الأنعام,30,37,الْعَلِي,Al-'Alī,Tier 1,52,الْحَق,Al-Ḥaqq,Tier 1,6,mid-verse,mid-verse,Meccan,False,False,refrain_surah6_n4
6,الأنعام,31,1,اللَّه,Allāh,Tier 1,37,الْعَلِي,Al-'Alī,Tier 1,9,mid-verse,mid-verse,Meccan,False,False,refrain_surah6_n28
6,الأنعام,35,1,اللَّه,Allāh,Tier 1,37,الْعَلِي,Al-'Alī,Tier 1,2,mid-verse,mid-verse,Meccan,False,False,refrain_surah6_n28
6,الأنعام,37,1,اللَّه,Allāh,Tier 1,70,الْقَادِر,Al-Qādir,Tier 1,1,mid-verse,mid-verse,Meccan,False,False,
6,الأنعام,37,1,اللَّه,Allāh,Tier 1,37,الْعَلِي,Al-'Alī,Tier 1,2,mid-verse,mid-verse,Meccan,False,False,refrain_surah6_n28
6,الأنعام,37,70,الْقَادِر,Al-Qādir,Tier 1,37,الْعَلِي,Al-'Alī,Tier 1,1,mid-verse,mid-verse,Meccan,False,False,refrain_surah6_n3
6,الأنعام,39,1,اللَّه,Allāh,Tier 1,37,الْعَلِي,Al-'Alī,Tier 1,5,mid-verse,mid-verse,Meccan,False,False,refrain_surah6_n28
6,الأنعام,46,1,اللَّه,Allāh,Tier 1,37,الْعَلِي,Al-'Alī,Tier 1,4,mid-verse,mid-verse,Meccan,False,False,refrain_surah6_n28
6,الأنعام,46,37,الْعَلِي,Al-'Alī,Tier 1,1,اللَّه,Allāh,Tier 1,5,mid-verse,mid-verse,Meccan,False,False,refrain_surah6_n28
6,الأنعام,53,1,اللَّه,Allāh,Tier 1,37,الْعَلِي,Al-'Alī,Tier 1,1,mid-verse,mid-verse,Meccan,False,False,refrain_surah6_n28
6,الأنعام,53,37,الْعَلِي,Al-'Alī,Tier 1,1,اللَّه,Allāh,Tier 1,5,mid-verse,mid-verse,Meccan,False,False,refrain_surah6_n28
6,الأنعام,54,35,الْغَفُور,Al-Ghafūr,Tier 1,3,الرَّحِيمِ,Al-Raḥīm,Tier 1,1,verse-final,verse-final,Meccan,False,False,
6,الأنعام,57,1,اللَّه,Allāh,Tier 1,52,الْحَق,Al-Ḥaqq,Tier 1,3,mid-verse,mid-verse,Meccan,False,False,refrain_surah6_n6
6,الأنعام,61,37,الْعَلِي,Al-'Alī,Tier 1,68,الْأَحَد,Al-Aḥad,Tier 1,5,mid-verse,mid-verse,Meccan,False,False,
6,الأنعام,62,1,اللَّه,Allāh,Tier 1,52,الْحَق,Al-Ḥaqq,Tier 1,2,mid-verse,mid-verse,Meccan,False,False,refrain_surah6_n6
6,الأنعام,65,70,الْقَادِر,Al-Qādir,Tier 1,37,الْعَلِي,Al-'Alī,Tier 1,1,mid-verse,mid-verse,Meccan,False,False,refrain_surah6_n3
6,الأنعام,65,70,الْقَادِر,Al-Qādir,Tier 1,37,الْعَلِي,Al-'Alī,Tier 1,4,mid-verse,mid-verse,Meccan,False,False,refrain_surah6_n3
6,الأنعام,66,52,الْحَق,Al-Ḥaqq,Tier 1,37,الْعَلِي,Al-'Alī,Tier 1,4,mid-verse,verse-final,Meccan,False,False,refrain_surah6_n4
6,الأنعام,70,1,اللَّه,Allāh,Tier 1,56,الْوَلِي,Al-Walī,Tier 1,1,mid-verse,mid-verse,Meccan,False,False,
6,الأنعام,70,1,اللَّه,Allāh,Tier 1,30,الْعَدْل,Al-'Adl,Tier 1,7,mid-verse,mid-verse,Meccan,False,False,
6,الأنعام,70,56,الْوَلِي,Al-Walī,Tier 1,30,الْعَدْل,Al-'Adl,Tier 1,6,mid-verse,mid-verse,Meccan,False,False,
6,الأنعام,71,1,اللَّه,Allāh,Tier 1,37,الْعَلِي,Al-'Alī,Tier 1,7,mid-verse,mid-verse,Meccan,False,False,refrain_surah6_n28
6,الأنعام,71,37,الْعَلِي,Al-'Alī,Tier 1,1,اللَّه,Allāh,Tier 1,5,mid-verse,mid-verse,Meccan,False,False,refrain_surah6_n28
6,الأنعام,73,52,الْحَق,Al-Ḥaqq,Tier 1,4,الْمَلِك,Al-Malik,Tier 1,3,mid-verse,mid-verse,Meccan,False,False,
6,الأنعام,73,47,الْحَكِيم,Al-Ḥakīm,Tier 1,32,الْخَبِير,Al-Khabīr,Tier 1,1,verse-final,verse-final,Meccan,False,False,
6,الأنعام,81,1,اللَّه,Allāh,Tier 1,37,الْعَلِي,Al-'Alī,Tier 1,5,mid-verse,mid-verse,Meccan,False,False,refrain_surah6_n28
6,الأنعام,83,37,الْعَلِي,Al-'Alī,Tier 1,47,الْحَكِيم,Al-Ḥakīm,Tier 1,10,mid-verse,verse-final,Meccan,False,False,
6,الأنعام,83,47,الْحَكِيم,Al-Ḥakīm,Tier 1,20,الْعَلِيم,Al-'Alīm,Tier 1,1,verse-final,verse-final,Meccan,False,False,refrain_surah6_n3
6,الأنعام,91,1,اللَّه,Allāh,Tier 1,52,الْحَق,Al-Ḥaqq,Tier 1,1,mid-verse,mid-verse,Meccan,False,False,refrain_surah6_n6
6,الأنعام,91,1,اللَّه,Allāh,Tier 1,37,الْعَلِي,Al-'Alī,Tier 1,8,mid-verse,mid-verse,Meccan,False,False,refrain_surah6_n28
6,الأنعام,91,52,الْحَق,Al-Ḥaqq,Tier 1,1,اللَّه,Allāh,Tier 1,6,mid-verse,mid-verse,Meccan,False,False,refrain_surah6_n6
6,الأنعام,91,52,الْحَق,Al-Ḥaqq,Tier 1,37,الْعَلِي,Al-'Alī,Tier 1,7,mid-verse,mid-verse,Meccan,False,False,refrain_surah6_n4
6,الأنعام,91,1,اللَّه,Allāh,Tier 1,37,الْعَلِي,Al-'Alī,Tier 1,1,mid-verse,mid-verse,Meccan,False,False,refrain_surah6_n28
6,الأنعام,93,37,الْعَلِي,Al-'Alī,Tier 1,1,اللَّه,Allāh,Tier 1,1,mid-verse,mid-verse,Meccan,False,False,refrain_surah6_n28
6,الأنعام,93,37,الْعَلِي,Al-'Alī,Tier 1,1,اللَّه,Allāh,Tier 1,1,mid-verse,mid-verse,Meccan,False,False,refrain_surah6_n28
6,الأنعام,93,37,الْعَلِي,Al-'Alī,Tier 1,52,الْحَق,Al-Ḥaqq,Tier 1,3,mid-verse,mid-verse,Meccan,False,False,refrain_surah6_n4
6,الأنعام,93,1,اللَّه,Allāh,Tier 1,52,الْحَق,Al-Ḥaqq,Tier 1,2,mid-verse,mid-verse,Meccan,False,False,refrain_surah6_n6
6,الأنعام,95,1,اللَّه,Allāh,Tier 1,63,الْحَي,Al-Ḥayy,Tier 1,6,mid-verse,mid-verse,Meccan,False,False,refrain_surah6_n3
6,الأنعام,95,63,الْحَي,Al-Ḥayy,Tier 1,1,اللَّه,Allāh,Tier 1,9,mid-verse,mid-verse,Meccan,False,False,refrain_surah6_n3
6,الأنعام,95,63,الْحَي,Al-Ḥayy,Tier 1,1,اللَّه,Allāh,Tier 1,3,mid-verse,mid-verse,Meccan,False,False,refrain_surah6_n3
6,الأنعام,96,9,الْعَزِيز,Al-'Azīz,Tier 1,20,الْعَلِيم,Al-'Alīm,Tier 1,1,verse-final,verse-final,Meccan,True,False,
6,الأنعام,102,37,الْعَلِي,Al-'Alī,Tier 1,53,الْوَكِيل,Al-Wakīl,Tier 1,3,mid-verse,verse-final,Meccan,False,False,
6,الأنعام,103,31,اللَّطِيف,Al-Laṭīf,Tier 1,32,الْخَبِير,Al-Khabīr,Tier 1,1,verse-final,verse-final,Meccan,False,False,
6,الأنعام,107,1,اللَّه,Allāh,Tier 1,37,الْعَلِي,Al-'Alī,Tier 1,6,mid-verse,mid-verse,Meccan,False,False,refrain_surah6_n28
6,الأنعام,111,37,الْعَلِي,Al-'Alī,Tier 1,1,اللَّه,Allāh,Tier 1,10,mid-verse,mid-verse,Meccan,False,False,refrain_surah6_n28
6,الأنعام,115,27,السَّمِيع,Al-Samī',Tier 1,20,الْعَلِيم,Al-'Alīm,Tier 1,1,verse-final,verse-final,Meccan,False,False,
6,الأنعام,118,1,اللَّه,Allāh,Tier 1,7,الْمُؤْمِن,Al-Mu'min,Tier 1,5,mid-verse,verse-final,Meccan,False,False,
6,الأنعام,119,1,اللَّه,Allāh,Tier 1,37,الْعَلِي,Al-'Alī,Tier 1,7,mid-verse,mid-verse,Meccan,False,False,refrain_surah6_n28
6,الأنعام,125,1,اللَّه,Allāh,Tier 1,37,الْعَلِي,Al-'Alī,Tier 1,2,mid-verse,mid-verse,Meccan,False,False,refrain_surah6_n28
6,الأنعام,128,1,اللَّه,Allāh,Tier 1,47,الْحَكِيم,Al-Ḥakīm,Tier 1,4,mid-verse,verse-final,Meccan,False,False,
6,الأنعام,128,1,اللَّه,Allāh,Tier 1,20,الْعَلِيم,Al-'Alīm,Tier 1,5,mid-verse,verse-final,Meccan,False,False,
6,الأنعام,128,47,الْحَكِيم,Al-Ḥakīm,Tier 1,20,الْعَلِيم,Al-'Alīm,Tier 1,1,verse-final,verse-final,Meccan,False,False,refrain_surah6_n3
6,الأنعام,136,1,اللَّه,Allāh,Tier 1,29,الْحَكَم,Al-Ḥakam,Tier 1,8,mid-verse,verse-final,Meccan,False,False,
6,الأنعام,137,37,الْعَلِي,Al-'Alī,Tier 1,1,اللَّه,Allāh,Tier 1,5,mid-verse,mid-verse,Meccan,False,False,refrain_surah6_n28
6,الأنعام,138,1,اللَّه,Allāh,Tier 1,37,الْعَلِي,Al-'Alī,Tier 1,1,mid-verse,mid-verse,Meccan,False,False,refrain_surah6_n28
6,الأنعام,139,47,الْحَكِيم,Al-Ḥakīm,Tier 1,20,الْعَلِيم,Al-'Alīm,Tier 1,1,verse-final,verse-final,Meccan,False,False,refrain_surah6_n3
6,الأنعام,140,1,اللَّه,Allāh,Tier 1,37,الْعَلِي,Al-'Alī,Tier 1,2,mid-verse,mid-verse,Meccan,False,False,refrain_surah6_n28
6,الأنعام,140,37,الْعَلِي,Al-'Alī,Tier 1,1,اللَّه,Allāh,Tier 1,1,mid-verse,mid-verse,Meccan,False,False,refrain_surah6_n28
6,الأنعام,144,1,اللَّه,Allāh,Tier 1,37,الْعَلِي,Al-'Alī,Tier 1,7,mid-verse,mid-verse,Meccan,False,False,refrain_surah6_n28
6,الأنعام,144,37,الْعَلِي,Al-'Alī,Tier 1,1,اللَّه,Allāh,Tier 1,1,mid-verse,mid-verse,Meccan,False,False,refrain_surah6_n28
6,الأنعام,144,37,الْعَلِي,Al-'Alī,Tier 1,1,اللَّه,Allāh,Tier 1,9,mid-verse,mid-verse,Meccan,False,False,refrain_surah6_n28
6,الأنعام,145,35,الْغَفُور,Al-Ghafūr,Tier 1,3,الرَّحِيمِ,Al-Raḥīm,Tier 1,1,verse-final,verse-final,Meccan,False,False,
6,الأنعام,151,1,اللَّه,Allāh,Tier 1,52,الْحَق,Al-Ḥaqq,Tier 1,2,mid-verse,mid-verse,Meccan,False,False,refrain_surah6_n6
6,الأنعام,164,37,الْعَلِي,Al-'Alī,Tier 1,75,الْآخِر,Al-Ākhir,Tier 1,6,mid-verse,mid-verse,Meccan,False,False,
7,الأعراف,28,1,اللَّه,Allāh,Tier 1,37,الْعَلِي,Al-'Alī,Tier 1,6,mid-verse,mid-verse,Meccan,False,False,refrain_surah7_n25
7,الأعراف,28,37,الْعَلِي,Al-'Alī,Tier 1,1,اللَّه,Allāh,Tier 1,1,mid-verse,mid-verse,Meccan,False,False,refrain_surah7_n25
7,الأعراف,30,52,الْحَق,Al-Ḥaqq,Tier 1,37,الْعَلِي,Al-'Alī,Tier 1,1,mid-verse,mid-verse,Meccan,False,False,refrain_surah7_n6
7,الأعراف,30,52,الْحَق,Al-Ḥaqq,Tier 1,1,اللَّه,Allāh,Tier 1,10,mid-verse,mid-verse,Meccan,False,False,refrain_surah7_n6
7,الأعراف,30,37,الْعَلِي,Al-'Alī,Tier 1,1,اللَّه,Allāh,Tier 1,9,mid-verse,mid-verse,Meccan,False,False,refrain_surah7_n25
7,الأعراف,33,52,الْحَق,Al-Ḥaqq,Tier 1,1,اللَّه,Allāh,Tier 1,3,mid-verse,mid-verse,Meccan,False,False,refrain_surah7_n6
7,الأعراف,33,1,اللَّه,Allāh,Tier 1,37,الْعَلِي,Al-'Alī,Tier 1,8,mid-verse,mid-verse,Meccan,False,False,refrain_surah7_n25
7,الأعراف,33,37,الْعَلِي,Al-'Alī,Tier 1,1,اللَّه,Allāh,Tier 1,1,mid-verse,mid-verse,Meccan,False,False,refrain_surah7_n25
7,الأعراف,37,37,الْعَلِي,Al-'Alī,Tier 1,1,اللَّه,Allāh,Tier 1,1,mid-verse,mid-verse,Meccan,False,False,refrain_surah7_n25
7,الأعراف,37,1,اللَّه,Allāh,Tier 1,37,الْعَلِي,Al-'Alī,Tier 1,6,mid-verse,mid-verse,Meccan,False,False,refrain_surah7_n25
7,الأعراف,38,75,الْآخِر,Al-Ākhir,Tier 1,74,الْأَوَّل,Al-Awwal,Tier 1,1,mid-verse,mid-verse,Meccan,False,False,
7,الأعراف,39,74,الْأَوَّل,Al-Awwal,Tier 1,75,الْآخِر,Al-Ākhir,Tier 1,1,verse-opening,mid-verse,Meccan,False,False,
7,الأعراف,39,74,الْأَوَّل,Al-Awwal,Tier 1,37,الْعَلِي,Al-'Alī,Tier 1,5,verse-opening,mid-verse,Meccan,False,False,
7,الأعراف,39,75,الْآخِر,Al-Ākhir,Tier 1,37,الْعَلِي,Al-'Alī,Tier 1,4,mid-verse,mid-verse,Meccan,False,False,
7,الأعراف,43,1,اللَّه,Allāh,Tier 1,52,الْحَق,Al-Ḥaqq,Tier 1,6,mid-verse,mid-verse,Meccan,False,False,refrain_surah7_n6
7,الأعراف,44,1,اللَّه,Allāh,Tier 1,37,الْعَلِي,Al-'Alī,Tier 1,1,mid-verse,verse-final,Meccan,False,False,refrain_surah7_n25
7,الأعراف,49,1,اللَّه,Allāh,Tier 1,37,الْعَلِي,Al-'Alī,Tier 1,7,mid-verse,mid-verse,Meccan,False,False,refrain_surah7_n25
7,الأعراف,50,37,الْعَلِي,Al-'Alī,Tier 1,1,اللَّه,Allāh,Tier 1,6,mid-verse,mid-verse,Meccan,False,False,refrain_surah7_n25
7,الأعراف,50,37,الْعَلِي,Al-'Alī,Tier 1,1,اللَّه,Allāh,Tier 1,10,mid-verse,mid-verse,Meccan,False,False,refrain_surah7_n25
7,الأعراف,50,1,اللَّه,Allāh,Tier 1,37,الْعَلِي,Al-'Alī,Tier 1,6,mid-verse,verse-final,Meccan,False,False,refrain_surah7_n25
7,الأعراف,50,1,اللَّه,Allāh,Tier 1,37,الْعَلِي,Al-'Alī,Tier 1,2,mid-verse,verse-final,Meccan,False,False,refrain_surah7_n25
7,الأعراف,54,1,اللَّه,Allāh,Tier 1,37,الْعَلِي,Al-'Alī,Tier 1,10,mid-verse,mid-verse,Meccan,False,False,refrain_surah7_n25
7,الأعراف,59,1,اللَّه,Allāh,Tier 1,37,الْعَلِي,Al-'Alī,Tier 1,8,mid-verse,mid-verse,Meccan,False,False,refrain_surah7_n25
7,الأعراف,59,37,الْعَلِي,Al-'Alī,Tier 1,34,الْعَظِيم,Al-'Aẓīm,Tier 1,3,mid-verse,verse-final,Meccan,False,False,
7,الأعراف,65,78,الْوَالِي,Al-Wālī,Tier 1,1,اللَّه,Allāh,Tier 1,8,verse-opening,mid-verse,Meccan,False,False,refrain_surah7_n3
7,الأعراف,73,78,الْوَالِي,Al-Wālī,Tier 1,1,اللَّه,Allāh,Tier 1,8,verse-opening,mid-verse,Meccan,False,False,refrain_surah7_n3
7,الأعراف,85,78,الْوَالِي,Al-Wālī,Tier 1,1,اللَّه,Allāh,Tier 1,8,verse-opening,mid-verse,Meccan,False,False,refrain_surah7_n3
7,الأعراف,87,1,اللَّه,Allāh,Tier 1,29,الْحَكَم,Al-Ḥakam,Tier 1,5,mid-verse,verse-final,Meccan,False,False,
7,الأعراف,89,37,الْعَلِي,Al-'Alī,Tier 1,1,اللَّه,Allāh,Tier 1,1,mid-verse,mid-verse,Meccan,False,False,refrain_surah7_n25
7,الأعراف,89,37,الْعَلِي,Al-'Alī,Tier 1,1,اللَّه,Allāh,Tier 1,10,mid-verse,mid-verse,Meccan,False,False,refrain_surah7_n25
7,الأعراف,89,1,اللَّه,Allāh,Tier 1,37,الْعَلِي,Al-'Alī,Tier 1,9,mid-verse,mid-verse,Meccan,False,False,refrain_surah7_n25
7,الأعراف,89,37,الْعَلِي,Al-'Alī,Tier 1,1,اللَّه,Allāh,Tier 1,1,mid-verse,mid-verse,Meccan,False,False,refrain_surah7_n25
7,الأعراف,89,37,الْعَلِي,Al-'Alī,Tier 1,52,الْحَق,Al-Ḥaqq,Tier 1,9,mid-verse,mid-verse,Meccan,False,False,refrain_surah7_n6
7,الأعراف,89,1,اللَّه,Allāh,Tier 1,52,الْحَق,Al-Ḥaqq,Tier 1,8,mid-verse,mid-verse,Meccan,False,False,refrain_surah7_n6
7,الأعراف,101,1,اللَّه,Allāh,Tier 1,37,الْعَلِي,Al-'Alī,Tier 1,1,mid-verse,mid-verse,Meccan,False,False,refrain_surah7_n25
7,الأعراف,105,37,الْعَلِي,Al-'Alī,Tier 1,1,اللَّه,Allāh,Tier 1,5,verse-opening,mid-verse,Meccan,False,False,refrain_surah7_n25
7,الأعراف,105,37,الْعَلِي,Al-'Alī,Tier 1,52,الْحَق,Al-Ḥaqq,Tier 1,7,verse-opening,mid-verse,Meccan,False,False,refrain_surah7_n6
7,الأعراف,105,37,الْعَلِي,Al-'Alī,Tier 1,1,اللَّه,Allāh,Tier 1,1,mid-verse,mid-verse,Meccan,False,False,refrain_surah7_n25
7,الأعراف,105,37,الْعَلِي,Al-'Alī,Tier 1,52,الْحَق,Al-Ḥaqq,Tier 1,3,mid-verse,mid-verse,Meccan,False,False,refrain_surah7_n6
7,الأعراف,105,1,اللَّه,Allāh,Tier 1,52,الْحَق,Al-Ḥaqq,Tier 1,2,mid-verse,mid-verse,Meccan,False,False,refrain_surah7_n6
7,الأعراف,140,1,اللَّه,Allāh,Tier 1,37,الْعَلِي,Al-'Alī,Tier 1,5,mid-verse,verse-final,Meccan,False,False,refrain_surah7_n25
7,الأعراف,143,74,الْأَوَّل,Al-Awwal,Tier 1,7,الْمُؤْمِن,Al-Mu'min,Tier 1,1,verse-final,verse-final,Meccan,False,False,
7,الأعراف,157,37,الْعَلِي,Al-'Alī,Tier 1,94,النُّور,Al-Nūr,Tier 1,8,mid-verse,mid-verse,Meccan,False,False,
7,الأعراف,159,52,الْحَق,Al-Ḥaqq,Tier 1,30,الْعَدْل,Al-'Adl,Tier 1,2,mid-verse,verse-final,Meccan,False,False,
7,الأعراف,169,37,الْعَلِي,Al-'Alī,Tier 1,1,اللَّه,Allāh,Tier 1,7,mid-verse,mid-verse,Meccan,False,False,refrain_surah7_n25
7,الأعراف,169,37,الْعَلِي,Al-'Alī,Tier 1,52,الْحَق,Al-Ḥaqq,Tier 1,9,mid-verse,mid-verse,Meccan,False,False,refrain_surah7_n6
7,الأعراف,169,37,الْعَلِي,Al-'Alī,Tier 1,1,اللَّه,Allāh,Tier 1,1,mid-verse,mid-verse,Meccan,False,False,refrain_surah7_n25
7,الأعراف,169,37,الْعَلِي,Al-'Alī,Tier 1,52,الْحَق,Al-Ḥaqq,Tier 1,3,mid-verse,mid-verse,Meccan,False,False,refrain_surah7_n6
7,الأعراف,169,1,اللَّه,Allāh,Tier 1,52,الْحَق,Al-Ḥaqq,Tier 1,2,mid-verse,mid-verse,Meccan,False,False,refrain_surah7_n6
7,الأعراف,181,52,الْحَق,Al-Ḥaqq,Tier 1,30,الْعَدْل,Al-'Adl,Tier 1,2,mid-verse,verse-final,Meccan,False,False,
7,الأعراف,186,1,اللَّه,Allāh,Tier 1,95,الْهَادِي,Al-Hādī,Tier 1,2,mid-verse,mid-verse,Meccan,False,False,
7,الأعراف,196,56,الْوَلِي,Al-Walī,Tier 1,1,اللَّه,Allāh,Tier 1,1,verse-opening,mid-verse,Meccan,False,False,
7,الأعراف,200,1,اللَّه,Allāh,Tier 1,27,السَّمِيع,Al-Samī',Tier 1,3,mid-verse,verse-final,Meccan,False,False,
7,الأعراف,200,1,اللَّه,Allāh,Tier 1,20,الْعَلِيم,Al-'Alīm,Tier 1,4,mid-verse,verse-final,Meccan,False,False,
7,الأعراف,200,27,السَّمِيع,Al-Samī',Tier 1,20,الْعَلِيم,Al-'Alīm,Tier 1,1,verse-final,verse-final,Meccan,False,False,
8,الأنفال,1,1,اللَّه,Allāh,Tier 1,7,الْمُؤْمِن,Al-Mu'min,Tier 1,10,mid-verse,verse-final,Medinan,False,False,refrain_surah8_n9
8,الأنفال,1,1,اللَّه,Allāh,Tier 1,7,الْمُؤْمِن,Al-Mu'min,Tier 1,4,mid-verse,verse-final,Medinan,False,False,refrain_surah8_n9
8,الأنفال,2,7,الْمُؤْمِن,Al-Mu'min,Tier 1,1,اللَّه,Allāh,Tier 1,4,verse-opening,mid-verse,Medinan,False,False,refrain_surah8_n9
8,الأنفال,2,7,الْمُؤْمِن,Al-Mu'min,Tier 1,37,الْعَلِي,Al-'Alī,Tier 1,9,verse-opening,mid-verse,Medinan,False,False,
8,الأنفال,2,1,اللَّه,Allāh,Tier 1,37,الْعَلِي,Al-'Alī,Tier 1,5,mid-verse,mid-verse,Medinan,False,False,refrain_surah8_n13
8,الأنفال,4,7,الْمُؤْمِن,Al-Mu'min,Tier 1,43,الْكَرِيم,Al-Karīm,Tier 1,9,mid-verse,verse-final,Medinan,False,False,
8,الأنفال,5,52,الْحَق,Al-Ḥaqq,Tier 1,7,الْمُؤْمِن,Al-Mu'min,Tier 1,4,mid-verse,verse-final,Medinan,False,False,
8,الأنفال,7,1,اللَّه,Allāh,Tier 1,68,الْأَحَد,Al-Aḥad,Tier 1,1,mid-verse,mid-verse,Medinan,False,False,
8,الأنفال,7,1,اللَّه,Allāh,Tier 1,52,الْحَق,Al-Ḥaqq,Tier 1,3,mid-verse,mid-verse,Medinan,False,False,
8,الأنفال,10,1,اللَّه,Allāh,Tier 1,9,الْعَزِيز,Al-'Azīz,Tier 1,4,mid-verse,verse-final,Medinan,True,False,refrain_surah8_n7
8,الأنفال,10,1,اللَّه,Allāh,Tier 1,47,الْحَكِيم,Al-Ḥakīm,Tier 1,5,mid-verse,verse-final,Medinan,False,False,refrain_surah8_n9
8,الأنفال,10,1,اللَّه,Allāh,Tier 1,9,الْعَزِيز,Al-'Azīz,Tier 1,1,mid-verse,verse-final,Medinan,True,False,refrain_surah8_n7
8,الأنفال,10,1,اللَّه,Allāh,Tier 1,47,الْحَكِيم,Al-Ḥakīm,Tier 1,2,mid-verse,verse-final,Medinan,False,False,refrain_surah8_n9
8,الأنفال,10,9,الْعَزِيز,Al-'Azīz,Tier 1,47,الْحَكِيم,Al-Ḥakīm,Tier 1,1,verse-final,verse-final,Medinan,True,False,refrain_surah8_n4
8,الأنفال,17,1,اللَّه,Allāh,Tier 1,7,الْمُؤْمِن,Al-Mu'min,Tier 1,4,mid-verse,mid-verse,Medinan,False,False,refrain_surah8_n9
8,الأنفال,17,7,الْمُؤْمِن,Al-Mu'min,Tier 1,1,اللَّه,Allāh,Tier 1,6,mid-verse,mid-verse,Medinan,False,False,refrain_surah8_n9
8,الأنفال,17,7,الْمُؤْمِن,Al-Mu'min,Tier 1,27,السَّمِيع,Al-Samī',Tier 1,7,mid-verse,verse-final,Medinan,False,False,
8,الأنفال,17,7,الْمُؤْمِن,Al-Mu'min,Tier 1,20,الْعَلِيم,Al-'Alīm,Tier 1,8,mid-verse,verse-final,Medinan,False,False,
8,الأنفال,17,1,اللَّه,Allāh,Tier 1,27,السَّمِيع,Al-Samī',Tier 1,1,mid-verse,verse-final,Medinan,False,False,refrain_surah8_n4
8,الأنفال,17,1,اللَّه,Allāh,Tier 1,20,الْعَلِيم,Al-'Alīm,Tier 1,2,mid-verse,verse-final,Medinan,False,False,refrain_surah8_n9
8,الأنفال,17,27,السَّمِيع,Al-Samī',Tier 1,20,الْعَلِيم,Al-'Alīm,Tier 1,1,verse-final,verse-final,Medinan,False,False,refrain_surah8_n4
8,الأنفال,19,1,اللَّه,Allāh,Tier 1,7,الْمُؤْمِن,Al-Mu'min,Tier 1,2,mid-verse,verse-final,Medinan,False,False,refrain_surah8_n9
8,الأنفال,28,1,اللَّه,Allāh,Tier 1,34,الْعَظِيم,Al-'Aẓīm,Tier 1,3,mid-verse,verse-final,Medinan,False,False,refrain_surah8_n3
8,الأنفال,29,1,اللَّه,Allāh,Tier 1,34,الْعَظِيم,Al-'Aẓīm,Tier 1,3,mid-verse,verse-final,Medinan,False,False,refrain_surah8_n3
8,الأنفال,32,52,الْحَق,Al-Ḥaqq,Tier 1,37,الْعَلِي,Al-'Alī,Tier 1,4,mid-verse,mid-verse,Medinan,False,False,
8,الأنفال,36,1,اللَّه,Allāh,Tier 1,37,الْعَلِي,Al-'Alī,Tier 1,5,mid-verse,mid-verse,Medinan,False,False,refrain_surah8_n13
8,الأنفال,37,1,اللَّه,Allāh,Tier 1,37,الْعَلِي,Al-'Alī,Tier 1,7,verse-opening,mid-verse,Medinan,False,False,refrain_surah8_n13
8,الأنفال,39,1,اللَّه,Allāh,Tier 1,28,الْبَصِير,Al-Baṣīr,Tier 1,8,mid-verse,verse-final,Medinan,False,False,refrain_surah8_n3
8,الأنفال,39,1,اللَّه,Allāh,Tier 1,28,الْبَصِير,Al-Baṣīr,Tier 1,3,mid-verse,verse-final,Medinan,False,False,refrain_surah8_n3
8,الأنفال,41,1,اللَّه,Allāh,Tier 1,37,الْعَلِي,Al-'Alī,Tier 1,3,mid-verse,mid-verse,Medinan,False,False,refrain_surah8_n13
8,الأنفال,41,37,الْعَلِي,Al-'Alī,Tier 1,1,اللَّه,Allāh,Tier 1,8,mid-verse,mid-verse,Medinan,False,False,refrain_surah8_n13
8,الأنفال,41,1,اللَّه,Allāh,Tier 1,37,الْعَلِي,Al-'Alī,Tier 1,1,mid-verse,mid-verse,Medinan,False,False,refrain_surah8_n13
8,الأنفال,42,63,الْحَي,Al-Ḥayy,Tier 1,1,اللَّه,Allāh,Tier 1,5,mid-verse,mid-verse,Medinan,False,False,
8,الأنفال,42,63,الْحَي,Al-Ḥayy,Tier 1,27,السَّمِيع,Al-Samī',Tier 1,6,mid-verse,verse-final,Medinan,False,False,
8,الأنفال,42,63,الْحَي,Al-Ḥayy,Tier 1,20,الْعَلِيم,Al-'Alīm,Tier 1,7,mid-verse,verse-final,Medinan,False,False,
8,الأنفال,42,1,اللَّه,Allāh,Tier 1,27,السَّمِيع,Al-Samī',Tier 1,1,mid-verse,verse-final,Medinan,False,False,refrain_surah8_n4
8,الأنفال,42,1,اللَّه,Allāh,Tier 1,20,الْعَلِيم,Al-'Alīm,Tier 1,2,mid-verse,verse-final,Medinan,False,False,refrain_surah8_n9
8,الأنفال,42,27,السَّمِيع,Al-Samī',Tier 1,20,الْعَلِيم,Al-'Alīm,Tier 1,1,verse-final,verse-final,Medinan,False,False,refrain_surah8_n4
8,الأنفال,43,1,اللَّه,Allāh,Tier 1,20,الْعَلِيم,Al-'Alīm,Tier 1,4,mid-verse,mid-verse,Medinan,False,False,refrain_surah8_n9
8,الأنفال,44,1,اللَّه,Allāh,Tier 1,78,الْوَالِي,Al-Wālī,Tier 1,5,mid-verse,mid-verse,Medinan,False,False,
8,الأنفال,44,78,الْوَالِي,Al-Wālī,Tier 1,1,اللَّه,Allāh,Tier 1,1,mid-verse,mid-verse,Medinan,False,False,
8,الأنفال,49,37,الْعَلِي,Al-'Alī,Tier 1,1,اللَّه,Allāh,Tier 1,1,mid-verse,mid-verse,Medinan,False,False,refrain_surah8_n13
8,الأنفال,49,37,الْعَلِي,Al-'Alī,Tier 1,1,اللَّه,Allāh,Tier 1,3,mid-verse,mid-verse,Medinan,False,False,refrain_surah8_n13
8,الأنفال,49,37,الْعَلِي,Al-'Alī,Tier 1,9,الْعَزِيز,Al-'Azīz,Tier 1,4,mid-verse,verse-final,Medinan,True,False,
8,الأنفال,49,37,الْعَلِي,Al-'Alī,Tier 1,47,الْحَكِيم,Al-Ḥakīm,Tier 1,5,mid-verse,verse-final,Medinan,False,False,
8,الأنفال,49,1,اللَّه,Allāh,Tier 1,9,الْعَزِيز,Al-'Azīz,Tier 1,3,mid-verse,verse-final,Medinan,True,False,refrain_surah8_n7
8,الأنفال,49,1,اللَّه,Allāh,Tier 1,47,الْحَكِيم,Al-Ḥakīm,Tier 1,4,mid-verse,verse-final,Medinan,False,False,refrain_surah8_n9
8,الأنفال,49,1,اللَّه,Allāh,Tier 1,9,الْعَزِيز,Al-'Azīz,Tier 1,1,mid-verse,verse-final,Medinan,True,False,refrain_surah8_n7
8,الأنفال,49,1,اللَّه,Allāh,Tier 1,47,الْحَكِيم,Al-Ḥakīm,Tier 1,2,mid-verse,verse-final,Medinan,False,False,refrain_surah8_n9
8,الأنفال,49,9,الْعَزِيز,Al-'Azīz,Tier 1,47,الْحَكِيم,Al-Ḥakīm,Tier 1,1,verse-final,verse-final,Medinan,True,False,refrain_surah8_n4
8,الأنفال,52,1,اللَّه,Allāh,Tier 1,54,الْقَوِي,Al-Qawī,Tier 1,7,mid-verse,mid-verse,Medinan,False,False,refrain_surah8_n3
8,الأنفال,52,1,اللَّه,Allāh,Tier 1,54,الْقَوِي,Al-Qawī,Tier 1,5,mid-verse,mid-verse,Medinan,False,False,refrain_surah8_n3
8,الأنفال,52,1,اللَّه,Allāh,Tier 1,54,الْقَوِي,Al-Qawī,Tier 1,1,mid-verse,mid-verse,Medinan,False,False,refrain_surah8_n3
8,الأنفال,53,1,اللَّه,Allāh,Tier 1,37,الْعَلِي,Al-'Alī,Tier 1,6,mid-verse,mid-verse,Medinan,False,False,refrain_surah8_n13
8,الأنفال,53,37,الْعَلِي,Al-'Alī,Tier 1,1,اللَّه,Allāh,Tier 1,8,mid-verse,mid-verse,Medinan,False,False,refrain_surah8_n13
8,الأنفال,53,37,الْعَلِي,Al-'Alī,Tier 1,27,السَّمِيع,Al-Samī',Tier 1,9,mid-verse,verse-final,Medinan,False,False,
8,الأنفال,53,37,الْعَلِي,Al-'Alī,Tier 1,20,الْعَلِيم,Al-'Alīm,Tier 1,10,mid-verse,verse-final,Medinan,False,False,
8,الأنفال,53,1,اللَّه,Allāh,Tier 1,27,السَّمِيع,Al-Samī',Tier 1,1,mid-verse,verse-final,Medinan,False,False,refrain_surah8_n4
8,الأنفال,53,1,اللَّه,Allāh,Tier 1,20,الْعَلِيم,Al-'Alīm,Tier 1,2,mid-verse,verse-final,Medinan,False,False,refrain_surah8_n9
8,الأنفال,53,27,السَّمِيع,Al-Samī',Tier 1,20,الْعَلِيم,Al-'Alīm,Tier 1,1,verse-final,verse-final,Medinan,False,False,refrain_surah8_n4
8,الأنفال,58,37,الْعَلِي,Al-'Alī,Tier 1,1,اللَّه,Allāh,Tier 1,4,mid-verse,mid-verse,Medinan,False,False,refrain_surah8_n13
8,الأنفال,61,37,الْعَلِي,Al-'Alī,Tier 1,1,اللَّه,Allāh,Tier 1,1,mid-verse,mid-verse,Medinan,False,False,refrain_surah8_n13
8,الأنفال,61,37,الْعَلِي,Al-'Alī,Tier 1,27,السَّمِيع,Al-Samī',Tier 1,5,mid-verse,verse-final,Medinan,False,False,
8,الأنفال,61,37,الْعَلِي,Al-'Alī,Tier 1,20,الْعَلِيم,Al-'Alīm,Tier 1,6,mid-verse,verse-final,Medinan,False,False,
8,الأنفال,61,1,اللَّه,Allāh,Tier 1,27,السَّمِيع,Al-Samī',Tier 1,4,mid-verse,verse-final,Medinan,False,False,refrain_surah8_n4
8,الأنفال,61,1,اللَّه,Allāh,Tier 1,20,الْعَلِيم,Al-'Alīm,Tier 1,5,mid-verse,verse-final,Medinan,False,False,refrain_surah8_n9
8,الأنفال,61,27,السَّمِيع,Al-Samī',Tier 1,20,الْعَلِيم,Al-'Alīm,Tier 1,1,verse-final,verse-final,Medinan,False,False,refrain_surah8_n4
8,الأنفال,62,1,اللَّه,Allāh,Tier 1,7,الْمُؤْمِن,Al-Mu'min,Tier 1,6,mid-verse,verse-final,Medinan,False,False,refrain_surah8_n9
8,الأنفال,63,1,اللَّه,Allāh,Tier 1,9,الْعَزِيز,Al-'Azīz,Tier 1,5,mid-verse,verse-final,Medinan,True,False,refrain_surah8_n7
8,الأنفال,63,1,اللَّه,Allāh,Tier 1,47,الْحَكِيم,Al-Ḥakīm,Tier 1,6,mid-verse,verse-final,Medinan,False,False,refrain_surah8_n9
8,الأنفال,63,9,الْعَزِيز,Al-'Azīz,Tier 1,47,الْحَكِيم,Al-Ḥakīm,Tier 1,1,verse-final,verse-final,Medinan,True,False,refrain_surah8_n4
8,الأنفال,64,1,اللَّه,Allāh,Tier 1,7,الْمُؤْمِن,Al-Mu'min,Tier 1,4,mid-verse,verse-final,Medinan,False,False,refrain_surah8_n9
8,الأنفال,65,7,الْمُؤْمِن,Al-Mu'min,Tier 1,37,الْعَلِي,Al-'Alī,Tier 1,1,mid-verse,mid-verse,Medinan,False,False,
8,الأنفال,67,1,اللَّه,Allāh,Tier 1,9,الْعَزِيز,Al-'Azīz,Tier 1,5,mid-verse,verse-final,Medinan,True,False,refrain_surah8_n7
8,الأنفال,67,1,اللَّه,Allāh,Tier 1,47,الْحَكِيم,Al-Ḥakīm,Tier 1,6,mid-verse,verse-final,Medinan,False,False,refrain_surah8_n9
8,الأنفال,67,1,اللَّه,Allāh,Tier 1,9,الْعَزِيز,Al-'Azīz,Tier 1,1,mid-verse,verse-final,Medinan,True,False,refrain_surah8_n7
8,الأنفال,67,1,اللَّه,Allāh,Tier 1,47,الْحَكِيم,Al-Ḥakīm,Tier 1,2,mid-verse,verse-final,Medinan,False,False,refrain_surah8_n9
8,الأنفال,67,9,الْعَزِيز,Al-'Azīz,Tier 1,47,الْحَكِيم,Al-Ḥakīm,Tier 1,1,verse-final,verse-final,Medinan,True,False,refrain_surah8_n4
8,الأنفال,68,1,اللَّه,Allāh,Tier 1,34,الْعَظِيم,Al-'Aẓīm,Tier 1,6,mid-verse,verse-final,Medinan,False,False,refrain_surah8_n3
8,الأنفال,69,1,اللَّه,Allāh,Tier 1,35,الْغَفُور,Al-Ghafūr,Tier 1,4,mid-verse,verse-final,Medinan,False,False,refrain_surah8_n3
8,الأنفال,69,1,اللَّه,Allāh,Tier 1,3,الرَّحِيمِ,Al-Raḥīm,Tier 1,5,mid-verse,verse-final,Medinan,False,False,refrain_surah8_n3
8,الأنفال,69,1,اللَّه,Allāh,Tier 1,35,الْغَفُور,Al-Ghafūr,Tier 1,1,mid-verse,verse-final,Medinan,False,False,refrain_surah8_n3
8,الأنفال,69,1,اللَّه,Allāh,Tier 1,3,الرَّحِيمِ,Al-Raḥīm,Tier 1,2,mid-verse,verse-final,Medinan,False,False,refrain_surah8_n3
8,الأنفال,69,35,الْغَفُور,Al-Ghafūr,Tier 1,3,الرَّحِيمِ,Al-Raḥīm,Tier 1,1,verse-final,verse-final,Medinan,False,False,
8,الأنفال,70,1,اللَّه,Allāh,Tier 1,35,الْغَفُور,Al-Ghafūr,Tier 1,1,mid-verse,verse-final,Medinan,False,False,refrain_surah8_n3
8,الأنفال,70,1,اللَّه,Allāh,Tier 1,3,الرَّحِيمِ,Al-Raḥīm,Tier 1,2,mid-verse,verse-final,Medinan,False,False,refrain_surah8_n3
8,الأنفال,70,35,الْغَفُور,Al-Ghafūr,Tier 1,3,الرَّحِيمِ,Al-Raḥīm,Tier 1,1,verse-final,verse-final,Medinan,False,False,
8,الأنفال,71,1,اللَّه,Allāh,Tier 1,20,الْعَلِيم,Al-'Alīm,Tier 1,7,mid-verse,verse-final,Medinan,False,False,refrain_surah8_n9
8,الأنفال,71,1,اللَّه,Allāh,Tier 1,47,الْحَكِيم,Al-Ḥakīm,Tier 1,8,mid-verse,verse-final,Medinan,False,False,refrain_surah8_n9
8,الأنفال,71,1,اللَّه,Allāh,Tier 1,20,الْعَلِيم,Al-'Alīm,Tier 1,1,mid-verse,verse-final,Medinan,False,False,refrain_surah8_n9
8,الأنفال,71,1,اللَّه,Allāh,Tier 1,47,الْحَكِيم,Al-Ḥakīm,Tier 1,2,mid-verse,verse-final,Medinan,False,False,refrain_surah8_n9
8,الأنفال,71,20,الْعَلِيم,Al-'Alīm,Tier 1,47,الْحَكِيم,Al-Ḥakīm,Tier 1,1,verse-final,verse-final,Medinan,False,False,
8,الأنفال,72,37,الْعَلِي,Al-'Alī,Tier 1,1,اللَّه,Allāh,Tier 1,6,mid-verse,mid-verse,Medinan,False,False,refrain_surah8_n13
8,الأنفال,72,37,الْعَلِي,Al-'Alī,Tier 1,28,الْبَصِير,Al-Baṣīr,Tier 1,9,mid-verse,verse-final,Medinan,False,False,
8,الأنفال,72,1,اللَّه,Allāh,Tier 1,28,الْبَصِير,Al-Baṣīr,Tier 1,3,mid-verse,verse-final,Medinan,False,False,refrain_surah8_n3
8,الأنفال,74,1,اللَّه,Allāh,Tier 1,7,الْمُؤْمِن,Al-Mu'min,Tier 1,6,mid-verse,mid-verse,Medinan,False,False,refrain_surah8_n9
8,الأنفال,74,7,الْمُؤْمِن,Al-Mu'min,Tier 1,43,الْكَرِيم,Al-Karīm,Tier 1,6,mid-verse,verse-final,Medinan,False,False,
8,الأنفال,75,74,الْأَوَّل,Al-Awwal,Tier 1,1,اللَّه,Allāh,Tier 1,4,mid-verse,mid-verse,Medinan,False,False,
8,الأنفال,75,74,الْأَوَّل,Al-Awwal,Tier 1,1,اللَّه,Allāh,Tier 1,7,mid-verse,mid-verse,Medinan,False,False,
8,الأنفال,75,74,الْأَوَّل,Al-Awwal,Tier 1,20,الْعَلِيم,Al-'Alīm,Tier 1,10,mid-verse,verse-final,Medinan,False,False,
8,الأنفال,75,1,اللَّه,Allāh,Tier 1,20,الْعَلِيم,Al-'Alīm,Tier 1,6,mid-verse,verse-final,Medinan,False,False,refrain_surah8_n9
8,الأنفال,75,1,اللَّه,Allāh,Tier 1,20,الْعَلِيم,Al-'Alīm,Tier 1,3,mid-verse,verse-final,Medinan,False,False,refrain_surah8_n9
9,التوبة,4,37,الْعَلِي,Al-'Alī,Tier 1,1,اللَّه,Allāh,Tier 1,9,mid-verse,mid-verse,Medinan,False,False,refrain_surah9_n32
9,التوبة,5,1,اللَّه,Allāh,Tier 1,35,الْغَفُور,Al-Ghafūr,Tier 1,1,mid-verse,verse-final,Medinan,False,False,refrain_surah9_n9
9,التوبة,5,1,اللَّه,Allāh,Tier 1,3,الرَّحِيمِ,Al-Raḥīm,Tier 1,2,mid-verse,verse-final,Medinan,False,False,refrain_surah9_n10
9,التوبة,5,35,الْغَفُور,Al-Ghafūr,Tier 1,3,الرَّحِيمِ,Al-Raḥīm,Tier 1,1,verse-final,verse-final,Medinan,False,False,refrain_surah9_n5
9,التوبة,6,68,الْأَحَد,Al-Aḥad,Tier 1,1,اللَّه,Allāh,Tier 1,8,verse-opening,mid-verse,Medinan,False,False,refrain_surah9_n3
9,التوبة,13,74,الْأَوَّل,Al-Awwal,Tier 1,1,اللَّه,Allāh,Tier 1,5,mid-verse,mid-verse,Medinan,False,False,
9,التوبة,13,1,اللَّه,Allāh,Tier 1,7,الْمُؤْمِن,Al-Mu'min,Tier 1,6,mid-verse,verse-final,Medinan,False,False,refrain_surah9_n17
9,التوبة,14,1,اللَّه,Allāh,Tier 1,37,الْعَلِي,Al-'Alī,Tier 1,4,mid-verse,mid-verse,Medinan,False,False,refrain_surah9_n32
9,التوبة,14,1,اللَّه,Allāh,Tier 1,7,الْمُؤْمِن,Al-Mu'min,Tier 1,8,mid-verse,verse-final,Medinan,False,False,refrain_surah9_n17
9,التوبة,14,37,الْعَلِي,Al-'Alī,Tier 1,7,الْمُؤْمِن,Al-Mu'min,Tier 1,4,mid-verse,verse-final,Medinan,False,False,refrain_surah9_n3
9,التوبة,15,1,اللَّه,Allāh,Tier 1,37,الْعَلِي,Al-'Alī,Tier 1,1,mid-verse,mid-verse,Medinan,False,False,refrain_surah9_n32
9,التوبة,15,1,اللَّه,Allāh,Tier 1,20,الْعَلِيم,Al-'Alīm,Tier 1,6,mid-verse,verse-final,Medinan,False,False,refrain_surah9_n18
9,التوبة,15,1,اللَّه,Allāh,Tier 1,47,الْحَكِيم,Al-Ḥakīm,Tier 1,7,mid-verse,verse-final,Medinan,False,False,refrain_surah9_n17
9,التوبة,15,37,الْعَلِي,Al-'Alī,Tier 1,1,اللَّه,Allāh,Tier 1,4,mid-verse,mid-verse,Medinan,False,False,refrain_surah9_n32
9,التوبة,15,37,الْعَلِي,Al-'Alī,Tier 1,20,الْعَلِيم,Al-'Alīm,Tier 1,5,mid-verse,verse-final,Medinan,False,False,refrain_surah9_n5
9,التوبة,15,37,الْعَلِي,Al-'Alī,Tier 1,47,الْحَكِيم,Al-Ḥakīm,Tier 1,6,mid-verse,verse-final,Medinan,False,False,refrain_surah9_n3
9,التوبة,15,1,اللَّه,Allāh,Tier 1,20,الْعَلِيم,Al-'Alīm,Tier 1,1,mid-verse,verse-final,Medinan,False,False,refrain_surah9_n18
9,التوبة,15,1,اللَّه,Allāh,Tier 1,47,الْحَكِيم,Al-Ḥakīm,Tier 1,2,mid-verse,verse-final,Medinan,False,False,refrain_surah9_n17
9,التوبة,15,20,الْعَلِيم,Al-'Alīm,Tier 1,47,الْحَكِيم,Al-Ḥakīm,Tier 1,1,verse-final,verse-final,Medinan,False,False,refrain_surah9_n6
9,التوبة,16,1,اللَّه,Allāh,Tier 1,7,الْمُؤْمِن,Al-Mu'min,Tier 1,4,mid-verse,mid-verse,Medinan,False,False,refrain_surah9_n17
9,التوبة,16,1,اللَّه,Allāh,Tier 1,32,الْخَبِير,Al-Khabīr,Tier 1,8,mid-verse,mid-verse,Medinan,False,False,
9,التوبة,16,7,الْمُؤْمِن,Al-Mu'min,Tier 1,1,اللَّه,Allāh,Tier 1,3,mid-verse,mid-verse,Medinan,False,False,refrain_surah9_n17
9,التوبة,16,7,الْمُؤْمِن,Al-Mu'min,Tier 1,32,الْخَبِير,Al-Khabīr,Tier 1,4,mid-verse,mid-verse,Medinan,False,False,
9,التوبة,16,1,اللَّه,Allāh,Tier 1,32,الْخَبِير,Al-Khabīr,Tier 1,1,mid-verse,mid-verse,Medinan,False,False,
9,التوبة,17,1,اللَّه,Allāh,Tier 1,37,الْعَلِي,Al-'Alī,Tier 1,2,mid-verse,mid-verse,Medinan,False,False,refrain_surah9_n32
9,التوبة,22,1,اللَّه,Allāh,Tier 1,34,الْعَظِيم,Al-'Aẓīm,Tier 1,3,mid-verse,verse-final,Medinan,False,False,
9,التوبة,25,89,الْغَنِي,Al-Ghanī,Tier 1,37,الْعَلِي,Al-'Alī,Tier 1,4,mid-verse,mid-verse,Medinan,False,False,
9,التوبة,25,89,الْغَنِي,Al-Ghanī,Tier 1,56,الْوَلِي,Al-Walī,Tier 1,9,mid-verse,verse-final,Medinan,False,False,
9,التوبة,25,37,الْعَلِي,Al-'Alī,Tier 1,56,الْوَلِي,Al-Walī,Tier 1,5,mid-verse,verse-final,Medinan,False,False,
9,التوبة,26,1,اللَّه,Allāh,Tier 1,37,الْعَلِي,Al-'Alī,Tier 1,2,mid-verse,mid-verse,Medinan,False,False,refrain_surah9_n32
9,التوبة,26,1,اللَّه,Allāh,Tier 1,7,الْمُؤْمِن,Al-Mu'min,Tier 1,5,mid-verse,mid-verse,Medinan,False,False,refrain_surah9_n17
9,التوبة,26,37,الْعَلِي,Al-'Alī,Tier 1,7,الْمُؤْمِن,Al-Mu'min,Tier 1,3,mid-verse,mid-verse,Medinan,False,False,refrain_surah9_n3
9,التوبة,27,1,اللَّه,Allāh,Tier 1,37,الْعَلِي,Al-'Alī,Tier 1,4,mid-verse,mid-verse,Medinan,False,False,refrain_surah9_n32
9,التوبة,27,1,اللَّه,Allāh,Tier 1,35,الْغَفُور,Al-Ghafūr,Tier 1,9,mid-verse,verse-final,Medinan,False,False,refrain_surah9_n9
9,التوبة,27,1,اللَّه,Allāh,Tier 1,3,الرَّحِيمِ,Al-Raḥīm,Tier 1,10,mid-verse,verse-final,Medinan,False,False,refrain_surah9_n10
9,التوبة,27,37,الْعَلِي,Al-'Alī,Tier 1,1,اللَّه,Allāh,Tier 1,4,mid-verse,mid-verse,Medinan,False,False,refrain_surah9_n32
9,التوبة,27,37,الْعَلِي,Al-'Alī,Tier 1,35,الْغَفُور,Al-Ghafūr,Tier 1,5,mid-verse,verse-final,Medinan,False,False,refrain_surah9_n3
9,التوبة,27,37,الْعَلِي,Al-'Alī,Tier 1,3,الرَّحِيمِ,Al-Raḥīm,Tier 1,6,mid-verse,verse-final,Medinan,False,False,refrain_surah9_n6
9,التوبة,27,1,اللَّه,Allāh,Tier 1,35,الْغَفُور,Al-Ghafūr,Tier 1,1,mid-verse,verse-final,Medinan,False,False,refrain_surah9_n9
9,التوبة,27,1,اللَّه,Allāh,Tier 1,3,الرَّحِيمِ,Al-Raḥīm,Tier 1,2,mid-verse,verse-final,Medinan,False,False,refrain_surah9_n10
9,التوبة,27,35,الْغَفُور,Al-Ghafūr,Tier 1,3,الرَّحِيمِ,Al-Raḥīm,Tier 1,1,verse-final,verse-final,Medinan,False,False,refrain_surah9_n5
9,التوبة,28,1,اللَّه,Allāh,Tier 1,20,الْعَلِيم,Al-'Alīm,Tier 1,8,mid-verse,verse-final,Medinan,False,False,refrain_surah9_n18
9,التوبة,28,1,اللَّه,Allāh,Tier 1,47,الْحَكِيم,Al-Ḥakīm,Tier 1,9,mid-verse,verse-final,Medinan,False,False,refrain_surah9_n17
9,التوبة,28,1,اللَّه,Allāh,Tier 1,20,الْعَلِيم,Al-'Alīm,Tier 1,1,mid-verse,verse-final,Medinan,False,False,refrain_surah9_n18
9,التوبة,28,1,اللَّه,Allāh,Tier 1,47,الْحَكِيم,Al-Ḥakīm,Tier 1,2,mid-verse,verse-final,Medinan,False,False,refrain_surah9_n17
9,التوبة,28,20,الْعَلِيم,Al-'Alīm,Tier 1,47,الْحَكِيم,Al-Ḥakīm,Tier 1,1,verse-final,verse-final,Medinan,False,False,refrain_surah9_n6
9,التوبة,29,1,اللَّه,Allāh,Tier 1,52,الْحَق,Al-Ḥaqq,Tier 1,5,mid-verse,mid-verse,Medinan,False,False,
9,التوبة,32,94,النُّور,Al-Nūr,Tier 1,1,اللَّه,Allāh,Tier 1,1,mid-verse,mid-verse,Medinan,False,False,
9,التوبة,32,94,النُّور,Al-Nūr,Tier 1,1,اللَّه,Allāh,Tier 1,4,mid-verse,mid-verse,Medinan,False,False,
9,التوبة,33,52,الْحَق,Al-Ḥaqq,Tier 1,37,الْعَلِي,Al-'Alī,Tier 1,2,mid-verse,mid-verse,Medinan,False,False,
9,التوبة,39,1,اللَّه,Allāh,Tier 1,37,الْعَلِي,Al-'Alī,Tier 1,1,mid-verse,mid-verse,Medinan,False,False,refrain_surah9_n32
9,التوبة,40,1,اللَّه,Allāh,Tier 1,9,الْعَزِيز,Al-'Azīz,Tier 1,5,mid-verse,verse-final,Medinan,True,False,refrain_surah9_n5
9,التوبة,40,1,اللَّه,Allāh,Tier 1,47,الْحَكِيم,Al-Ḥakīm,Tier 1,6,mid-verse,verse-final,Medinan,False,False,refrain_surah9_n17
9,التوبة,40,1,اللَّه,Allāh,Tier 1,9,الْعَزِيز,Al-'Azīz,Tier 1,1,mid-verse,verse-final,Medinan,True,False,refrain_surah9_n5
9,التوبة,40,1,اللَّه,Allāh,Tier 1,47,الْحَكِيم,Al-Ḥakīm,Tier 1,2,mid-verse,verse-final,Medinan,False,False,refrain_surah9_n17
9,التوبة,40,9,الْعَزِيز,Al-'Azīz,Tier 1,47,الْحَكِيم,Al-Ḥakīm,Tier 1,1,verse-final,verse-final,Medinan,True,False,
9,التوبة,42,37,الْعَلِي,Al-'Alī,Tier 1,1,اللَّه,Allāh,Tier 1,4,mid-verse,mid-verse,Medinan,False,False,refrain_surah9_n32
9,التوبة,44,1,اللَّه,Allāh,Tier 1,20,الْعَلِيم,Al-'Alīm,Tier 1,9,mid-verse,verse-final,Medinan,False,False,refrain_surah9_n18
9,التوبة,44,1,اللَّه,Allāh,Tier 1,20,الْعَلِيم,Al-'Alīm,Tier 1,1,mid-verse,verse-final,Medinan,False,False,refrain_surah9_n18
9,التوبة,47,1,اللَّه,Allāh,Tier 1,20,الْعَلِيم,Al-'Alīm,Tier 1,1,mid-verse,verse-final,Medinan,False,False,refrain_surah9_n18
9,التوبة,48,52,الْحَق,Al-Ḥaqq,Tier 1,1,اللَّه,Allāh,Tier 1,3,mid-verse,mid-verse,Medinan,False,False,
9,التوبة,51,1,اللَّه,Allāh,Tier 1,7,الْمُؤْمِن,Al-Mu'min,Tier 1,8,mid-verse,verse-final,Medinan,False,False,refrain_surah9_n17
9,التوبة,51,1,اللَّه,Allāh,Tier 1,7,الْمُؤْمِن,Al-Mu'min,Tier 1,2,mid-verse,verse-final,Medinan,False,False,refrain_surah9_n17
9,التوبة,52,68,الْأَحَد,Al-Aḥad,Tier 1,1,اللَّه,Allāh,Tier 1,8,mid-verse,mid-verse,Medinan,False,False,refrain_surah9_n3
9,التوبة,60,37,الْعَلِي,Al-'Alī,Tier 1,1,اللَّه,Allāh,Tier 1,8,mid-verse,mid-verse,Medinan,False,False,refrain_surah9_n32
9,التوبة,60,1,اللَّه,Allāh,Tier 1,20,الْعَلِيم,Al-'Alīm,Tier 1,9,mid-verse,verse-final,Medinan,False,False,refrain_surah9_n18
9,التوبة,60,1,اللَّه,Allāh,Tier 1,47,الْحَكِيم,Al-Ḥakīm,Tier 1,10,mid-verse,verse-final,Medinan,False,False,refrain_surah9_n17
9,التوبة,60,1,اللَّه,Allāh,Tier 1,20,الْعَلِيم,Al-'Alīm,Tier 1,3,mid-verse,verse-final,Medinan,False,False,refrain_surah9_n18
9,التوبة,60,1,اللَّه,Allāh,Tier 1,47,الْحَكِيم,Al-Ḥakīm,Tier 1,4,mid-verse,verse-final,Medinan,False,False,refrain_surah9_n17
9,التوبة,60,1,اللَّه,Allāh,Tier 1,20,الْعَلِيم,Al-'Alīm,Tier 1,1,mid-verse,verse-final,Medinan,False,False,refrain_surah9_n18
9,التوبة,60,1,اللَّه,Allāh,Tier 1,47,الْحَكِيم,Al-Ḥakīm,Tier 1,2,mid-verse,verse-final,Medinan,False,False,refrain_surah9_n17
9,التوبة,60,20,الْعَلِيم,Al-'Alīm,Tier 1,47,الْحَكِيم,Al-Ḥakīm,Tier 1,1,verse-final,verse-final,Medinan,False,False,refrain_surah9_n6
9,التوبة,61,1,اللَّه,Allāh,Tier 1,7,الْمُؤْمِن,Al-Mu'min,Tier 1,2,mid-verse,mid-verse,Medinan,False,False,refrain_surah9_n17
9,التوبة,61,7,الْمُؤْمِن,Al-Mu'min,Tier 1,1,اللَّه,Allāh,Tier 1,9,mid-verse,mid-verse,Medinan,False,False,refrain_surah9_n17
9,التوبة,62,1,اللَّه,Allāh,Tier 1,7,الْمُؤْمِن,Al-Mu'min,Tier 1,10,verse-opening,verse-final,Medinan,False,False,refrain_surah9_n17
9,التوبة,62,1,اللَّه,Allāh,Tier 1,7,الْمُؤْمِن,Al-Mu'min,Tier 1,7,mid-verse,verse-final,Medinan,False,False,refrain_surah9_n17
9,التوبة,64,37,الْعَلِي,Al-'Alī,Tier 1,1,اللَّه,Allāh,Tier 1,10,mid-verse,mid-verse,Medinan,False,False,refrain_surah9_n32
9,التوبة,71,1,اللَّه,Allāh,Tier 1,9,الْعَزِيز,Al-'Azīz,Tier 1,9,mid-verse,verse-final,Medinan,True,False,refrain_surah9_n5
9,التوبة,71,1,اللَّه,Allāh,Tier 1,47,الْحَكِيم,Al-Ḥakīm,Tier 1,10,mid-verse,verse-final,Medinan,False,False,refrain_surah9_n17
9,التوبة,71,1,اللَّه,Allāh,Tier 1,9,الْعَزِيز,Al-'Azīz,Tier 1,4,mid-verse,verse-final,Medinan,True,False,refrain_surah9_n5
9,التوبة,71,1,اللَّه,Allāh,Tier 1,47,الْحَكِيم,Al-Ḥakīm,Tier 1,5,mid-verse,verse-final,Medinan,False,False,refrain_surah9_n17
9,التوبة,71,1,اللَّه,Allāh,Tier 1,9,الْعَزِيز,Al-'Azīz,Tier 1,1,mid-verse,verse-final,Medinan,True,False,refrain_surah9_n5
9,التوبة,71,1,اللَّه,Allāh,Tier 1,47,الْحَكِيم,Al-Ḥakīm,Tier 1,2,mid-verse,verse-final,Medinan,False,False,refrain_surah9_n17
9,التوبة,71,9,الْعَزِيز,Al-'Azīz,Tier 1,47,الْحَكِيم,Al-Ḥakīm,Tier 1,1,verse-final,verse-final,Medinan,True,False,
9,التوبة,72,1,اللَّه,Allāh,Tier 1,7,الْمُؤْمِن,Al-Mu'min,Tier 1,1,verse-opening,mid-verse,Medinan,False,False,refrain_surah9_n17
9,التوبة,72,1,اللَّه,Allāh,Tier 1,34,الْعَظِيم,Al-'Aẓīm,Tier 1,6,mid-verse,verse-final,Medinan,False,False,
9,التوبة,84,37,الْعَلِي,Al-'Alī,Tier 1,68,الْأَحَد,Al-Aḥad,Tier 1,1,mid-verse,mid-verse,Medinan,False,False,
9,التوبة,84,68,الْأَحَد,Al-Aḥad,Tier 1,37,الْعَلِي,Al-'Alī,Tier 1,6,mid-verse,mid-verse,Medinan,False,False,
9,التوبة,84,37,الْعَلِي,Al-'Alī,Tier 1,1,اللَّه,Allāh,Tier 1,5,mid-verse,mid-verse,Medinan,False,False,refrain_surah9_n32
9,التوبة,91,37,الْعَلِي,Al-'Alī,Tier 1,1,اللَّه,Allāh,Tier 1,9,mid-verse,mid-verse,Medinan,False,False,refrain_surah9_n32
9,التوبة,91,1,اللَّه,Allāh,Tier 1,37,الْعَلِي,Al-'Alī,Tier 1,4,mid-verse,mid-verse,Medinan,False,False,refrain_surah9_n32
9,التوبة,91,1,اللَّه,Allāh,Tier 1,35,الْغَفُور,Al-Ghafūr,Tier 1,10,mid-verse,verse-final,Medinan,False,False,refrain_surah9_n9
9,التوبة,91,37,الْعَلِي,Al-'Alī,Tier 1,1,اللَّه,Allāh,Tier 1,5,mid-verse,mid-verse,Medinan,False,False,refrain_surah9_n32
9,التوبة,91,37,الْعَلِي,Al-'Alī,Tier 1,35,الْغَفُور,Al-Ghafūr,Tier 1,6,mid-verse,verse-final,Medinan,False,False,refrain_surah9_n3
9,التوبة,91,37,الْعَلِي,Al-'Alī,Tier 1,3,الرَّحِيمِ,Al-Raḥīm,Tier 1,7,mid-verse,verse-final,Medinan,False,False,refrain_surah9_n6
9,التوبة,91,1,اللَّه,Allāh,Tier 1,35,الْغَفُور,Al-Ghafūr,Tier 1,1,mid-verse,verse-final,Medinan,False,False,refrain_surah9_n9
9,التوبة,91,1,اللَّه,Allāh,Tier 1,3,الرَّحِيمِ,Al-Raḥīm,Tier 1,2,mid-verse,verse-final,Medinan,False,False,refrain_surah9_n10
9,التوبة,91,35,الْغَفُور,Al-Ghafūr,Tier 1,3,الرَّحِيمِ,Al-Raḥīm,Tier 1,1,verse-final,verse-final,Medinan,False,False,refrain_surah9_n5
9,التوبة,93,1,اللَّه,Allāh,Tier 1,37,الْعَلِي,Al-'Alī,Tier 1,1,mid-verse,mid-verse,Medinan,False,False,refrain_surah9_n32
9,التوبة,97,1,اللَّه,Allāh,Tier 1,37,الْعَلِي,Al-'Alī,Tier 1,1,mid-verse,mid-verse,Medinan,False,False,refrain_surah9_n32
9,التوبة,97,1,اللَّه,Allāh,Tier 1,20,الْعَلِيم,Al-'Alīm,Tier 1,5,mid-verse,verse-final,Medinan,False,False,refrain_surah9_n18
9,التوبة,97,1,اللَّه,Allāh,Tier 1,47,الْحَكِيم,Al-Ḥakīm,Tier 1,6,mid-verse,verse-final,Medinan,False,False,refrain_surah9_n17
9,التوبة,97,37,الْعَلِي,Al-'Alī,Tier 1,1,اللَّه,Allāh,Tier 1,3,mid-verse,mid-verse,Medinan,False,False,refrain_surah9_n32
9,التوبة,97,37,الْعَلِي,Al-'Alī,Tier 1,20,الْعَلِيم,Al-'Alīm,Tier 1,4,mid-verse,verse-final,Medinan,False,False,refrain_surah9_n5
9,التوبة,97,37,الْعَلِي,Al-'Alī,Tier 1,47,الْحَكِيم,Al-Ḥakīm,Tier 1,5,mid-verse,verse-final,Medinan,False,False,refrain_surah9_n3
9,التوبة,97,1,اللَّه,Allāh,Tier 1,20,الْعَلِيم,Al-'Alīm,Tier 1,1,mid-verse,verse-final,Medinan,False,False,refrain_surah9_n18
9,التوبة,97,1,اللَّه,Allāh,Tier 1,47,الْحَكِيم,Al-Ḥakīm,Tier 1,2,mid-verse,verse-final,Medinan,False,False,refrain_surah9_n17
9,التوبة,97,20,الْعَلِيم,Al-'Alīm,Tier 1,47,الْحَكِيم,Al-Ḥakīm,Tier 1,1,verse-final,verse-final,Medinan,False,False,refrain_surah9_n6
9,التوبة,98,37,الْعَلِي,Al-'Alī,Tier 1,1,اللَّه,Allāh,Tier 1,4,mid-verse,mid-verse,Medinan,False,False,refrain_surah9_n32
9,التوبة,98,37,الْعَلِي,Al-'Alī,Tier 1,27,السَّمِيع,Al-Samī',Tier 1,5,mid-verse,verse-final,Medinan,False,False,
9,التوبة,98,37,الْعَلِي,Al-'Alī,Tier 1,20,الْعَلِيم,Al-'Alīm,Tier 1,6,mid-verse,verse-final,Medinan,False,False,refrain_surah9_n5
9,التوبة,98,1,اللَّه,Allāh,Tier 1,27,السَّمِيع,Al-Samī',Tier 1,1,mid-verse,verse-final,Medinan,False,False,
9,التوبة,98,1,اللَّه,Allāh,Tier 1,20,الْعَلِيم,Al-'Alīm,Tier 1,2,mid-verse,verse-final,Medinan,False,False,refrain_surah9_n18
9,التوبة,98,27,السَّمِيع,Al-Samī',Tier 1,20,الْعَلِيم,Al-'Alīm,Tier 1,1,verse-final,verse-final,Medinan,False,False,
9,التوبة,99,1,اللَّه,Allāh,Tier 1,35,الْغَفُور,Al-Ghafūr,Tier 1,6,mid-verse,verse-final,Medinan,False,False,refrain_surah9_n9
9,التوبة,99,1,اللَّه,Allāh,Tier 1,3,الرَّحِيمِ,Al-Raḥīm,Tier 1,7,mid-verse,verse-final,Medinan,False,False,refrain_surah9_n10
9,التوبة,99,1,اللَّه,Allāh,Tier 1,35,الْغَفُور,Al-Ghafūr,Tier 1,1,mid-verse,verse-final,Medinan,False,False,refrain_surah9_n9
9,التوبة,99,1,اللَّه,Allāh,Tier 1,3,الرَّحِيمِ,Al-Raḥīm,Tier 1,2,mid-verse,verse-final,Medinan,False,False,refrain_surah9_n10
9,التوبة,99,35,الْغَفُور,Al-Ghafūr,Tier 1,3,الرَّحِيمِ,Al-Raḥīm,Tier 1,1,verse-final,verse-final,Medinan,False,False,refrain_surah9_n5
9,التوبة,100,74,الْأَوَّل,Al-Awwal,Tier 1,1,اللَّه,Allāh,Tier 1,8,verse-opening,mid-verse,Medinan,False,False,
9,التوبة,102,1,اللَّه,Allāh,Tier 1,37,الْعَلِي,Al-'Alī,Tier 1,3,mid-verse,mid-verse,Medinan,False,False,refrain_surah9_n32
9,التوبة,102,1,اللَّه,Allāh,Tier 1,35,الْغَفُور,Al-Ghafūr,Tier 1,7,mid-verse,verse-final,Medinan,False,False,refrain_surah9_n9
9,التوبة,102,1,اللَّه,Allāh,Tier 1,3,الرَّحِيمِ,Al-Raḥīm,Tier 1,8,mid-verse,verse-final,Medinan,False,False,refrain_surah9_n10
9,التوبة,102,37,الْعَلِي,Al-'Alī,Tier 1,1,اللَّه,Allāh,Tier 1,3,mid-verse,mid-verse,Medinan,False,False,refrain_surah9_n32
9,التوبة,102,37,الْعَلِي,Al-'Alī,Tier 1,35,الْغَفُور,Al-Ghafūr,Tier 1,4,mid-verse,verse-final,Medinan,False,False,refrain_surah9_n3
9,التوبة,102,37,الْعَلِي,Al-'Alī,Tier 1,3,الرَّحِيمِ,Al-Raḥīm,Tier 1,5,mid-verse,verse-final,Medinan,False,False,refrain_surah9_n6
9,التوبة,102,1,اللَّه,Allāh,Tier 1,35,الْغَفُور,Al-Ghafūr,Tier 1,1,mid-verse,verse-final,Medinan,False,False,refrain_surah9_n9
9,التوبة,102,1,اللَّه,Allāh,Tier 1,3,الرَّحِيمِ,Al-Raḥīm,Tier 1,2,mid-verse,verse-final,Medinan,False,False,refrain_surah9_n10
9,التوبة,102,35,الْغَفُور,Al-Ghafūr,Tier 1,3,الرَّحِيمِ,Al-Raḥīm,Tier 1,1,verse-final,verse-final,Medinan,False,False,refrain_surah9_n5
9,التوبة,103,37,الْعَلِي,Al-'Alī,Tier 1,1,اللَّه,Allāh,Tier 1,7,mid-verse,mid-verse,Medinan,False,False,refrain_surah9_n32
9,التوبة,103,37,الْعَلِي,Al-'Alī,Tier 1,27,السَّمِيع,Al-Samī',Tier 1,8,mid-verse,verse-final,Medinan,False,False,
9,التوبة,103,37,الْعَلِي,Al-'Alī,Tier 1,20,الْعَلِيم,Al-'Alīm,Tier 1,9,mid-verse,verse-final,Medinan,False,False,refrain_surah9_n5
9,التوبة,103,1,اللَّه,Allāh,Tier 1,27,السَّمِيع,Al-Samī',Tier 1,1,mid-verse,verse-final,Medinan,False,False,
9,التوبة,103,1,اللَّه,Allāh,Tier 1,20,الْعَلِيم,Al-'Alīm,Tier 1,2,mid-verse,verse-final,Medinan,False,False,refrain_surah9_n18
9,التوبة,103,27,السَّمِيع,Al-Samī',Tier 1,20,الْعَلِيم,Al-'Alīm,Tier 1,1,verse-final,verse-final,Medinan,False,False,
9,التوبة,104,1,اللَّه,Allāh,Tier 1,81,التَّوَّاب,Al-Tawwāb,Tier 1,2,mid-verse,verse-final,Medinan,False,False,
9,التوبة,104,1,اللَّه,Allāh,Tier 1,3,الرَّحِيمِ,Al-Raḥīm,Tier 1,3,mid-verse,verse-final,Medinan,False,False,refrain_surah9_n10
9,التوبة,104,81,التَّوَّاب,Al-Tawwāb,Tier 1,3,الرَّحِيمِ,Al-Raḥīm,Tier 1,1,verse-final,verse-final,Medinan,False,False,
9,التوبة,105,1,اللَّه,Allāh,Tier 1,7,الْمُؤْمِن,Al-Mu'min,Tier 1,3,mid-verse,mid-verse,Medinan,False,False,refrain_surah9_n17
9,التوبة,106,1,اللَّه,Allāh,Tier 1,37,الْعَلِي,Al-'Alī,Tier 1,5,mid-verse,mid-verse,Medinan,False,False,refrain_surah9_n32
9,التوبة,106,1,اللَّه,Allāh,Tier 1,20,الْعَلِيم,Al-'Alīm,Tier 1,8,mid-verse,verse-final,Medinan,False,False,refrain_surah9_n18
9,التوبة,106,1,اللَّه,Allāh,Tier 1,47,الْحَكِيم,Al-Ḥakīm,Tier 1,9,mid-verse,verse-final,Medinan,False,False,refrain_surah9_n17
9,التوبة,106,37,الْعَلِي,Al-'Alī,Tier 1,1,اللَّه,Allāh,Tier 1,2,mid-verse,mid-verse,Medinan,False,False,refrain_surah9_n32
9,التوبة,106,37,الْعَلِي,Al-'Alī,Tier 1,20,الْعَلِيم,Al-'Alīm,Tier 1,3,mid-verse,verse-final,Medinan,False,False,refrain_surah9_n5
9,التوبة,106,37,الْعَلِي,Al-'Alī,Tier 1,47,الْحَكِيم,Al-Ḥakīm,Tier 1,4,mid-verse,verse-final,Medinan,False,False,refrain_surah9_n3
9,التوبة,106,1,اللَّه,Allāh,Tier 1,20,الْعَلِيم,Al-'Alīm,Tier 1,1,mid-verse,verse-final,Medinan,False,False,refrain_surah9_n18
9,التوبة,106,1,اللَّه,Allāh,Tier 1,47,الْحَكِيم,Al-Ḥakīm,Tier 1,2,mid-verse,verse-final,Medinan,False,False,refrain_surah9_n17
9,التوبة,106,20,الْعَلِيم,Al-'Alīm,Tier 1,47,الْحَكِيم,Al-Ḥakīm,Tier 1,1,verse-final,verse-final,Medinan,False,False,refrain_surah9_n6
9,التوبة,107,7,الْمُؤْمِن,Al-Mu'min,Tier 1,1,اللَّه,Allāh,Tier 1,4,mid-verse,mid-verse,Medinan,False,False,refrain_surah9_n17
9,التوبة,108,37,الْعَلِي,Al-'Alī,Tier 1,74,الْأَوَّل,Al-Awwal,Tier 1,3,mid-verse,mid-verse,Medinan,False,False,
9,التوبة,109,37,الْعَلِي,Al-'Alī,Tier 1,1,اللَّه,Allāh,Tier 1,3,mid-verse,mid-verse,Medinan,False,False,refrain_surah9_n32
9,التوبة,109,1,اللَّه,Allāh,Tier 1,37,الْعَلِي,Al-'Alī,Tier 1,7,mid-verse,mid-verse,Medinan,False,False,refrain_surah9_n32
9,التوبة,109,37,الْعَلِي,Al-'Alī,Tier 1,1,اللَّه,Allāh,Tier 1,10,mid-verse,mid-verse,Medinan,False,False,refrain_surah9_n32
9,التوبة,110,1,اللَّه,Allāh,Tier 1,20,الْعَلِيم,Al-'Alīm,Tier 1,1,mid-verse,verse-final,Medinan,False,False,refrain_surah9_n18
9,التوبة,110,1,اللَّه,Allāh,Tier 1,47,الْحَكِيم,Al-Ḥakīm,Tier 1,2,mid-verse,verse-final,Medinan,False,False,refrain_surah9_n17
9,التوبة,110,20,الْعَلِيم,Al-'Alīm,Tier 1,47,الْحَكِيم,Al-Ḥakīm,Tier 1,1,verse-final,verse-final,Medinan,False,False,refrain_surah9_n6
9,التوبة,111,1,اللَّه,Allāh,Tier 1,7,الْمُؤْمِن,Al-Mu'min,Tier 1,3,mid-verse,mid-verse,Medinan,False,False,refrain_surah9_n17
9,التوبة,111,7,الْمُؤْمِن,Al-Mu'min,Tier 1,1,اللَّه,Allāh,Tier 1,10,mid-verse,mid-verse,Medinan,False,False,refrain_surah9_n17
9,التوبة,112,1,اللَّه,Allāh,Tier 1,7,الْمُؤْمِن,Al-Mu'min,Tier 1,3,mid-verse,verse-final,Medinan,False,False,refrain_surah9_n17
9,التوبة,114,1,اللَّه,Allāh,Tier 1,33,الْحَلِيم,Al-Ḥalīm,Tier 1,7,mid-verse,verse-final,Medinan,False,False,
9,التوبة,115,1,اللَّه,Allāh,Tier 1,20,الْعَلِيم,Al-'Alīm,Tier 1,3,mid-verse,verse-final,Medinan,False,False,refrain_surah9_n18
9,التوبة,116,1,اللَّه,Allāh,Tier 1,56,الْوَلِي,Al-Walī,Tier 1,2,mid-verse,mid-verse,Medinan,False,False,
9,التوبة,117,1,اللَّه,Allāh,Tier 1,37,الْعَلِي,Al-'Alī,Tier 1,1,mid-verse,mid-verse,Medinan,False,False,refrain_surah9_n32
9,التوبة,117,37,الْعَلِي,Al-'Alī,Tier 1,84,الرَّءُوف,Al-Ra'ūf,Tier 1,4,mid-verse,verse-final,Medinan,False,False,
9,التوبة,117,37,الْعَلِي,Al-'Alī,Tier 1,3,الرَّحِيمِ,Al-Raḥīm,Tier 1,5,mid-verse,verse-final,Medinan,False,False,refrain_surah9_n6
9,التوبة,117,84,الرَّءُوف,Al-Ra'ūf,Tier 1,3,الرَّحِيمِ,Al-Raḥīm,Tier 1,1,verse-final,verse-final,Medinan,False,False,
9,التوبة,118,37,الْعَلِي,Al-'Alī,Tier 1,1,اللَّه,Allāh,Tier 1,7,mid-verse,mid-verse,Medinan,False,False,refrain_surah9_n32
9,التوبة,118,1,اللَّه,Allāh,Tier 1,37,الْعَلِي,Al-'Alī,Tier 1,5,mid-verse,mid-verse,Medinan,False,False,refrain_surah9_n32
9,التوبة,118,37,الْعَلِي,Al-'Alī,Tier 1,1,اللَّه,Allāh,Tier 1,4,mid-verse,mid-verse,Medinan,False,False,refrain_surah9_n32
9,التوبة,118,37,الْعَلِي,Al-'Alī,Tier 1,81,التَّوَّاب,Al-Tawwāb,Tier 1,6,mid-verse,verse-final,Medinan,False,False,
9,التوبة,118,37,الْعَلِي,Al-'Alī,Tier 1,3,الرَّحِيمِ,Al-Raḥīm,Tier 1,7,mid-verse,verse-final,Medinan,False,False,refrain_surah9_n6
9,التوبة,118,1,اللَّه,Allāh,Tier 1,81,التَّوَّاب,Al-Tawwāb,Tier 1,2,mid-verse,verse-final,Medinan,False,False,
9,التوبة,118,1,اللَّه,Allāh,Tier 1,3,الرَّحِيمِ,Al-Raḥīm,Tier 1,3,mid-verse,verse-final,Medinan,False,False,refrain_surah9_n10
9,التوبة,118,81,التَّوَّاب,Al-Tawwāb,Tier 1,3,الرَّحِيمِ,Al-Raḥīm,Tier 1,1,verse-final,verse-final,Medinan,False,False,
9,التوبة,123,56,الْوَلِي,Al-Walī,Tier 1,1,اللَّه,Allāh,Tier 1,9,mid-verse,mid-verse,Medinan,False,False,
9,التوبة,127,68,الْأَحَد,Al-Aḥad,Tier 1,1,اللَّه,Allāh,Tier 1,5,mid-verse,mid-verse,Medinan,False,False,refrain_surah9_n3
9,التوبة,128,9,الْعَزِيز,Al-'Azīz,Tier 1,37,الْعَلِي,Al-'Alī,Tier 1,5,mid-verse,mid-verse,Medinan,True,False,
9,التوبة,128,9,الْعَزِيز,Al-'Azīz,Tier 1,7,الْمُؤْمِن,Al-Mu'min,Tier 1,6,mid-verse,mid-verse,Medinan,True,False,
9,التوبة,128,9,الْعَزِيز,Al-'Azīz,Tier 1,84,الرَّءُوف,Al-Ra'ūf,Tier 1,7,mid-verse,verse-final,Medinan,True,False,
9,التوبة,128,9,الْعَزِيز,Al-'Azīz,Tier 1,3,الرَّحِيمِ,Al-Raḥīm,Tier 1,8,mid-verse,verse-final,Medinan,True,False,
9,التوبة,128,37,الْعَلِي,Al-'Alī,Tier 1,7,الْمُؤْمِن,Al-Mu'min,Tier 1,1,mid-verse,mid-verse,Medinan,False,False,refrain_surah9_n3
9,التوبة,128,37,الْعَلِي,Al-'Alī,Tier 1,84,الرَّءُوف,Al-Ra'ūf,Tier 1,2,mid-verse,verse-final,Medinan,False,False,
9,التوبة,128,37,الْعَلِي,Al-'Alī,Tier 1,3,الرَّحِيمِ,Al-Raḥīm,Tier 1,3,mid-verse,verse-final,Medinan,False,False,refrain_surah9_n6
9,التوبة,128,7,الْمُؤْمِن,Al-Mu'min,Tier 1,84,الرَّءُوف,Al-Ra'ūf,Tier 1,1,mid-verse,verse-final,Medinan,False,False,
9,التوبة,128,7,الْمُؤْمِن,Al-Mu'min,Tier 1,3,الرَّحِيمِ,Al-Raḥīm,Tier 1,2,mid-verse,verse-final,Medinan,False,False,
9,التوبة,128,84,الرَّءُوف,Al-Ra'ūf,Tier 1,3,الرَّحِيمِ,Al-Raḥīm,Tier 1,1,verse-final,verse-final,Medinan,False,False,
10,يونس,3,1,اللَّه,Allāh,Tier 1,37,الْعَلِي,Al-'Alī,Tier 1,10,mid-verse,mid-verse,Meccan,False,False,refrain_surah10_n18
10,يونس,4,1,اللَّه,Allāh,Tier 1,52,الْحَق,Al-Ḥaqq,Tier 1,1,mid-verse,mid-verse,Meccan,False,False,refrain_surah10_n11
10,يونس,5,1,اللَّه,Allāh,Tier 1,52,الْحَق,Al-Ḥaqq,Tier 1,3,mid-verse,mid-verse,Meccan,False,False,refrain_surah10_n11
10,يونس,16,1,اللَّه,Allāh,Tier 1,37,الْعَلِي,Al-'Alī,Tier 1,3,mid-verse,mid-verse,Meccan,False,False,refrain_surah10_n18
10,يونس,17,37,الْعَلِي,Al-'Alī,Tier 1,1,اللَّه,Allāh,Tier 1,1,mid-verse,mid-verse,Meccan,False,False,refrain_surah10_n18
10,يونس,23,52,الْحَق,Al-Ḥaqq,Tier 1,37,الْعَلِي,Al-'Alī,Tier 1,6,mid-verse,mid-verse,Meccan,False,False,
10,يونس,30,1,اللَّه,Allāh,Tier 1,52,الْحَق,Al-Ḥaqq,Tier 1,2,mid-verse,mid-verse,Meccan,False,False,refrain_surah10_n11
10,يونس,31,63,الْحَي,Al-Ḥayy,Tier 1,1,اللَّه,Allāh,Tier 1,6,mid-verse,mid-verse,Meccan,False,False,
10,يونس,32,1,اللَّه,Allāh,Tier 1,52,الْحَق,Al-Ḥaqq,Tier 1,2,verse-opening,mid-verse,Meccan,False,False,refrain_surah10_n11
10,يونس,32,1,اللَّه,Allāh,Tier 1,52,الْحَق,Al-Ḥaqq,Tier 1,6,verse-opening,mid-verse,Meccan,False,False,refrain_surah10_n11
10,يونس,35,52,الْحَق,Al-Ḥaqq,Tier 1,1,اللَّه,Allāh,Tier 1,3,mid-verse,mid-verse,Meccan,False,False,refrain_surah10_n11
10,يونس,35,1,اللَّه,Allāh,Tier 1,52,الْحَق,Al-Ḥaqq,Tier 1,7,mid-verse,mid-verse,Meccan,False,False,refrain_surah10_n11
10,يونس,36,52,الْحَق,Al-Ḥaqq,Tier 1,1,اللَّه,Allāh,Tier 1,4,mid-verse,mid-verse,Meccan,False,False,refrain_surah10_n11
10,يونس,36,52,الْحَق,Al-Ḥaqq,Tier 1,20,الْعَلِيم,Al-'Alīm,Tier 1,5,mid-verse,mid-verse,Meccan,False,False,
10,يونس,36,1,اللَّه,Allāh,Tier 1,20,الْعَلِيم,Al-'Alīm,Tier 1,1,mid-verse,mid-verse,Meccan,False,False,
10,يونس,46,1,اللَّه,Allāh,Tier 1,51,الشَّهِيد,Al-Shahīd,Tier 1,1,mid-verse,mid-verse,Meccan,False,False,
10,يونس,46,1,اللَّه,Allāh,Tier 1,37,الْعَلِي,Al-'Alī,Tier 1,2,mid-verse,mid-verse,Meccan,False,False,refrain_surah10_n18
10,يونس,46,51,الشَّهِيد,Al-Shahīd,Tier 1,37,الْعَلِي,Al-'Alī,Tier 1,1,mid-verse,mid-verse,Meccan,False,False,
10,يونس,55,1,اللَّه,Allāh,Tier 1,52,الْحَق,Al-Ḥaqq,Tier 1,10,mid-verse,mid-verse,Meccan,False,False,refrain_surah10_n11
10,يونس,55,1,اللَّه,Allāh,Tier 1,52,الْحَق,Al-Ḥaqq,Tier 1,1,mid-verse,mid-verse,Meccan,False,False,refrain_surah10_n11
10,يونس,59,37,الْعَلِي,Al-'Alī,Tier 1,1,اللَّه,Allāh,Tier 1,1,mid-verse,verse-final,Meccan,False,False,refrain_surah10_n18
10,يونس,60,37,الْعَلِي,Al-'Alī,Tier 1,1,اللَّه,Allāh,Tier 1,1,mid-verse,mid-verse,Meccan,False,False,refrain_surah10_n18
10,يونس,60,37,الْعَلِي,Al-'Alī,Tier 1,1,اللَّه,Allāh,Tier 1,7,mid-verse,mid-verse,Meccan,False,False,refrain_surah10_n18
10,يونس,60,1,اللَّه,Allāh,Tier 1,37,الْعَلِي,Al-'Alī,Tier 1,9,mid-verse,mid-verse,Meccan,False,False,refrain_surah10_n18
10,يونس,60,1,اللَّه,Allāh,Tier 1,37,الْعَلِي,Al-'Alī,Tier 1,3,mid-verse,mid-verse,Meccan,False,False,refrain_surah10_n18
10,يونس,62,1,اللَّه,Allāh,Tier 1,37,الْعَلِي,Al-'Alī,Tier 1,3,mid-verse,mid-verse,Meccan,False,False,refrain_surah10_n18
10,يونس,64,1,اللَّه,Allāh,Tier 1,34,الْعَظِيم,Al-'Aẓīm,Tier 1,5,mid-verse,verse-final,Meccan,False,False,
10,يونس,65,1,اللَّه,Allāh,Tier 1,27,السَّمِيع,Al-Samī',Tier 1,4,mid-verse,verse-final,Meccan,False,False,
10,يونس,65,1,اللَّه,Allāh,Tier 1,20,الْعَلِيم,Al-'Alīm,Tier 1,5,mid-verse,verse-final,Meccan,False,False,
10,يونس,65,27,السَّمِيع,Al-Samī',Tier 1,20,الْعَلِيم,Al-'Alīm,Tier 1,1,verse-final,verse-final,Meccan,False,False,
10,يونس,68,1,اللَّه,Allāh,Tier 1,89,الْغَنِي,Al-Ghanī,Tier 1,6,mid-verse,mid-verse,Meccan,False,False,
10,يونس,68,37,الْعَلِي,Al-'Alī,Tier 1,1,اللَّه,Allāh,Tier 1,1,mid-verse,mid-verse,Meccan,False,False,refrain_surah10_n18
10,يونس,69,37,الْعَلِي,Al-'Alī,Tier 1,1,اللَّه,Allāh,Tier 1,1,mid-verse,mid-verse,Meccan,False,False,refrain_surah10_n18
10,يونس,71,37,الْعَلِي,Al-'Alī,Tier 1,1,اللَّه,Allāh,Tier 1,4,mid-verse,mid-verse,Meccan,False,False,refrain_surah10_n18
10,يونس,71,37,الْعَلِي,Al-'Alī,Tier 1,1,اللَّه,Allāh,Tier 1,6,mid-verse,mid-verse,Meccan,False,False,refrain_surah10_n18
10,يونس,71,1,اللَّه,Allāh,Tier 1,37,الْعَلِي,Al-'Alī,Tier 1,9,mid-verse,mid-verse,Meccan,False,False,refrain_surah10_n18
10,يونس,72,37,الْعَلِي,Al-'Alī,Tier 1,1,اللَّه,Allāh,Tier 1,1,mid-verse,mid-verse,Meccan,False,False,refrain_surah10_n18
10,يونس,82,1,اللَّه,Allāh,Tier 1,52,الْحَق,Al-Ḥaqq,Tier 1,1,verse-opening,mid-verse,Meccan,False,False,refrain_surah10_n11
10,يونس,85,37,الْعَلِي,Al-'Alī,Tier 1,1,اللَّه,Allāh,Tier 1,1,verse-opening,mid-verse,Meccan,False,False,refrain_surah10_n18
10,يونس,100,1,اللَّه,Allāh,Tier 1,37,الْعَلِي,Al-'Alī,Tier 1,4,mid-verse,mid-verse,Meccan,False,False,refrain_surah10_n18
10,يونس,103,52,الْحَق,Al-Ḥaqq,Tier 1,37,الْعَلِي,Al-'Alī,Tier 1,1,mid-verse,mid-verse,Meccan,False,False,
10,يونس,103,52,الْحَق,Al-Ḥaqq,Tier 1,7,الْمُؤْمِن,Al-Mu'min,Tier 1,3,mid-verse,verse-final,Meccan,False,False,
10,يونس,103,37,الْعَلِي,Al-'Alī,Tier 1,7,الْمُؤْمِن,Al-Mu'min,Tier 1,2,mid-verse,verse-final,Meccan,False,False,
10,يونس,104,1,اللَّه,Allāh,Tier 1,7,الْمُؤْمِن,Al-Mu'min,Tier 1,8,mid-verse,verse-final,Meccan,False,False,
10,يونس,107,35,الْغَفُور,Al-Ghafūr,Tier 1,3,الرَّحِيمِ,Al-Raḥīm,Tier 1,1,verse-final,verse-final,Meccan,False,False,
10,يونس,109,1,اللَّه,Allāh,Tier 1,29,الْحَكَم,Al-Ḥakam,Tier 1,4,mid-verse,verse-final,Meccan,False,False,
11,هود,1,47,الْحَكِيم,Al-Ḥakīm,Tier 1,32,الْخَبِير,Al-Khabīr,Tier 1,1,verse-final,verse-final,Meccan,False,False,
11,هود,3,37,الْعَلِي,Al-'Alī,Tier 1,38,الْكَبِير,Al-Kabīr,Tier 1,3,mid-verse,verse-final,Meccan,False,False,
11,هود,4,1,اللَّه,Allāh,Tier 1,37,الْعَلِي,Al-'Alī,Tier 1,4,verse-opening,mid-verse,Meccan,False,False,refrain_surah11_n15
11,هود,6,37,الْعَلِي,Al-'Alī,Tier 1,1,اللَّه,Allāh,Tier 1,1,mid-verse,mid-verse,Meccan,False,False,refrain_surah11_n15
11,هود,12,1,اللَّه,Allāh,Tier 1,37,الْعَلِي,Al-'Alī,Tier 1,1,mid-verse,mid-verse,Meccan,False,False,refrain_surah11_n15
11,هود,12,1,اللَّه,Allāh,Tier 1,53,الْوَكِيل,Al-Wakīl,Tier 1,4,mid-verse,verse-final,Meccan,False,False,
11,هود,12,37,الْعَلِي,Al-'Alī,Tier 1,53,الْوَكِيل,Al-Wakīl,Tier 1,3,mid-verse,verse-final,Meccan,False,False,
11,هود,18,37,الْعَلِي,Al-'Alī,Tier 1,1,اللَّه,Allāh,Tier 1,1,mid-verse,mid-verse,Meccan,False,False,refrain_surah11_n15
11,هود,18,1,اللَّه,Allāh,Tier 1,37,الْعَلِي,Al-'Alī,Tier 1,5,mid-verse,mid-verse,Meccan,False,False,refrain_surah11_n15
11,هود,18,37,الْعَلِي,Al-'Alī,Tier 1,1,اللَّه,Allāh,Tier 1,5,mid-verse,mid-verse,Meccan,False,False,refrain_surah11_n15
11,هود,18,1,اللَّه,Allāh,Tier 1,37,الْعَلِي,Al-'Alī,Tier 1,1,mid-verse,verse-final,Meccan,False,False,refrain_surah11_n15
11,هود,24,28,الْبَصِير,Al-Baṣīr,Tier 1,27,السَّمِيع,Al-Samī',Tier 1,1,mid-verse,mid-verse,Meccan,False,False,
11,هود,26,1,اللَّه,Allāh,Tier 1,37,الْعَلِي,Al-'Alī,Tier 1,4,mid-verse,mid-verse,Meccan,False,False,refrain_surah11_n15
11,هود,29,37,الْعَلِي,Al-'Alī,Tier 1,1,اللَّه,Allāh,Tier 1,1,mid-verse,mid-verse,Meccan,False,False,refrain_surah11_n15
11,هود,31,1,اللَّه,Allāh,Tier 1,4,الْمَلِك,Al-Malik,Tier 1,7,mid-verse,mid-verse,Meccan,False,False,
11,هود,31,4,الْمَلِك,Al-Malik,Tier 1,1,اللَّه,Allāh,Tier 1,8,mid-verse,mid-verse,Meccan,False,False,
11,هود,34,1,اللَّه,Allāh,Tier 1,78,الْوَالِي,Al-Wālī,Tier 1,7,mid-verse,verse-final,Meccan,False,False,refrain_surah11_n6
11,هود,41,1,اللَّه,Allāh,Tier 1,3,الرَّحِيمِ,Al-Raḥīm,Tier 1,7,mid-verse,verse-final,Meccan,False,False,
11,هود,45,52,الْحَق,Al-Ḥaqq,Tier 1,29,الْحَكَم,Al-Ḥakam,Tier 1,3,mid-verse,verse-final,Meccan,False,False,
11,هود,50,78,الْوَالِي,Al-Wālī,Tier 1,1,اللَّه,Allāh,Tier 1,8,verse-opening,mid-verse,Meccan,False,False,refrain_surah11_n6
11,هود,52,37,الْعَلِي,Al-'Alī,Tier 1,54,الْقَوِي,Al-Qawī,Tier 1,5,mid-verse,mid-verse,Meccan,False,False,
11,هود,56,37,الْعَلِي,Al-'Alī,Tier 1,1,اللَّه,Allāh,Tier 1,1,mid-verse,mid-verse,Meccan,False,False,refrain_surah11_n15
11,هود,57,37,الْعَلِي,Al-'Alī,Tier 1,39,الْحَفِيظ,Al-Ḥafīẓ,Tier 1,3,mid-verse,verse-final,Meccan,False,False,
11,هود,61,78,الْوَالِي,Al-Wālī,Tier 1,1,اللَّه,Allāh,Tier 1,8,verse-opening,mid-verse,Meccan,False,False,refrain_surah11_n6
11,هود,63,37,الْعَلِي,Al-'Alī,Tier 1,1,اللَّه,Allāh,Tier 1,10,mid-verse,mid-verse,Meccan,False,False,refrain_surah11_n15
11,هود,66,54,الْقَوِي,Al-Qawī,Tier 1,9,الْعَزِيز,Al-'Azīz,Tier 1,1,verse-final,verse-final,Meccan,True,False,
11,هود,73,1,اللَّه,Allāh,Tier 1,37,الْعَلِي,Al-'Alī,Tier 1,5,mid-verse,mid-verse,Meccan,False,False,refrain_surah11_n15
11,هود,73,1,اللَّه,Allāh,Tier 1,57,الْحَمِيد,Al-Ḥamīd,Tier 1,10,mid-verse,verse-final,Meccan,False,False,
11,هود,73,1,اللَّه,Allāh,Tier 1,37,الْعَلِي,Al-'Alī,Tier 1,2,mid-verse,mid-verse,Meccan,False,False,refrain_surah11_n15
11,هود,73,1,اللَّه,Allāh,Tier 1,57,الْحَمِيد,Al-Ḥamīd,Tier 1,7,mid-verse,verse-final,Meccan,False,False,
11,هود,73,1,اللَّه,Allāh,Tier 1,49,الْمَجِيد,Al-Majīd,Tier 1,8,mid-verse,verse-final,Meccan,False,False,
11,هود,73,37,الْعَلِي,Al-'Alī,Tier 1,57,الْحَمِيد,Al-Ḥamīd,Tier 1,5,mid-verse,verse-final,Meccan,False,False,
11,هود,73,37,الْعَلِي,Al-'Alī,Tier 1,49,الْمَجِيد,Al-Majīd,Tier 1,6,mid-verse,verse-final,Meccan,False,False,
11,هود,73,57,الْحَمِيد,Al-Ḥamīd,Tier 1,49,الْمَجِيد,Al-Majīd,Tier 1,1,verse-final,verse-final,Meccan,False,False,
11,هود,78,1,اللَّه,Allāh,Tier 1,99,الرَّشِيد,Al-Rashīd,Tier 1,9,mid-verse,verse-final,Meccan,False,False,
11,هود,84,78,الْوَالِي,Al-Wālī,Tier 1,1,اللَّه,Allāh,Tier 1,8,verse-opening,mid-verse,Meccan,False,False,refrain_surah11_n6
11,هود,86,1,اللَّه,Allāh,Tier 1,7,الْمُؤْمِن,Al-Mu'min,Tier 1,5,verse-opening,mid-verse,Meccan,False,False,
11,هود,86,1,اللَّه,Allāh,Tier 1,37,الْعَلِي,Al-'Alī,Tier 1,9,verse-opening,verse-final,Meccan,False,False,refrain_surah11_n15
11,هود,86,7,الْمُؤْمِن,Al-Mu'min,Tier 1,37,الْعَلِي,Al-'Alī,Tier 1,4,mid-verse,verse-final,Meccan,False,False,
11,هود,87,33,الْحَلِيم,Al-Ḥalīm,Tier 1,99,الرَّشِيد,Al-Rashīd,Tier 1,1,verse-final,verse-final,Meccan,False,False,
11,هود,88,1,اللَّه,Allāh,Tier 1,78,الْوَالِي,Al-Wālī,Tier 1,4,mid-verse,verse-final,Meccan,False,False,refrain_surah11_n6
11,هود,90,3,الرَّحِيمِ,Al-Raḥīm,Tier 1,48,الْوَدُود,Al-Wadūd,Tier 1,1,verse-final,verse-final,Meccan,False,False,
11,هود,92,37,الْعَلِي,Al-'Alī,Tier 1,1,اللَّه,Allāh,Tier 1,2,mid-verse,mid-verse,Meccan,False,False,refrain_surah11_n15
11,هود,120,52,الْحَق,Al-Ḥaqq,Tier 1,7,الْمُؤْمِن,Al-Mu'min,Tier 1,3,mid-verse,verse-final,Meccan,False,False,
11,هود,123,1,اللَّه,Allāh,Tier 1,78,الْوَالِي,Al-Wālī,Tier 1,4,verse-opening,mid-verse,Meccan,False,False,refrain_surah11_n6
12,يوسف,6,37,الْعَلِي,Al-'Alī,Tier 1,20,الْعَلِيم,Al-'Alīm,Tier 1,9,mid-verse,verse-final,Meccan,False,False,
12,يوسف,6,37,الْعَلِي,Al-'Alī,Tier 1,47,الْحَكِيم,Al-Ḥakīm,Tier 1,10,mid-verse,verse-final,Meccan,False,False,
12,يوسف,6,20,الْعَلِيم,Al-'Alīm,Tier 1,47,الْحَكِيم,Al-Ḥakīm,Tier 1,1,verse-final,verse-final,Meccan,False,False,refrain_surah12_n3
12,يوسف,18,1,اللَّه,Allāh,Tier 1,37,الْعَلِي,Al-'Alī,Tier 1,2,mid-verse,mid-verse,Meccan,False,False,refrain_surah12_n13
12,يوسف,19,1,اللَّه,Allāh,Tier 1,20,الْعَلِيم,Al-'Alīm,Tier 1,1,mid-verse,mid-verse,Meccan,False,False,
12,يوسف,21,1,اللَّه,Allāh,Tier 1,37,الْعَلِي,Al-'Alī,Tier 1,2,mid-verse,mid-verse,Meccan,False,False,refrain_surah12_n13
12,يوسف,31,37,الْعَلِي,Al-'Alī,Tier 1,1,اللَّه,Allāh,Tier 1,9,mid-verse,mid-verse,Meccan,False,False,refrain_surah12_n13
12,يوسف,31,1,اللَّه,Allāh,Tier 1,4,الْمَلِك,Al-Malik,Tier 1,7,mid-verse,verse-final,Meccan,False,False,
12,يوسف,31,1,اللَّه,Allāh,Tier 1,43,الْكَرِيم,Al-Karīm,Tier 1,8,mid-verse,verse-final,Meccan,False,False,
12,يوسف,31,4,الْمَلِك,Al-Malik,Tier 1,43,الْكَرِيم,Al-Karīm,Tier 1,1,verse-final,verse-final,Meccan,False,False,
12,يوسف,34,27,السَّمِيع,Al-Samī',Tier 1,20,الْعَلِيم,Al-'Alīm,Tier 1,1,verse-final,verse-final,Meccan,False,False,
12,يوسف,38,1,اللَّه,Allāh,Tier 1,37,الْعَلِي,Al-'Alī,Tier 1,8,mid-verse,mid-verse,Meccan,False,False,refrain_surah12_n13
12,يوسف,38,1,اللَّه,Allāh,Tier 1,37,الْعَلِي,Al-'Alī,Tier 1,1,mid-verse,mid-verse,Meccan,False,False,refrain_surah12_n13
12,يوسف,39,1,اللَّه,Allāh,Tier 1,16,الْقَهَّار,Al-Qahhār,Tier 1,2,mid-verse,verse-final,Meccan,False,False,
12,يوسف,51,1,اللَّه,Allāh,Tier 1,9,الْعَزِيز,Al-'Azīz,Tier 1,9,mid-verse,mid-verse,Meccan,True,False,
12,يوسف,51,9,الْعَزِيز,Al-'Azīz,Tier 1,52,الْحَق,Al-Ḥaqq,Tier 1,3,mid-verse,mid-verse,Meccan,True,False,
12,يوسف,53,35,الْغَفُور,Al-Ghafūr,Tier 1,3,الرَّحِيمِ,Al-Raḥīm,Tier 1,1,verse-final,verse-final,Meccan,False,False,
12,يوسف,55,37,الْعَلِي,Al-'Alī,Tier 1,39,الْحَفِيظ,Al-Ḥafīẓ,Tier 1,5,mid-verse,verse-final,Meccan,False,False,
12,يوسف,55,37,الْعَلِي,Al-'Alī,Tier 1,20,الْعَلِيم,Al-'Alīm,Tier 1,6,mid-verse,verse-final,Meccan,False,False,
12,يوسف,55,39,الْحَفِيظ,Al-Ḥafīẓ,Tier 1,20,الْعَلِيم,Al-'Alīm,Tier 1,1,verse-final,verse-final,Meccan,False,False,
12,يوسف,64,37,الْعَلِي,Al-'Alī,Tier 1,1,اللَّه,Allāh,Tier 1,5,mid-verse,mid-verse,Meccan,False,False,refrain_surah12_n13
12,يوسف,66,1,اللَّه,Allāh,Tier 1,37,الْعَلِي,Al-'Alī,Tier 1,1,mid-verse,mid-verse,Meccan,False,False,refrain_surah12_n13
12,يوسف,66,1,اللَّه,Allāh,Tier 1,53,الْوَكِيل,Al-Wakīl,Tier 1,4,mid-verse,verse-final,Meccan,False,False,
12,يوسف,66,37,الْعَلِي,Al-'Alī,Tier 1,53,الْوَكِيل,Al-Wakīl,Tier 1,3,mid-verse,verse-final,Meccan,False,False,
12,يوسف,76,4,الْمَلِك,Al-Malik,Tier 1,1,اللَّه,Allāh,Tier 1,4,mid-verse,mid-verse,Meccan,False,False,
12,يوسف,78,9,الْعَزِيز,Al-'Azīz,Tier 1,68,الْأَحَد,Al-Aḥad,Tier 1,7,mid-verse,mid-verse,Meccan,True,False,
12,يوسف,80,38,الْكَبِير,Al-Kabīr,Tier 1,37,الْعَلِي,Al-'Alī,Tier 1,7,mid-verse,mid-verse,Meccan,False,False,
12,يوسف,80,38,الْكَبِير,Al-Kabīr,Tier 1,1,اللَّه,Allāh,Tier 1,10,mid-verse,mid-verse,Meccan,False,False,
12,يوسف,80,37,الْعَلِي,Al-'Alī,Tier 1,1,اللَّه,Allāh,Tier 1,3,mid-verse,mid-verse,Meccan,False,False,refrain_surah12_n13
12,يوسف,80,1,اللَّه,Allāh,Tier 1,29,الْحَكَم,Al-Ḥakam,Tier 1,5,mid-verse,verse-final,Meccan,False,False,
12,يوسف,83,1,اللَّه,Allāh,Tier 1,20,الْعَلِيم,Al-'Alīm,Tier 1,8,mid-verse,verse-final,Meccan,False,False,
12,يوسف,83,1,اللَّه,Allāh,Tier 1,47,الْحَكِيم,Al-Ḥakīm,Tier 1,9,mid-verse,verse-final,Meccan,False,False,
12,يوسف,83,20,الْعَلِيم,Al-'Alīm,Tier 1,47,الْحَكِيم,Al-Ḥakīm,Tier 1,1,verse-final,verse-final,Meccan,False,False,refrain_surah12_n3
12,يوسف,91,1,اللَّه,Allāh,Tier 1,37,الْعَلِي,Al-'Alī,Tier 1,1,mid-verse,mid-verse,Meccan,False,False,refrain_surah12_n13
12,يوسف,92,37,الْعَلِي,Al-'Alī,Tier 1,1,اللَّه,Allāh,Tier 1,4,mid-verse,mid-verse,Meccan,False,False,refrain_surah12_n13
12,يوسف,98,35,الْغَفُور,Al-Ghafūr,Tier 1,3,الرَّحِيمِ,Al-Raḥīm,Tier 1,1,verse-final,verse-final,Meccan,False,False,
12,يوسف,99,37,الْعَلِي,Al-'Alī,Tier 1,1,اللَّه,Allāh,Tier 1,10,mid-verse,verse-final,Meccan,False,False,refrain_surah12_n13
12,يوسف,100,31,اللَّطِيف,Al-Laṭīf,Tier 1,20,الْعَلِيم,Al-'Alīm,Tier 1,6,mid-verse,verse-final,Meccan,False,False,
12,يوسف,100,31,اللَّطِيف,Al-Laṭīf,Tier 1,47,الْحَكِيم,Al-Ḥakīm,Tier 1,7,mid-verse,verse-final,Meccan,False,False,
12,يوسف,100,20,الْعَلِيم,Al-'Alīm,Tier 1,47,الْحَكِيم,Al-Ḥakīm,Tier 1,1,verse-final,verse-final,Meccan,False,False,refrain_surah12_n3
12,يوسف,101,4,الْمَلِك,Al-Malik,Tier 1,56,الْوَلِي,Al-Walī,Tier 1,10,mid-verse,mid-verse,Meccan,False,False,
12,يوسف,101,56,الْوَلِي,Al-Walī,Tier 1,52,الْحَق,Al-Ḥaqq,Tier 1,7,mid-verse,verse-final,Meccan,False,False,
12,يوسف,108,1,اللَّه,Allāh,Tier 1,37,الْعَلِي,Al-'Alī,Tier 1,2,mid-verse,mid-verse,Meccan,False,False,refrain_surah12_n13
12,يوسف,108,37,الْعَلِي,Al-'Alī,Tier 1,1,اللَّه,Allāh,Tier 1,7,mid-verse,mid-verse,Meccan,False,False,refrain_surah12_n13
13,الرعد,2,1,اللَّه,Allāh,Tier 1,37,الْعَلِي,Al-'Alī,Tier 1,10,verse-opening,mid-verse,Medinan,False,False,refrain_surah13_n4
13,الرعد,16,1,اللَّه,Allāh,Tier 1,4,الْمَلِك,Al-Malik,Tier 1,8,mid-verse,mid-verse,Medinan,False,False,
13,الرعد,16,4,الْمَلِك,Al-Malik,Tier 1,28,الْبَصِير,Al-Baṣīr,Tier 1,10,mid-verse,mid-verse,Medinan,False,False,
13,الرعد,16,28,الْبَصِير,Al-Baṣīr,Tier 1,94,النُّور,Al-Nūr,Tier 1,5,mid-verse,mid-verse,Medinan,False,False,
13,الرعد,16,28,الْبَصِير,Al-Baṣīr,Tier 1,1,اللَّه,Allāh,Tier 1,9,mid-verse,mid-verse,Medinan,False,False,
13,الرعد,16,94,النُّور,Al-Nūr,Tier 1,1,اللَّه,Allāh,Tier 1,4,mid-verse,mid-verse,Medinan,False,False,
13,الرعد,16,94,النُّور,Al-Nūr,Tier 1,37,الْعَلِي,Al-'Alī,Tier 1,10,mid-verse,mid-verse,Medinan,False,False,
13,الرعد,16,1,اللَّه,Allāh,Tier 1,37,الْعَلِي,Al-'Alī,Tier 1,6,mid-verse,mid-verse,Medinan,False,False,refrain_surah13_n4
13,الرعد,16,37,الْعَلِي,Al-'Alī,Tier 1,1,اللَّه,Allāh,Tier 1,3,mid-verse,mid-verse,Medinan,False,False,refrain_surah13_n4
13,الرعد,17,1,اللَّه,Allāh,Tier 1,52,الْحَق,Al-Ḥaqq,Tier 1,1,mid-verse,mid-verse,Medinan,False,False,
13,الرعد,30,37,الْعَلِي,Al-'Alī,Tier 1,2,الرَّحْمَٰن,Al-Raḥmān,Tier 1,6,mid-verse,mid-verse,Medinan,False,False,
13,الرعد,33,37,الْعَلِي,Al-'Alī,Tier 1,1,اللَّه,Allāh,Tier 1,7,mid-verse,mid-verse,Medinan,False,False,refrain_surah13_n4
13,الرعد,36,1,اللَّه,Allāh,Tier 1,78,الْوَالِي,Al-Wālī,Tier 1,7,mid-verse,verse-final,Medinan,False,False,
13,الرعد,37,1,اللَّه,Allāh,Tier 1,56,الْوَلِي,Al-Walī,Tier 1,2,mid-verse,mid-verse,Medinan,False,False,
14,ابراهيم,1,94,النُّور,Al-Nūr,Tier 1,9,الْعَزِيز,Al-'Azīz,Tier 1,5,mid-verse,verse-final,Meccan,True,False,
14,ابراهيم,1,94,النُّور,Al-Nūr,Tier 1,57,الْحَمِيد,Al-Ḥamīd,Tier 1,6,mid-verse,verse-final,Meccan,False,False,
14,ابراهيم,1,9,الْعَزِيز,Al-'Azīz,Tier 1,57,الْحَمِيد,Al-Ḥamīd,Tier 1,1,verse-final,verse-final,Meccan,True,False,
14,ابراهيم,3,37,الْعَلِي,Al-'Alī,Tier 1,1,اللَّه,Allāh,Tier 1,5,mid-verse,mid-verse,Meccan,False,False,refrain_surah14_n10
14,ابراهيم,4,1,اللَّه,Allāh,Tier 1,9,الْعَزِيز,Al-'Azīz,Tier 1,8,mid-verse,verse-final,Meccan,True,False,refrain_surah14_n3
14,ابراهيم,4,1,اللَّه,Allāh,Tier 1,47,الْحَكِيم,Al-Ḥakīm,Tier 1,9,mid-verse,verse-final,Meccan,False,False,
14,ابراهيم,4,9,الْعَزِيز,Al-'Azīz,Tier 1,47,الْحَكِيم,Al-Ḥakīm,Tier 1,1,verse-final,verse-final,Meccan,True,False,
14,ابراهيم,5,94,النُّور,Al-Nūr,Tier 1,1,اللَّه,Allāh,Tier 1,3,mid-verse,mid-verse,Meccan,False,False,
14,ابراهيم,5,1,اللَّه,Allāh,Tier 1,36,الشَّكُور,Al-Shakūr,Tier 1,8,mid-verse,verse-final,Meccan,False,False,
14,ابراهيم,6,1,اللَّه,Allāh,Tier 1,37,الْعَلِي,Al-'Alī,Tier 1,1,mid-verse,mid-verse,Meccan,False,False,refrain_surah14_n10
14,ابراهيم,8,1,اللَّه,Allāh,Tier 1,57,الْحَمِيد,Al-Ḥamīd,Tier 1,2,mid-verse,verse-final,Meccan,False,False,
14,ابراهيم,11,1,اللَّه,Allāh,Tier 1,37,الْعَلِي,Al-'Alī,Tier 1,2,mid-verse,mid-verse,Meccan,False,False,refrain_surah14_n10
14,ابراهيم,11,1,اللَّه,Allāh,Tier 1,7,الْمُؤْمِن,Al-Mu'min,Tier 1,5,mid-verse,verse-final,Meccan,False,False,
14,ابراهيم,11,1,اللَّه,Allāh,Tier 1,7,الْمُؤْمِن,Al-Mu'min,Tier 1,2,mid-verse,verse-final,Meccan,False,False,
14,ابراهيم,12,37,الْعَلِي,Al-'Alī,Tier 1,1,اللَّه,Allāh,Tier 1,1,mid-verse,mid-verse,Meccan,False,False,refrain_surah14_n10
14,ابراهيم,12,1,اللَّه,Allāh,Tier 1,37,الْعَلِي,Al-'Alī,Tier 1,6,mid-verse,mid-verse,Meccan,False,False,refrain_surah14_n10
14,ابراهيم,12,37,الْعَلِي,Al-'Alī,Tier 1,1,اللَّه,Allāh,Tier 1,5,mid-verse,mid-verse,Meccan,False,False,refrain_surah14_n10
14,ابراهيم,19,1,اللَّه,Allāh,Tier 1,52,الْحَق,Al-Ḥaqq,Tier 1,4,mid-verse,mid-verse,Meccan,False,False,
14,ابراهيم,20,37,الْعَلِي,Al-'Alī,Tier 1,1,اللَّه,Allāh,Tier 1,1,mid-verse,verse-final,Meccan,False,False,refrain_surah14_n10
14,ابراهيم,22,1,اللَّه,Allāh,Tier 1,52,الْحَق,Al-Ḥaqq,Tier 1,3,mid-verse,mid-verse,Meccan,False,False,
14,ابراهيم,22,1,اللَّه,Allāh,Tier 1,37,الْعَلِي,Al-'Alī,Tier 1,10,mid-verse,mid-verse,Meccan,False,False,refrain_surah14_n10
14,ابراهيم,22,52,الْحَق,Al-Ḥaqq,Tier 1,37,الْعَلِي,Al-'Alī,Tier 1,7,mid-verse,mid-verse,Meccan,False,False,
14,ابراهيم,36,35,الْغَفُور,Al-Ghafūr,Tier 1,3,الرَّحِيمِ,Al-Raḥīm,Tier 1,1,verse-final,verse-final,Meccan,False,False,
14,ابراهيم,38,37,الْعَلِي,Al-'Alī,Tier 1,1,اللَّه,Allāh,Tier 1,1,mid-verse,mid-verse,Meccan,False,False,refrain_surah14_n10
14,ابراهيم,39,1,اللَّه,Allāh,Tier 1,37,الْعَلِي,Al-'Alī,Tier 1,4,verse-opening,mid-verse,Meccan,False,False,refrain_surah14_n10
14,ابراهيم,39,37,الْعَلِي,Al-'Alī,Tier 1,27,السَّمِيع,Al-Samī',Tier 1,7,mid-verse,verse-final,Meccan,False,False,
14,ابراهيم,47,1,اللَّه,Allāh,Tier 1,9,الْعَزِيز,Al-'Azīz,Tier 1,7,mid-verse,mid-verse,Meccan,True,False,refrain_surah14_n3
14,ابراهيم,47,1,اللَّه,Allāh,Tier 1,9,الْعَزِيز,Al-'Azīz,Tier 1,1,mid-verse,mid-verse,Meccan,True,False,refrain_surah14_n3
14,ابراهيم,48,1,اللَّه,Allāh,Tier 1,16,الْقَهَّار,Al-Qahhār,Tier 1,2,mid-verse,verse-final,Meccan,False,False,
15,الحجر,25,47,الْحَكِيم,Al-Ḥakīm,Tier 1,20,الْعَلِيم,Al-'Alīm,Tier 1,1,verse-final,verse-final,Meccan,False,False,
15,الحجر,49,35,الْغَفُور,Al-Ghafūr,Tier 1,3,الرَّحِيمِ,Al-Raḥīm,Tier 1,1,verse-final,verse-final,Meccan,False,False,
15,الحجر,88,37,الْعَلِي,Al-'Alī,Tier 1,7,الْمُؤْمِن,Al-Mu'min,Tier 1,3,mid-verse,verse-final,Meccan,False,False,
16,النحل,18,1,اللَّه,Allāh,Tier 1,3,الرَّحِيمِ,Al-Raḥīm,Tier 1,7,mid-verse,verse-final,Meccan,False,False,refrain_surah16_n3
16,النحل,18,1,اللَّه,Allāh,Tier 1,3,الرَّحِيمِ,Al-Raḥīm,Tier 1,2,mid-verse,verse-final,Meccan,False,False,refrain_surah16_n3
16,النحل,26,1,اللَّه,Allāh,Tier 1,37,الْعَلِي,Al-'Alī,Tier 1,5,mid-verse,mid-verse,Meccan,False,False,refrain_surah16_n18
16,النحل,28,1,اللَّه,Allāh,Tier 1,20,الْعَلِيم,Al-'Alīm,Tier 1,1,mid-verse,mid-verse,Meccan,False,False,
16,النحل,37,37,الْعَلِي,Al-'Alī,Tier 1,1,اللَّه,Allāh,Tier 1,3,mid-verse,mid-verse,Meccan,False,False,refrain_surah16_n18
16,النحل,47,37,الْعَلِي,Al-'Alī,Tier 1,3,الرَّحِيمِ,Al-Raḥīm,Tier 1,5,mid-verse,verse-final,Meccan,False,False,
16,النحل,59,37,الْعَلِي,Al-'Alī,Tier 1,29,الْحَكَم,Al-Ḥakam,Tier 1,10,mid-verse,verse-final,Meccan,False,False,
16,النحل,60,1,اللَّه,Allāh,Tier 1,9,الْعَزِيز,Al-'Azīz,Tier 1,5,mid-verse,verse-final,Meccan,True,False,
16,النحل,60,1,اللَّه,Allāh,Tier 1,47,الْحَكِيم,Al-Ḥakīm,Tier 1,6,mid-verse,verse-final,Meccan,False,False,
16,النحل,60,9,الْعَزِيز,Al-'Azīz,Tier 1,47,الْحَكِيم,Al-Ḥakīm,Tier 1,1,verse-final,verse-final,Meccan,True,False,
16,النحل,61,1,اللَّه,Allāh,Tier 1,37,الْعَلِي,Al-'Alī,Tier 1,5,mid-verse,mid-verse,Meccan,False,False,refrain_surah16_n18
16,النحل,65,1,اللَّه,Allāh,Tier 1,63,الْحَي,Al-Ḥayy,Tier 1,5,verse-opening,mid-verse,Meccan,False,False,
16,النحل,70,1,اللَّه,Allāh,Tier 1,20,الْعَلِيم,Al-'Alīm,Tier 1,1,mid-verse,verse-final,Meccan,False,False,
16,النحل,71,1,اللَّه,Allāh,Tier 1,37,الْعَلِي,Al-'Alī,Tier 1,3,verse-opening,mid-verse,Meccan,False,False,refrain_surah16_n18
16,النحل,71,37,الْعَلِي,Al-'Alī,Tier 1,4,الْمَلِك,Al-Malik,Tier 1,2,mid-verse,mid-verse,Meccan,False,False,
16,النحل,71,37,الْعَلِي,Al-'Alī,Tier 1,1,اللَّه,Allāh,Tier 1,9,mid-verse,verse-final,Meccan,False,False,refrain_surah16_n18
16,النحل,71,4,الْمَلِك,Al-Malik,Tier 1,1,اللَّه,Allāh,Tier 1,7,mid-verse,verse-final,Meccan,False,False,
16,النحل,75,1,اللَّه,Allāh,Tier 1,37,الْعَلِي,Al-'Alī,Tier 1,6,mid-verse,mid-verse,Meccan,False,False,refrain_surah16_n18
16,النحل,76,1,اللَّه,Allāh,Tier 1,37,الْعَلِي,Al-'Alī,Tier 1,7,verse-opening,mid-verse,Meccan,False,False,refrain_surah16_n18
16,النحل,76,30,الْعَدْل,Al-'Adl,Tier 1,37,الْعَلِي,Al-'Alī,Tier 1,3,mid-verse,mid-verse,Meccan,False,False,
16,النحل,77,1,اللَّه,Allāh,Tier 1,37,الْعَلِي,Al-'Alī,Tier 1,1,mid-verse,mid-verse,Meccan,False,False,refrain_surah16_n18
16,النحل,89,51,الشَّهِيد,Al-Shahīd,Tier 1,37,الْعَلِي,Al-'Alī,Tier 1,1,mid-verse,mid-verse,Meccan,False,False,refrain_surah16_n5
16,النحل,89,51,الشَّهِيد,Al-Shahīd,Tier 1,37,الْعَلِي,Al-'Alī,Tier 1,8,mid-verse,mid-verse,Meccan,False,False,refrain_surah16_n5
16,النحل,89,37,الْعَلِي,Al-'Alī,Tier 1,51,الشَّهِيد,Al-Shahīd,Tier 1,6,mid-verse,mid-verse,Meccan,False,False,refrain_surah16_n5
16,النحل,89,51,الشَّهِيد,Al-Shahīd,Tier 1,37,الْعَلِي,Al-'Alī,Tier 1,1,mid-verse,mid-verse,Meccan,False,False,refrain_surah16_n5
16,النحل,89,51,الشَّهِيد,Al-Shahīd,Tier 1,37,الْعَلِي,Al-'Alī,Tier 1,5,mid-verse,mid-verse,Meccan,False,False,refrain_surah16_n5
16,النحل,90,1,اللَّه,Allāh,Tier 1,30,الْعَدْل,Al-'Adl,Tier 1,2,mid-verse,mid-verse,Meccan,False,False,
16,النحل,91,1,اللَّه,Allāh,Tier 1,37,الْعَلِي,Al-'Alī,Tier 1,1,mid-verse,mid-verse,Meccan,False,False,refrain_surah16_n18
16,النحل,91,37,الْعَلِي,Al-'Alī,Tier 1,1,اللَّه,Allāh,Tier 1,4,mid-verse,mid-verse,Meccan,False,False,refrain_surah16_n18
16,النحل,94,1,اللَّه,Allāh,Tier 1,34,الْعَظِيم,Al-'Aẓīm,Tier 1,4,mid-verse,verse-final,Meccan,False,False,
16,النحل,106,1,اللَّه,Allāh,Tier 1,34,الْعَظِيم,Al-'Aẓīm,Tier 1,3,mid-verse,verse-final,Meccan,False,False,
16,النحل,107,37,الْعَلِي,Al-'Alī,Tier 1,1,اللَّه,Allāh,Tier 1,3,mid-verse,mid-verse,Meccan,False,False,refrain_surah16_n18
16,النحل,108,1,اللَّه,Allāh,Tier 1,37,الْعَلِي,Al-'Alī,Tier 1,1,mid-verse,mid-verse,Meccan,False,False,refrain_surah16_n18
16,النحل,115,37,الْعَلِي,Al-'Alī,Tier 1,1,اللَّه,Allāh,Tier 1,8,mid-verse,mid-verse,Meccan,False,False,refrain_surah16_n18
16,النحل,115,1,اللَّه,Allāh,Tier 1,35,الْغَفُور,Al-Ghafūr,Tier 1,1,mid-verse,verse-final,Meccan,False,False,
16,النحل,115,1,اللَّه,Allāh,Tier 1,3,الرَّحِيمِ,Al-Raḥīm,Tier 1,2,mid-verse,verse-final,Meccan,False,False,refrain_surah16_n3
16,النحل,115,35,الْغَفُور,Al-Ghafūr,Tier 1,3,الرَّحِيمِ,Al-Raḥīm,Tier 1,1,verse-final,verse-final,Meccan,False,False,
16,النحل,116,37,الْعَلِي,Al-'Alī,Tier 1,1,اللَّه,Allāh,Tier 1,1,mid-verse,mid-verse,Meccan,False,False,refrain_surah16_n18
16,النحل,116,37,الْعَلِي,Al-'Alī,Tier 1,1,اللَّه,Allāh,Tier 1,8,mid-verse,mid-verse,Meccan,False,False,refrain_surah16_n18
16,النحل,116,1,اللَّه,Allāh,Tier 1,37,الْعَلِي,Al-'Alī,Tier 1,6,mid-verse,mid-verse,Meccan,False,False,refrain_surah16_n18
16,النحل,116,37,الْعَلِي,Al-'Alī,Tier 1,1,اللَّه,Allāh,Tier 1,1,mid-verse,mid-verse,Meccan,False,False,refrain_surah16_n18
16,النحل,127,1,اللَّه,Allāh,Tier 1,37,الْعَلِي,Al-'Alī,Tier 1,4,mid-verse,mid-verse,Meccan,False,False,refrain_surah16_n18
17,الإسراء,1,27,السَّمِيع,Al-Samī',Tier 1,28,الْبَصِير,Al-Baṣīr,Tier 1,1,verse-final,verse-final,Meccan,False,False,
17,الإسراء,5,74,الْأَوَّل,Al-Awwal,Tier 1,37,الْعَلِي,Al-'Alī,Tier 1,2,mid-verse,mid-verse,Meccan,False,False,
17,الإسراء,15,37,الْعَلِي,Al-'Alī,Tier 1,75,الْآخِر,Al-Ākhir,Tier 1,6,mid-verse,mid-verse,Meccan,False,False,
17,الإسراء,16,52,الْحَق,Al-Ḥaqq,Tier 1,37,الْعَلِي,Al-'Alī,Tier 1,1,mid-verse,mid-verse,Meccan,False,False,
17,الإسراء,33,1,اللَّه,Allāh,Tier 1,52,الْحَق,Al-Ḥaqq,Tier 1,2,mid-verse,mid-verse,Meccan,False,False,
17,الإسراء,68,80,الْبَر,Al-Barr,Tier 1,37,الْعَلِي,Al-'Alī,Tier 1,3,mid-verse,mid-verse,Meccan,False,False,
17,الإسراء,68,80,الْبَر,Al-Barr,Tier 1,53,الْوَكِيل,Al-Wakīl,Tier 1,9,mid-verse,verse-final,Meccan,False,False,
17,الإسراء,68,37,الْعَلِي,Al-'Alī,Tier 1,53,الْوَكِيل,Al-Wakīl,Tier 1,6,mid-verse,verse-final,Meccan,False,False,
17,الإسراء,69,75,الْآخِر,Al-Ākhir,Tier 1,37,الْعَلِي,Al-'Alī,Tier 1,2,mid-verse,mid-verse,Meccan,False,False,
17,الإسراء,70,80,الْبَر,Al-Barr,Tier 1,37,الْعَلِي,Al-'Alī,Tier 1,6,mid-verse,mid-verse,Meccan,False,False,
17,الإسراء,86,37,الْعَلِي,Al-'Alī,Tier 1,53,الْوَكِيل,Al-Wakīl,Tier 1,1,verse-final,verse-final,Meccan,False,False,
17,الإسراء,92,37,الْعَلِي,Al-'Alī,Tier 1,1,اللَّه,Allāh,Tier 1,4,mid-verse,mid-verse,Meccan,False,False,
17,الإسراء,99,1,اللَّه,Allāh,Tier 1,70,الْقَادِر,Al-Qādir,Tier 1,5,mid-verse,mid-verse,Meccan,False,False,
17,الإسراء,99,1,اللَّه,Allāh,Tier 1,37,الْعَلِي,Al-'Alī,Tier 1,6,mid-verse,mid-verse,Meccan,False,False,
17,الإسراء,99,70,الْقَادِر,Al-Qādir,Tier 1,37,الْعَلِي,Al-'Alī,Tier 1,1,mid-verse,mid-verse,Meccan,False,False,
17,الإسراء,110,1,اللَّه,Allāh,Tier 1,2,الرَّحْمَٰن,Al-Raḥmān,Tier 1,3,mid-verse,mid-verse,Meccan,False,False,
17,الإسراء,111,1,اللَّه,Allāh,Tier 1,4,الْمَلِك,Al-Malik,Tier 1,10,mid-verse,mid-verse,Meccan,False,False,
17,الإسراء,111,4,الْمَلِك,Al-Malik,Tier 1,56,الْوَلِي,Al-Walī,Tier 1,4,mid-verse,mid-verse,Meccan,False,False,
18,الكهف,1,1,اللَّه,Allāh,Tier 1,37,الْعَلِي,Al-'Alī,Tier 1,3,verse-opening,mid-verse,Meccan,False,False,refrain_surah18_n5
18,الكهف,13,37,الْعَلِي,Al-'Alī,Tier 1,52,الْحَق,Al-Ḥaqq,Tier 1,2,mid-verse,mid-verse,Meccan,False,False,
18,الكهف,15,37,الْعَلِي,Al-'Alī,Tier 1,1,اللَّه,Allāh,Tier 1,9,mid-verse,verse-final,Meccan,False,False,refrain_surah18_n5
18,الكهف,15,37,الْعَلِي,Al-'Alī,Tier 1,1,اللَّه,Allāh,Tier 1,1,mid-verse,verse-final,Meccan,False,False,refrain_surah18_n5
18,الكهف,18,37,الْعَلِي,Al-'Alī,Tier 1,56,الْوَلِي,Al-Walī,Tier 1,1,mid-verse,mid-verse,Meccan,False,False,
18,الكهف,21,37,الْعَلِي,Al-'Alī,Tier 1,1,اللَّه,Allāh,Tier 1,4,mid-verse,mid-verse,Meccan,False,False,refrain_surah18_n5
18,الكهف,21,37,الْعَلِي,Al-'Alī,Tier 1,52,الْحَق,Al-Ḥaqq,Tier 1,5,mid-verse,mid-verse,Meccan,False,False,
18,الكهف,21,1,اللَّه,Allāh,Tier 1,52,الْحَق,Al-Ḥaqq,Tier 1,1,mid-verse,mid-verse,Meccan,False,False,
18,الكهف,44,1,اللَّه,Allāh,Tier 1,52,الْحَق,Al-Ḥaqq,Tier 1,1,mid-verse,mid-verse,Meccan,False,False,
18,الكهف,45,1,اللَّه,Allāh,Tier 1,37,الْعَلِي,Al-'Alī,Tier 1,1,mid-verse,mid-verse,Meccan,False,False,refrain_surah18_n5
18,الكهف,45,1,اللَّه,Allāh,Tier 1,71,الْمُقْتَدِر,Al-Muqtadir,Tier 1,4,mid-verse,verse-final,Meccan,False,False,
18,الكهف,45,37,الْعَلِي,Al-'Alī,Tier 1,71,الْمُقْتَدِر,Al-Muqtadir,Tier 1,3,mid-verse,verse-final,Meccan,False,False,
18,الكهف,48,37,الْعَلِي,Al-'Alī,Tier 1,74,الْأَوَّل,Al-Awwal,Tier 1,7,verse-opening,mid-verse,Meccan,False,False,
19,مريم,40,37,الْعَلِي,Al-'Alī,Tier 1,78,الْوَالِي,Al-Wālī,Tier 1,1,mid-verse,verse-final,Meccan,False,False,
19,مريم,58,1,اللَّه,Allāh,Tier 1,37,الْعَلِي,Al-'Alī,Tier 1,1,mid-verse,mid-verse,Meccan,False,False,
19,مريم,58,37,الْعَلِي,Al-'Alī,Tier 1,2,الرَّحْمَٰن,Al-Raḥmān,Tier 1,2,mid-verse,mid-verse,Meccan,False,False,
19,مريم,69,37,الْعَلِي,Al-'Alī,Tier 1,2,الرَّحْمَٰن,Al-Raḥmān,Tier 1,1,mid-verse,verse-final,Meccan,False,False,
19,مريم,87,4,الْمَلِك,Al-Malik,Tier 1,2,الرَّحْمَٰن,Al-Raḥmān,Tier 1,6,verse-opening,verse-final,Meccan,False,False,
20,طه,5,2,الرَّحْمَٰن,Al-Raḥmān,Tier 1,37,الْعَلِي,Al-'Alī,Tier 1,1,verse-opening,verse-opening,Meccan,False,False,
20,طه,18,37,الْعَلِي,Al-'Alī,Tier 1,56,الْوَلِي,Al-Walī,Tier 1,5,mid-verse,mid-verse,Meccan,False,False,
20,طه,18,37,الْعَلِي,Al-'Alī,Tier 1,75,الْآخِر,Al-Ākhir,Tier 1,8,mid-verse,verse-final,Meccan,False,False,
20,طه,18,37,الْعَلِي,Al-'Alī,Tier 1,56,الْوَلِي,Al-Walī,Tier 1,2,mid-verse,mid-verse,Meccan,False,False,
20,طه,18,37,الْعَلِي,Al-'Alī,Tier 1,75,الْآخِر,Al-Ākhir,Tier 1,5,mid-verse,verse-final,Meccan,False,False,
20,طه,18,56,الْوَلِي,Al-Walī,Tier 1,75,الْآخِر,Al-Ākhir,Tier 1,3,mid-verse,verse-final,Meccan,False,False,
20,طه,61,37,الْعَلِي,Al-'Alī,Tier 1,1,اللَّه,Allāh,Tier 1,1,mid-verse,mid-verse,Meccan,False,False,
20,طه,114,1,اللَّه,Allāh,Tier 1,4,الْمَلِك,Al-Malik,Tier 1,1,verse-opening,mid-verse,Meccan,False,False,
20,طه,114,1,اللَّه,Allāh,Tier 1,52,الْحَق,Al-Ḥaqq,Tier 1,2,verse-opening,mid-verse,Meccan,False,False,
20,طه,114,4,الْمَلِك,Al-Malik,Tier 1,52,الْحَق,Al-Ḥaqq,Tier 1,1,mid-verse,mid-verse,Meccan,False,False,
21,الأنبياء,4,27,السَّمِيع,Al-Samī',Tier 1,20,الْعَلِيم,Al-'Alīm,Tier 1,1,verse-final,verse-final,Meccan,False,False,
21,الأنبياء,18,52,الْحَق,Al-Ḥaqq,Tier 1,37,الْعَلِي,Al-'Alī,Tier 1,1,mid-verse,mid-verse,Meccan,False,False,
21,الأنبياء,112,52,الْحَق,Al-Ḥaqq,Tier 1,2,الرَّحْمَٰن,Al-Raḥmān,Tier 1,3,mid-verse,mid-verse,Meccan,False,False,
21,الأنبياء,112,52,الْحَق,Al-Ḥaqq,Tier 1,37,الْعَلِي,Al-'Alī,Tier 1,5,mid-verse,mid-verse,Meccan,False,False,
21,الأنبياء,112,2,الرَّحْمَٰن,Al-Raḥmān,Tier 1,37,الْعَلِي,Al-'Alī,Tier 1,2,mid-verse,mid-verse,Meccan,False,False,
22,الحج,6,1,اللَّه,Allāh,Tier 1,52,الْحَق,Al-Ḥaqq,Tier 1,2,mid-verse,mid-verse,Medinan,False,False,refrain_surah22_n10
22,الحج,6,1,اللَّه,Allāh,Tier 1,37,الْعَلِي,Al-'Alī,Tier 1,7,mid-verse,mid-verse,Medinan,False,False,refrain_surah22_n16
22,الحج,6,52,الْحَق,Al-Ḥaqq,Tier 1,37,الْعَلِي,Al-'Alī,Tier 1,5,mid-verse,mid-verse,Medinan,False,False,
22,الحج,11,1,اللَّه,Allāh,Tier 1,37,الْعَلِي,Al-'Alī,Tier 1,1,mid-verse,mid-verse,Medinan,False,False,refrain_surah22_n16
22,الحج,17,1,اللَّه,Allāh,Tier 1,37,الْعَلِي,Al-'Alī,Tier 1,8,mid-verse,mid-verse,Medinan,False,False,refrain_surah22_n16
22,الحج,17,1,اللَّه,Allāh,Tier 1,37,الْعَلِي,Al-'Alī,Tier 1,1,mid-verse,mid-verse,Medinan,False,False,refrain_surah22_n16
22,الحج,17,1,اللَّه,Allāh,Tier 1,51,الشَّهِيد,Al-Shahīd,Tier 1,4,mid-verse,verse-final,Medinan,False,False,
22,الحج,17,37,الْعَلِي,Al-'Alī,Tier 1,51,الشَّهِيد,Al-Shahīd,Tier 1,3,mid-verse,verse-final,Medinan,False,False,refrain_surah22_n3
22,الحج,18,52,الْحَق,Al-Ḥaqq,Tier 1,1,اللَّه,Allāh,Tier 1,6,mid-verse,mid-verse,Medinan,False,False,refrain_surah22_n10
22,الحج,28,1,اللَّه,Allāh,Tier 1,37,الْعَلِي,Al-'Alī,Tier 1,4,mid-verse,mid-verse,Medinan,False,False,refrain_surah22_n16
22,الحج,34,1,اللَّه,Allāh,Tier 1,37,الْعَلِي,Al-'Alī,Tier 1,1,mid-verse,mid-verse,Medinan,False,False,refrain_surah22_n16
22,الحج,35,1,اللَّه,Allāh,Tier 1,37,الْعَلِي,Al-'Alī,Tier 1,4,mid-verse,mid-verse,Medinan,False,False,refrain_surah22_n16
22,الحج,36,1,اللَّه,Allāh,Tier 1,37,الْعَلِي,Al-'Alī,Tier 1,8,mid-verse,mid-verse,Medinan,False,False,refrain_surah22_n16
22,الحج,36,1,اللَّه,Allāh,Tier 1,37,الْعَلِي,Al-'Alī,Tier 1,1,mid-verse,mid-verse,Medinan,False,False,refrain_surah22_n16
22,الحج,37,1,اللَّه,Allāh,Tier 1,37,الْعَلِي,Al-'Alī,Tier 1,1,mid-verse,mid-verse,Medinan,False,False,refrain_surah22_n16
22,الحج,39,1,اللَّه,Allāh,Tier 1,37,الْعَلِي,Al-'Alī,Tier 1,1,mid-verse,mid-verse,Medinan,False,False,refrain_surah22_n16
22,الحج,40,52,الْحَق,Al-Ḥaqq,Tier 1,1,اللَّه,Allāh,Tier 1,5,mid-verse,mid-verse,Medinan,False,False,refrain_surah22_n10
22,الحج,40,52,الْحَق,Al-Ḥaqq,Tier 1,1,اللَّه,Allāh,Tier 1,9,mid-verse,mid-verse,Medinan,False,False,refrain_surah22_n10
22,الحج,40,1,اللَّه,Allāh,Tier 1,54,الْقَوِي,Al-Qawī,Tier 1,10,mid-verse,verse-final,Medinan,False,False,refrain_surah22_n5
22,الحج,40,1,اللَّه,Allāh,Tier 1,54,الْقَوِي,Al-Qawī,Tier 1,6,mid-verse,verse-final,Medinan,False,False,refrain_surah22_n5
22,الحج,40,1,اللَّه,Allāh,Tier 1,9,الْعَزِيز,Al-'Azīz,Tier 1,7,mid-verse,verse-final,Medinan,True,False,refrain_surah22_n4
22,الحج,40,1,اللَّه,Allāh,Tier 1,54,الْقَوِي,Al-Qawī,Tier 1,1,mid-verse,verse-final,Medinan,False,False,refrain_surah22_n5
22,الحج,40,1,اللَّه,Allāh,Tier 1,9,الْعَزِيز,Al-'Azīz,Tier 1,2,mid-verse,verse-final,Medinan,True,False,refrain_surah22_n4
22,الحج,40,54,الْقَوِي,Al-Qawī,Tier 1,9,الْعَزِيز,Al-'Azīz,Tier 1,1,verse-final,verse-final,Medinan,True,False,
22,الحج,52,1,اللَّه,Allāh,Tier 1,20,الْعَلِيم,Al-'Alīm,Tier 1,10,mid-verse,verse-final,Medinan,False,False,refrain_surah22_n4
22,الحج,52,1,اللَّه,Allāh,Tier 1,20,الْعَلِيم,Al-'Alīm,Tier 1,4,mid-verse,verse-final,Medinan,False,False,refrain_surah22_n4
22,الحج,52,1,اللَّه,Allāh,Tier 1,47,الْحَكِيم,Al-Ḥakīm,Tier 1,5,mid-verse,verse-final,Medinan,False,False,
22,الحج,52,1,اللَّه,Allāh,Tier 1,20,الْعَلِيم,Al-'Alīm,Tier 1,1,mid-verse,verse-final,Medinan,False,False,refrain_surah22_n4
22,الحج,52,1,اللَّه,Allāh,Tier 1,47,الْحَكِيم,Al-Ḥakīm,Tier 1,2,mid-verse,verse-final,Medinan,False,False,
22,الحج,52,20,الْعَلِيم,Al-'Alīm,Tier 1,47,الْحَكِيم,Al-Ḥakīm,Tier 1,1,verse-final,verse-final,Medinan,False,False,
22,الحج,54,52,الْحَق,Al-Ḥaqq,Tier 1,1,اللَّه,Allāh,Tier 1,10,mid-verse,mid-verse,Medinan,False,False,refrain_surah22_n10
22,الحج,56,4,الْمَلِك,Al-Malik,Tier 1,1,اللَّه,Allāh,Tier 1,2,verse-opening,mid-verse,Medinan,False,False,
22,الحج,59,1,اللَّه,Allāh,Tier 1,20,الْعَلِيم,Al-'Alīm,Tier 1,1,mid-verse,verse-final,Medinan,False,False,refrain_surah22_n4
22,الحج,59,1,اللَّه,Allāh,Tier 1,33,الْحَلِيم,Al-Ḥalīm,Tier 1,2,mid-verse,verse-final,Medinan,False,False,
22,الحج,59,20,الْعَلِيم,Al-'Alīm,Tier 1,33,الْحَلِيم,Al-Ḥalīm,Tier 1,1,verse-final,verse-final,Medinan,False,False,
22,الحج,60,1,اللَّه,Allāh,Tier 1,83,الْعَفُو,Al-'Afūw,Tier 1,4,mid-verse,verse-final,Medinan,False,False,
22,الحج,60,1,اللَّه,Allāh,Tier 1,35,الْغَفُور,Al-Ghafūr,Tier 1,5,mid-verse,verse-final,Medinan,False,False,
22,الحج,60,1,اللَّه,Allāh,Tier 1,83,الْعَفُو,Al-'Afūw,Tier 1,1,mid-verse,verse-final,Medinan,False,False,
22,الحج,60,1,اللَّه,Allāh,Tier 1,35,الْغَفُور,Al-Ghafūr,Tier 1,2,mid-verse,verse-final,Medinan,False,False,
22,الحج,60,83,الْعَفُو,Al-'Afūw,Tier 1,35,الْغَفُور,Al-Ghafūr,Tier 1,1,verse-final,verse-final,Medinan,False,False,
22,الحج,61,1,اللَّه,Allāh,Tier 1,27,السَّمِيع,Al-Samī',Tier 1,1,mid-verse,verse-final,Medinan,False,False,refrain_surah22_n3
22,الحج,61,1,اللَّه,Allāh,Tier 1,28,الْبَصِير,Al-Baṣīr,Tier 1,2,mid-verse,verse-final,Medinan,False,False,
22,الحج,61,27,السَّمِيع,Al-Samī',Tier 1,28,الْبَصِير,Al-Baṣīr,Tier 1,1,verse-final,verse-final,Medinan,False,False,
22,الحج,62,1,اللَّه,Allāh,Tier 1,52,الْحَق,Al-Ḥaqq,Tier 1,2,mid-verse,mid-verse,Medinan,False,False,refrain_surah22_n10
22,الحج,62,52,الْحَق,Al-Ḥaqq,Tier 1,1,اللَّه,Allāh,Tier 1,9,mid-verse,mid-verse,Medinan,False,False,refrain_surah22_n10
22,الحج,62,1,اللَّه,Allāh,Tier 1,37,الْعَلِي,Al-'Alī,Tier 1,2,mid-verse,verse-final,Medinan,False,False,refrain_surah22_n16
22,الحج,62,1,اللَّه,Allāh,Tier 1,38,الْكَبِير,Al-Kabīr,Tier 1,3,mid-verse,verse-final,Medinan,False,False,
22,الحج,62,37,الْعَلِي,Al-'Alī,Tier 1,38,الْكَبِير,Al-Kabīr,Tier 1,1,verse-final,verse-final,Medinan,False,False,
22,الحج,63,1,اللَّه,Allāh,Tier 1,31,اللَّطِيف,Al-Laṭīf,Tier 1,1,mid-verse,verse-final,Medinan,False,False,
22,الحج,63,1,اللَّه,Allāh,Tier 1,32,الْخَبِير,Al-Khabīr,Tier 1,2,mid-verse,verse-final,Medinan,False,False,
22,الحج,63,31,اللَّطِيف,Al-Laṭīf,Tier 1,32,الْخَبِير,Al-Khabīr,Tier 1,1,verse-final,verse-final,Medinan,False,False,
22,الحج,64,1,اللَّه,Allāh,Tier 1,89,الْغَنِي,Al-Ghanī,Tier 1,2,mid-verse,verse-final,Medinan,False,False,
22,الحج,64,1,اللَّه,Allāh,Tier 1,57,الْحَمِيد,Al-Ḥamīd,Tier 1,3,mid-verse,verse-final,Medinan,False,False,
22,الحج,64,89,الْغَنِي,Al-Ghanī,Tier 1,57,الْحَمِيد,Al-Ḥamīd,Tier 1,1,verse-final,verse-final,Medinan,False,False,
22,الحج,65,37,الْعَلِي,Al-'Alī,Tier 1,1,اللَّه,Allāh,Tier 1,6,mid-verse,mid-verse,Medinan,False,False,refrain_surah22_n16
22,الحج,65,37,الْعَلِي,Al-'Alī,Tier 1,3,الرَّحِيمِ,Al-Raḥīm,Tier 1,9,mid-verse,verse-final,Medinan,False,False,
22,الحج,65,1,اللَّه,Allāh,Tier 1,3,الرَّحِيمِ,Al-Raḥīm,Tier 1,3,mid-verse,verse-final,Medinan,False,False,
22,الحج,70,37,الْعَلِي,Al-'Alī,Tier 1,1,اللَّه,Allāh,Tier 1,1,mid-verse,verse-final,Medinan,False,False,refrain_surah22_n16
22,الحج,74,1,اللَّه,Allāh,Tier 1,52,الْحَق,Al-Ḥaqq,Tier 1,1,mid-verse,mid-verse,Medinan,False,False,refrain_surah22_n10
22,الحج,74,1,اللَّه,Allāh,Tier 1,54,الْقَوِي,Al-Qawī,Tier 1,6,mid-verse,verse-final,Medinan,False,False,refrain_surah22_n5
22,الحج,74,1,اللَّه,Allāh,Tier 1,9,الْعَزِيز,Al-'Azīz,Tier 1,7,mid-verse,verse-final,Medinan,True,False,refrain_surah22_n4
22,الحج,74,52,الْحَق,Al-Ḥaqq,Tier 1,1,اللَّه,Allāh,Tier 1,4,mid-verse,mid-verse,Medinan,False,False,refrain_surah22_n10
22,الحج,74,52,الْحَق,Al-Ḥaqq,Tier 1,54,الْقَوِي,Al-Qawī,Tier 1,5,mid-verse,verse-final,Medinan,False,False,
22,الحج,74,52,الْحَق,Al-Ḥaqq,Tier 1,9,الْعَزِيز,Al-'Azīz,Tier 1,6,mid-verse,verse-final,Medinan,True,False,
22,الحج,74,1,اللَّه,Allāh,Tier 1,54,الْقَوِي,Al-Qawī,Tier 1,1,mid-verse,verse-final,Medinan,False,False,refrain_surah22_n5
22,الحج,74,1,اللَّه,Allāh,Tier 1,9,الْعَزِيز,Al-'Azīz,Tier 1,2,mid-verse,verse-final,Medinan,True,False,refrain_surah22_n4
22,الحج,74,54,الْقَوِي,Al-Qawī,Tier 1,9,الْعَزِيز,Al-'Azīz,Tier 1,1,verse-final,verse-final,Medinan,True,False,
22,الحج,75,1,اللَّه,Allāh,Tier 1,27,السَّمِيع,Al-Samī',Tier 1,10,verse-opening,verse-final,Medinan,False,False,refrain_surah22_n3
22,الحج,75,1,اللَّه,Allāh,Tier 1,27,السَّمِيع,Al-Samī',Tier 1,1,mid-verse,verse-final,Medinan,False,False,refrain_surah22_n3
22,الحج,75,1,اللَّه,Allāh,Tier 1,28,الْبَصِير,Al-Baṣīr,Tier 1,2,mid-verse,verse-final,Medinan,False,False,
22,الحج,75,27,السَّمِيع,Al-Samī',Tier 1,28,الْبَصِير,Al-Baṣīr,Tier 1,1,verse-final,verse-final,Medinan,False,False,
22,الحج,76,78,الْوَالِي,Al-Wālī,Tier 1,1,اللَّه,Allāh,Tier 1,1,mid-verse,mid-verse,Medinan,False,False,
22,الحج,78,1,اللَّه,Allāh,Tier 1,52,الْحَق,Al-Ḥaqq,Tier 1,1,mid-verse,mid-verse,Medinan,False,False,refrain_surah22_n10
22,الحج,78,1,اللَّه,Allāh,Tier 1,37,الْعَلِي,Al-'Alī,Tier 1,8,mid-verse,mid-verse,Medinan,False,False,refrain_surah22_n16
22,الحج,78,52,الْحَق,Al-Ḥaqq,Tier 1,37,الْعَلِي,Al-'Alī,Tier 1,7,mid-verse,mid-verse,Medinan,False,False,
22,الحج,78,51,الشَّهِيد,Al-Shahīd,Tier 1,37,الْعَلِي,Al-'Alī,Tier 1,1,mid-verse,mid-verse,Medinan,False,False,refrain_surah22_n3
22,الحج,78,51,الشَّهِيد,Al-Shahīd,Tier 1,37,الْعَلِي,Al-'Alī,Tier 1,4,mid-verse,mid-verse,Medinan,False,False,refrain_surah22_n3
22,الحج,78,37,الْعَلِي,Al-'Alī,Tier 1,1,اللَّه,Allāh,Tier 1,8,mid-verse,mid-verse,Medinan,False,False,refrain_surah22_n16
23,المؤمنون,6,37,الْعَلِي,Al-'Alī,Tier 1,4,الْمَلِك,Al-Malik,Tier 1,4,verse-opening,mid-verse,Meccan,False,False,
23,المؤمنون,24,37,الْعَلِي,Al-'Alī,Tier 1,1,اللَّه,Allāh,Tier 1,3,mid-verse,mid-verse,Meccan,False,False,refrain_surah23_n4
23,المؤمنون,24,1,اللَّه,Allāh,Tier 1,74,الْأَوَّل,Al-Awwal,Tier 1,8,mid-verse,verse-final,Meccan,False,False,
23,المؤمنون,28,37,الْعَلِي,Al-'Alī,Tier 1,1,اللَّه,Allāh,Tier 1,4,mid-verse,mid-verse,Meccan,False,False,refrain_surah23_n4
23,المؤمنون,38,37,الْعَلِي,Al-'Alī,Tier 1,1,اللَّه,Allāh,Tier 1,1,mid-verse,mid-verse,Meccan,False,False,refrain_surah23_n4
23,المؤمنون,38,37,الْعَلِي,Al-'Alī,Tier 1,7,الْمُؤْمِن,Al-Mu'min,Tier 1,6,mid-verse,verse-final,Meccan,False,False,
23,المؤمنون,38,1,اللَّه,Allāh,Tier 1,7,الْمُؤْمِن,Al-Mu'min,Tier 1,5,mid-verse,verse-final,Meccan,False,False,
23,المؤمنون,91,37,الْعَلِي,Al-'Alī,Tier 1,1,اللَّه,Allāh,Tier 1,4,mid-verse,mid-verse,Meccan,False,False,refrain_surah23_n4
23,المؤمنون,116,1,اللَّه,Allāh,Tier 1,4,الْمَلِك,Al-Malik,Tier 1,1,verse-opening,mid-verse,Meccan,False,False,
23,المؤمنون,116,1,اللَّه,Allāh,Tier 1,52,الْحَق,Al-Ḥaqq,Tier 1,2,verse-opening,mid-verse,Meccan,False,False,
23,المؤمنون,116,1,اللَّه,Allāh,Tier 1,43,الْكَرِيم,Al-Karīm,Tier 1,10,verse-opening,verse-final,Meccan,False,False,
23,المؤمنون,116,4,الْمَلِك,Al-Malik,Tier 1,52,الْحَق,Al-Ḥaqq,Tier 1,1,mid-verse,mid-verse,Meccan,False,False,
23,المؤمنون,116,4,الْمَلِك,Al-Malik,Tier 1,43,الْكَرِيم,Al-Karīm,Tier 1,9,mid-verse,verse-final,Meccan,False,False,
23,المؤمنون,116,52,الْحَق,Al-Ḥaqq,Tier 1,43,الْكَرِيم,Al-Karīm,Tier 1,8,mid-verse,verse-final,Meccan,False,False,
23,المؤمنون,117,1,اللَّه,Allāh,Tier 1,80,الْبَر,Al-Barr,Tier 1,4,mid-verse,mid-verse,Meccan,False,False,
24,النور,2,1,اللَّه,Allāh,Tier 1,7,الْمُؤْمِن,Al-Mu'min,Tier 1,8,mid-verse,verse-final,Medinan,False,False,refrain_surah24_n5
24,النور,3,37,الْعَلِي,Al-'Alī,Tier 1,7,الْمُؤْمِن,Al-Mu'min,Tier 1,1,verse-final,verse-final,Medinan,False,False,
24,النور,5,1,اللَّه,Allāh,Tier 1,35,الْغَفُور,Al-Ghafūr,Tier 1,1,mid-verse,verse-final,Medinan,False,False,refrain_surah24_n6
24,النور,5,1,اللَّه,Allāh,Tier 1,3,الرَّحِيمِ,Al-Raḥīm,Tier 1,2,mid-verse,verse-final,Medinan,False,False,refrain_surah24_n8
24,النور,5,35,الْغَفُور,Al-Ghafūr,Tier 1,3,الرَّحِيمِ,Al-Raḥīm,Tier 1,1,verse-final,verse-final,Medinan,False,False,refrain_surah24_n4
24,النور,6,68,الْأَحَد,Al-Aḥad,Tier 1,1,اللَّه,Allāh,Tier 1,3,mid-verse,mid-verse,Medinan,False,False,refrain_surah24_n4
24,النور,10,1,اللَّه,Allāh,Tier 1,37,الْعَلِي,Al-'Alī,Tier 1,1,mid-verse,mid-verse,Medinan,False,False,refrain_surah24_n23
24,النور,10,1,اللَّه,Allāh,Tier 1,81,التَّوَّاب,Al-Tawwāb,Tier 1,5,mid-verse,verse-final,Medinan,False,False,
24,النور,10,1,اللَّه,Allāh,Tier 1,47,الْحَكِيم,Al-Ḥakīm,Tier 1,6,mid-verse,verse-final,Medinan,False,False,refrain_surah24_n8
24,النور,10,37,الْعَلِي,Al-'Alī,Tier 1,1,اللَّه,Allāh,Tier 1,3,mid-verse,mid-verse,Medinan,False,False,refrain_surah24_n23
24,النور,10,37,الْعَلِي,Al-'Alī,Tier 1,81,التَّوَّاب,Al-Tawwāb,Tier 1,4,mid-verse,verse-final,Medinan,False,False,
24,النور,10,37,الْعَلِي,Al-'Alī,Tier 1,47,الْحَكِيم,Al-Ḥakīm,Tier 1,5,mid-verse,verse-final,Medinan,False,False,
24,النور,10,1,اللَّه,Allāh,Tier 1,81,التَّوَّاب,Al-Tawwāb,Tier 1,1,mid-verse,verse-final,Medinan,False,False,
24,النور,10,1,اللَّه,Allāh,Tier 1,47,الْحَكِيم,Al-Ḥakīm,Tier 1,2,mid-verse,verse-final,Medinan,False,False,refrain_surah24_n8
24,النور,10,81,التَّوَّاب,Al-Tawwāb,Tier 1,47,الْحَكِيم,Al-Ḥakīm,Tier 1,1,verse-final,verse-final,Medinan,False,False,
24,النور,14,1,اللَّه,Allāh,Tier 1,37,الْعَلِي,Al-'Alī,Tier 1,1,mid-verse,mid-verse,Medinan,False,False,refrain_surah24_n23
24,النور,15,1,اللَّه,Allāh,Tier 1,34,الْعَظِيم,Al-'Aẓīm,Tier 1,1,verse-final,verse-final,Medinan,False,False,
24,النور,17,1,اللَّه,Allāh,Tier 1,7,الْمُؤْمِن,Al-Mu'min,Tier 1,7,verse-opening,verse-final,Medinan,False,False,refrain_surah24_n5
24,النور,18,1,اللَّه,Allāh,Tier 1,20,الْعَلِيم,Al-'Alīm,Tier 1,5,verse-opening,verse-final,Medinan,False,False,refrain_surah24_n16
24,النور,18,1,اللَّه,Allāh,Tier 1,47,الْحَكِيم,Al-Ḥakīm,Tier 1,6,verse-opening,verse-final,Medinan,False,False,refrain_surah24_n8
24,النور,18,1,اللَّه,Allāh,Tier 1,20,الْعَلِيم,Al-'Alīm,Tier 1,1,mid-verse,verse-final,Medinan,False,False,refrain_surah24_n16
24,النور,18,1,اللَّه,Allāh,Tier 1,47,الْحَكِيم,Al-Ḥakīm,Tier 1,2,mid-verse,verse-final,Medinan,False,False,refrain_surah24_n8
24,النور,18,20,الْعَلِيم,Al-'Alīm,Tier 1,47,الْحَكِيم,Al-Ḥakīm,Tier 1,1,verse-final,verse-final,Medinan,False,False,refrain_surah24_n3
24,النور,20,1,اللَّه,Allāh,Tier 1,37,الْعَلِي,Al-'Alī,Tier 1,1,mid-verse,mid-verse,Medinan,False,False,refrain_surah24_n23
24,النور,20,1,اللَّه,Allāh,Tier 1,84,الرَّءُوف,Al-Ra'ūf,Tier 1,5,mid-verse,verse-final,Medinan,False,False,
24,النور,20,1,اللَّه,Allāh,Tier 1,3,الرَّحِيمِ,Al-Raḥīm,Tier 1,6,mid-verse,verse-final,Medinan,False,False,refrain_surah24_n8
24,النور,20,37,الْعَلِي,Al-'Alī,Tier 1,1,اللَّه,Allāh,Tier 1,3,mid-verse,mid-verse,Medinan,False,False,refrain_surah24_n23
24,النور,20,37,الْعَلِي,Al-'Alī,Tier 1,84,الرَّءُوف,Al-Ra'ūf,Tier 1,4,mid-verse,verse-final,Medinan,False,False,
24,النور,20,37,الْعَلِي,Al-'Alī,Tier 1,3,الرَّحِيمِ,Al-Raḥīm,Tier 1,5,mid-verse,verse-final,Medinan,False,False,
24,النور,20,1,اللَّه,Allāh,Tier 1,84,الرَّءُوف,Al-Ra'ūf,Tier 1,1,mid-verse,verse-final,Medinan,False,False,
24,النور,20,1,اللَّه,Allāh,Tier 1,3,الرَّحِيمِ,Al-Raḥīm,Tier 1,2,mid-verse,verse-final,Medinan,False,False,refrain_surah24_n8
24,النور,20,84,الرَّءُوف,Al-Ra'ūf,Tier 1,3,الرَّحِيمِ,Al-Raḥīm,Tier 1,1,verse-final,verse-final,Medinan,False,False,
24,النور,21,1,اللَّه,Allāh,Tier 1,37,الْعَلِي,Al-'Alī,Tier 1,1,mid-verse,mid-verse,Medinan,False,False,refrain_surah24_n23
24,النور,21,1,اللَّه,Allāh,Tier 1,68,الْأَحَد,Al-Aḥad,Tier 1,7,mid-verse,mid-verse,Medinan,False,False,refrain_surah24_n4
24,النور,21,37,الْعَلِي,Al-'Alī,Tier 1,68,الْأَحَد,Al-Aḥad,Tier 1,6,mid-verse,mid-verse,Medinan,False,False,
24,النور,21,37,الْعَلِي,Al-'Alī,Tier 1,1,اللَّه,Allāh,Tier 1,9,mid-verse,mid-verse,Medinan,False,False,refrain_surah24_n23
24,النور,21,68,الْأَحَد,Al-Aḥad,Tier 1,1,اللَّه,Allāh,Tier 1,3,mid-verse,mid-verse,Medinan,False,False,refrain_surah24_n4
24,النور,21,68,الْأَحَد,Al-Aḥad,Tier 1,1,اللَّه,Allāh,Tier 1,8,mid-verse,mid-verse,Medinan,False,False,refrain_surah24_n4
24,النور,21,68,الْأَحَد,Al-Aḥad,Tier 1,27,السَّمِيع,Al-Samī',Tier 1,9,mid-verse,verse-final,Medinan,False,False,
24,النور,21,68,الْأَحَد,Al-Aḥad,Tier 1,20,الْعَلِيم,Al-'Alīm,Tier 1,10,mid-verse,verse-final,Medinan,False,False,
24,النور,21,1,اللَّه,Allāh,Tier 1,27,السَّمِيع,Al-Samī',Tier 1,6,mid-verse,verse-final,Medinan,False,False,refrain_surah24_n3
24,النور,21,1,اللَّه,Allāh,Tier 1,20,الْعَلِيم,Al-'Alīm,Tier 1,7,mid-verse,verse-final,Medinan,False,False,refrain_surah24_n16
24,النور,21,1,اللَّه,Allāh,Tier 1,27,السَّمِيع,Al-Samī',Tier 1,1,mid-verse,verse-final,Medinan,False,False,refrain_surah24_n3
24,النور,21,1,اللَّه,Allāh,Tier 1,20,الْعَلِيم,Al-'Alīm,Tier 1,2,mid-verse,verse-final,Medinan,False,False,refrain_surah24_n16
24,النور,21,27,السَّمِيع,Al-Samī',Tier 1,20,الْعَلِيم,Al-'Alīm,Tier 1,1,verse-final,verse-final,Medinan,False,False,
24,النور,22,1,اللَّه,Allāh,Tier 1,35,الْغَفُور,Al-Ghafūr,Tier 1,4,mid-verse,verse-final,Medinan,False,False,refrain_surah24_n6
24,النور,22,1,اللَّه,Allāh,Tier 1,3,الرَّحِيمِ,Al-Raḥīm,Tier 1,5,mid-verse,verse-final,Medinan,False,False,refrain_surah24_n8
24,النور,22,1,اللَّه,Allāh,Tier 1,35,الْغَفُور,Al-Ghafūr,Tier 1,1,mid-verse,verse-final,Medinan,False,False,refrain_surah24_n6
24,النور,22,1,اللَّه,Allāh,Tier 1,3,الرَّحِيمِ,Al-Raḥīm,Tier 1,2,mid-verse,verse-final,Medinan,False,False,refrain_surah24_n8
24,النور,22,35,الْغَفُور,Al-Ghafūr,Tier 1,3,الرَّحِيمِ,Al-Raḥīm,Tier 1,1,verse-final,verse-final,Medinan,False,False,refrain_surah24_n4
24,النور,25,1,اللَّه,Allāh,Tier 1,52,الْحَق,Al-Ḥaqq,Tier 1,2,mid-verse,mid-verse,Medinan,False,False,refrain_surah24_n4
24,النور,25,1,اللَّه,Allāh,Tier 1,52,الْحَق,Al-Ḥaqq,Tier 1,7,mid-verse,verse-final,Medinan,False,False,refrain_surah24_n4
24,النور,25,52,الْحَق,Al-Ḥaqq,Tier 1,1,اللَّه,Allāh,Tier 1,3,mid-verse,mid-verse,Medinan,False,False,refrain_surah24_n4
24,النور,25,1,اللَّه,Allāh,Tier 1,52,الْحَق,Al-Ḥaqq,Tier 1,2,mid-verse,verse-final,Medinan,False,False,refrain_surah24_n4
24,النور,28,1,اللَّه,Allāh,Tier 1,20,الْعَلِيم,Al-'Alīm,Tier 1,3,mid-verse,verse-final,Medinan,False,False,refrain_surah24_n16
24,النور,30,1,اللَّه,Allāh,Tier 1,32,الْخَبِير,Al-Khabīr,Tier 1,1,mid-verse,mid-verse,Medinan,False,False,
24,النور,31,1,اللَّه,Allāh,Tier 1,7,الْمُؤْمِن,Al-Mu'min,Tier 1,3,mid-verse,mid-verse,Medinan,False,False,refrain_surah24_n5
24,النور,32,89,الْغَنِي,Al-Ghanī,Tier 1,1,اللَّه,Allāh,Tier 1,1,mid-verse,mid-verse,Medinan,False,False,
24,النور,32,89,الْغَنِي,Al-Ghanī,Tier 1,1,اللَّه,Allāh,Tier 1,5,mid-verse,mid-verse,Medinan,False,False,
24,النور,32,89,الْغَنِي,Al-Ghanī,Tier 1,20,الْعَلِيم,Al-'Alīm,Tier 1,7,mid-verse,verse-final,Medinan,False,False,
24,النور,32,1,اللَّه,Allāh,Tier 1,20,الْعَلِيم,Al-'Alīm,Tier 1,6,mid-verse,verse-final,Medinan,False,False,refrain_surah24_n16
24,النور,32,1,اللَّه,Allāh,Tier 1,20,الْعَلِيم,Al-'Alīm,Tier 1,2,mid-verse,verse-final,Medinan,False,False,refrain_surah24_n16
24,النور,33,1,اللَّه,Allāh,Tier 1,4,الْمَلِك,Al-Malik,Tier 1,8,mid-verse,mid-verse,Medinan,False,False,
24,النور,33,1,اللَّه,Allāh,Tier 1,37,الْعَلِي,Al-'Alī,Tier 1,7,mid-verse,mid-verse,Medinan,False,False,refrain_surah24_n23
24,النور,33,1,اللَّه,Allāh,Tier 1,35,الْغَفُور,Al-Ghafūr,Tier 1,4,mid-verse,verse-final,Medinan,False,False,refrain_surah24_n6
24,النور,33,1,اللَّه,Allāh,Tier 1,3,الرَّحِيمِ,Al-Raḥīm,Tier 1,5,mid-verse,verse-final,Medinan,False,False,refrain_surah24_n8
24,النور,33,35,الْغَفُور,Al-Ghafūr,Tier 1,3,الرَّحِيمِ,Al-Raḥīm,Tier 1,1,verse-final,verse-final,Medinan,False,False,refrain_surah24_n4
24,النور,35,1,اللَّه,Allāh,Tier 1,94,النُّور,Al-Nūr,Tier 1,1,verse-opening,mid-verse,Medinan,False,False,refrain_surah24_n5
24,النور,35,94,النُّور,Al-Nūr,Tier 1,37,الْعَلِي,Al-'Alī,Tier 1,1,mid-verse,mid-verse,Medinan,False,False,
24,النور,35,94,النُّور,Al-Nūr,Tier 1,1,اللَّه,Allāh,Tier 1,5,mid-verse,mid-verse,Medinan,False,False,refrain_surah24_n5
24,النور,35,37,الْعَلِي,Al-'Alī,Tier 1,94,النُّور,Al-Nūr,Tier 1,1,mid-verse,mid-verse,Medinan,False,False,
24,النور,35,37,الْعَلِي,Al-'Alī,Tier 1,1,اللَّه,Allāh,Tier 1,4,mid-verse,mid-verse,Medinan,False,False,refrain_surah24_n23
24,النور,35,37,الْعَلِي,Al-'Alī,Tier 1,1,اللَّه,Allāh,Tier 1,10,mid-verse,mid-verse,Medinan,False,False,refrain_surah24_n23
24,النور,35,94,النُّور,Al-Nūr,Tier 1,1,اللَّه,Allāh,Tier 1,3,mid-verse,mid-verse,Medinan,False,False,refrain_surah24_n5
24,النور,35,94,النُّور,Al-Nūr,Tier 1,1,اللَّه,Allāh,Tier 1,9,mid-verse,mid-verse,Medinan,False,False,refrain_surah24_n5
24,النور,35,1,اللَّه,Allāh,Tier 1,20,الْعَلِيم,Al-'Alīm,Tier 1,7,mid-verse,verse-final,Medinan,False,False,refrain_surah24_n16
24,النور,35,1,اللَّه,Allāh,Tier 1,20,الْعَلِيم,Al-'Alīm,Tier 1,3,mid-verse,verse-final,Medinan,False,False,refrain_surah24_n16
24,النور,40,1,اللَّه,Allāh,Tier 1,94,النُّور,Al-Nūr,Tier 1,6,mid-verse,verse-final,Medinan,False,False,refrain_surah24_n5
24,النور,41,1,اللَّه,Allāh,Tier 1,20,الْعَلِيم,Al-'Alīm,Tier 1,1,mid-verse,mid-verse,Medinan,False,False,refrain_surah24_n16
24,النور,42,1,اللَّه,Allāh,Tier 1,78,الْوَالِي,Al-Wālī,Tier 1,5,verse-opening,mid-verse,Medinan,False,False,
24,النور,42,78,الْوَالِي,Al-Wālī,Tier 1,1,اللَّه,Allāh,Tier 1,1,mid-verse,verse-final,Medinan,False,False,
24,النور,45,1,اللَّه,Allāh,Tier 1,37,الْعَلِي,Al-'Alī,Tier 1,10,verse-opening,mid-verse,Medinan,False,False,refrain_surah24_n23
24,النور,45,37,الْعَلِي,Al-'Alī,Tier 1,1,اللَّه,Allāh,Tier 1,9,mid-verse,mid-verse,Medinan,False,False,refrain_surah24_n23
24,النور,45,37,الْعَلِي,Al-'Alī,Tier 1,1,اللَّه,Allāh,Tier 1,4,mid-verse,mid-verse,Medinan,False,False,refrain_surah24_n23
24,النور,45,37,الْعَلِي,Al-'Alī,Tier 1,1,اللَّه,Allāh,Tier 1,9,mid-verse,mid-verse,Medinan,False,False,refrain_surah24_n23
24,النور,45,1,اللَّه,Allāh,Tier 1,37,الْعَلِي,Al-'Alī,Tier 1,6,mid-verse,mid-verse,Medinan,False,False,refrain_surah24_n23
24,النور,45,1,اللَّه,Allāh,Tier 1,37,الْعَلِي,Al-'Alī,Tier 1,1,mid-verse,mid-verse,Medinan,False,False,refrain_surah24_n23
24,النور,50,1,اللَّه,Allāh,Tier 1,37,الْعَلِي,Al-'Alī,Tier 1,1,mid-verse,mid-verse,Medinan,False,False,refrain_surah24_n23
24,النور,51,7,الْمُؤْمِن,Al-Mu'min,Tier 1,1,اللَّه,Allāh,Tier 1,4,mid-verse,mid-verse,Medinan,False,False,refrain_surah24_n5
24,النور,53,1,اللَّه,Allāh,Tier 1,32,الْخَبِير,Al-Khabīr,Tier 1,1,mid-verse,mid-verse,Medinan,False,False,
24,النور,54,1,اللَّه,Allāh,Tier 1,37,الْعَلِي,Al-'Alī,Tier 1,10,mid-verse,mid-verse,Medinan,False,False,refrain_surah24_n23
24,النور,58,37,الْعَلِي,Al-'Alī,Tier 1,1,اللَّه,Allāh,Tier 1,7,mid-verse,mid-verse,Medinan,False,False,refrain_surah24_n23
24,النور,58,37,الْعَلِي,Al-'Alī,Tier 1,1,اللَّه,Allāh,Tier 1,5,mid-verse,mid-verse,Medinan,False,False,refrain_surah24_n23
24,النور,58,37,الْعَلِي,Al-'Alī,Tier 1,1,اللَّه,Allāh,Tier 1,9,mid-verse,mid-verse,Medinan,False,False,refrain_surah24_n23
24,النور,58,37,الْعَلِي,Al-'Alī,Tier 1,20,الْعَلِيم,Al-'Alīm,Tier 1,10,mid-verse,verse-final,Medinan,False,False,
24,النور,58,1,اللَّه,Allāh,Tier 1,20,الْعَلِيم,Al-'Alīm,Tier 1,5,mid-verse,verse-final,Medinan,False,False,refrain_surah24_n16
24,النور,58,1,اللَّه,Allāh,Tier 1,47,الْحَكِيم,Al-Ḥakīm,Tier 1,6,mid-verse,verse-final,Medinan,False,False,refrain_surah24_n8
24,النور,58,1,اللَّه,Allāh,Tier 1,20,الْعَلِيم,Al-'Alīm,Tier 1,1,mid-verse,verse-final,Medinan,False,False,refrain_surah24_n16
24,النور,58,1,اللَّه,Allāh,Tier 1,47,الْحَكِيم,Al-Ḥakīm,Tier 1,2,mid-verse,verse-final,Medinan,False,False,refrain_surah24_n8
24,النور,58,20,الْعَلِيم,Al-'Alīm,Tier 1,47,الْحَكِيم,Al-Ḥakīm,Tier 1,1,verse-final,verse-final,Medinan,False,False,refrain_surah24_n3
24,النور,59,1,اللَّه,Allāh,Tier 1,20,الْعَلِيم,Al-'Alīm,Tier 1,5,mid-verse,verse-final,Medinan,False,False,refrain_surah24_n16
24,النور,59,1,اللَّه,Allāh,Tier 1,47,الْحَكِيم,Al-Ḥakīm,Tier 1,6,mid-verse,verse-final,Medinan,False,False,refrain_surah24_n8
24,النور,59,1,اللَّه,Allāh,Tier 1,20,الْعَلِيم,Al-'Alīm,Tier 1,1,mid-verse,verse-final,Medinan,False,False,refrain_surah24_n16
24,النور,59,1,اللَّه,Allāh,Tier 1,47,الْحَكِيم,Al-Ḥakīm,Tier 1,2,mid-verse,verse-final,Medinan,False,False,refrain_surah24_n8
24,النور,59,20,الْعَلِيم,Al-'Alīm,Tier 1,47,الْحَكِيم,Al-Ḥakīm,Tier 1,1,verse-final,verse-final,Medinan,False,False,refrain_surah24_n3
24,النور,60,1,اللَّه,Allāh,Tier 1,27,السَّمِيع,Al-Samī',Tier 1,1,mid-verse,verse-final,Medinan,False,False,refrain_surah24_n3
24,النور,60,1,اللَّه,Allāh,Tier 1,20,الْعَلِيم,Al-'Alīm,Tier 1,2,mid-verse,verse-final,Medinan,False,False,refrain_surah24_n16
24,النور,60,27,السَّمِيع,Al-Samī',Tier 1,20,الْعَلِيم,Al-'Alīm,Tier 1,1,verse-final,verse-final,Medinan,False,False,
24,النور,61,4,الْمَلِك,Al-Malik,Tier 1,37,الْعَلِي,Al-'Alī,Tier 1,6,mid-verse,mid-verse,Medinan,False,False,
24,النور,61,37,الْعَلِي,Al-'Alī,Tier 1,1,اللَّه,Allāh,Tier 1,5,mid-verse,mid-verse,Medinan,False,False,refrain_surah24_n23
24,النور,62,7,الْمُؤْمِن,Al-Mu'min,Tier 1,1,اللَّه,Allāh,Tier 1,3,verse-opening,mid-verse,Medinan,False,False,refrain_surah24_n5
24,النور,62,7,الْمُؤْمِن,Al-Mu'min,Tier 1,37,الْعَلِي,Al-'Alī,Tier 1,8,verse-opening,mid-verse,Medinan,False,False,
24,النور,62,7,الْمُؤْمِن,Al-Mu'min,Tier 1,88,الْجَامِع,Al-Jāmi',Tier 1,10,verse-opening,mid-verse,Medinan,False,False,
24,النور,62,1,اللَّه,Allāh,Tier 1,37,الْعَلِي,Al-'Alī,Tier 1,5,mid-verse,mid-verse,Medinan,False,False,refrain_surah24_n23
24,النور,62,1,اللَّه,Allāh,Tier 1,88,الْجَامِع,Al-Jāmi',Tier 1,7,mid-verse,mid-verse,Medinan,False,False,
24,النور,62,37,الْعَلِي,Al-'Alī,Tier 1,88,الْجَامِع,Al-Jāmi',Tier 1,2,mid-verse,mid-verse,Medinan,False,False,
24,النور,62,1,اللَّه,Allāh,Tier 1,35,الْغَفُور,Al-Ghafūr,Tier 1,4,mid-verse,verse-final,Medinan,False,False,refrain_surah24_n6
24,النور,62,1,اللَّه,Allāh,Tier 1,3,الرَّحِيمِ,Al-Raḥīm,Tier 1,5,mid-verse,verse-final,Medinan,False,False,refrain_surah24_n8
24,النور,62,1,اللَّه,Allāh,Tier 1,35,الْغَفُور,Al-Ghafūr,Tier 1,1,mid-verse,verse-final,Medinan,False,False,refrain_surah24_n6
24,النور,62,1,اللَّه,Allāh,Tier 1,3,الرَّحِيمِ,Al-Raḥīm,Tier 1,2,mid-verse,verse-final,Medinan,False,False,refrain_surah24_n8
24,النور,62,35,الْغَفُور,Al-Ghafūr,Tier 1,3,الرَّحِيمِ,Al-Raḥīm,Tier 1,1,verse-final,verse-final,Medinan,False,False,refrain_surah24_n4
24,النور,64,1,اللَّه,Allāh,Tier 1,20,الْعَلِيم,Al-'Alīm,Tier 1,3,mid-verse,verse-final,Medinan,False,False,refrain_surah24_n16
25,الفرقان,26,4,الْمَلِك,Al-Malik,Tier 1,52,الْحَق,Al-Ḥaqq,Tier 1,2,verse-opening,mid-verse,Meccan,False,False,
25,الفرقان,26,4,الْمَلِك,Al-Malik,Tier 1,2,الرَّحْمَٰن,Al-Raḥmān,Tier 1,3,verse-opening,mid-verse,Meccan,False,False,
25,الفرقان,26,4,الْمَلِك,Al-Malik,Tier 1,37,الْعَلِي,Al-'Alī,Tier 1,7,verse-opening,mid-verse,Meccan,False,False,
25,الفرقان,26,52,الْحَق,Al-Ḥaqq,Tier 1,2,الرَّحْمَٰن,Al-Raḥmān,Tier 1,1,mid-verse,mid-verse,Meccan,False,False,
25,الفرقان,26,52,الْحَق,Al-Ḥaqq,Tier 1,37,الْعَلِي,Al-'Alī,Tier 1,5,mid-verse,mid-verse,Meccan,False,False,
25,الفرقان,26,2,الرَّحْمَٰن,Al-Raḥmān,Tier 1,37,الْعَلِي,Al-'Alī,Tier 1,4,mid-verse,mid-verse,Meccan,False,False,refrain_surah25_n3
25,الفرقان,55,1,اللَّه,Allāh,Tier 1,37,الْعَلِي,Al-'Alī,Tier 1,9,mid-verse,mid-verse,Meccan,False,False,
25,الفرقان,58,37,الْعَلِي,Al-'Alī,Tier 1,63,الْحَي,Al-Ḥayy,Tier 1,1,verse-opening,mid-verse,Meccan,False,False,
25,الفرقان,59,37,الْعَلِي,Al-'Alī,Tier 1,2,الرَّحْمَٰن,Al-Raḥmān,Tier 1,3,mid-verse,mid-verse,Meccan,False,False,refrain_surah25_n3
25,الفرقان,63,2,الرَّحْمَٰن,Al-Raḥmān,Tier 1,37,الْعَلِي,Al-'Alī,Tier 1,3,verse-opening,mid-verse,Meccan,False,False,refrain_surah25_n3
25,الفرقان,68,1,اللَّه,Allāh,Tier 1,52,الْحَق,Al-Ḥaqq,Tier 1,10,mid-verse,mid-verse,Meccan,False,False,
25,الفرقان,68,1,اللَّه,Allāh,Tier 1,52,الْحَق,Al-Ḥaqq,Tier 1,2,mid-verse,mid-verse,Meccan,False,False,
26,الشعراء,9,9,الْعَزِيز,Al-'Azīz,Tier 1,3,الرَّحِيمِ,Al-Raḥīm,Tier 1,1,verse-final,verse-final,Meccan,True,False,refrain_surah26_n9
26,الشعراء,51,74,الْأَوَّل,Al-Awwal,Tier 1,7,الْمُؤْمِن,Al-Mu'min,Tier 1,1,verse-final,verse-final,Meccan,False,False,
26,الشعراء,68,9,الْعَزِيز,Al-'Azīz,Tier 1,3,الرَّحِيمِ,Al-Raḥīm,Tier 1,1,verse-final,verse-final,Meccan,True,False,refrain_surah26_n9
26,الشعراء,104,9,الْعَزِيز,Al-'Azīz,Tier 1,3,الرَّحِيمِ,Al-Raḥīm,Tier 1,1,verse-final,verse-final,Meccan,True,False,refrain_surah26_n9
26,الشعراء,122,9,الْعَزِيز,Al-'Azīz,Tier 1,3,الرَّحِيمِ,Al-Raḥīm,Tier 1,1,verse-final,verse-final,Meccan,True,False,refrain_surah26_n9
26,الشعراء,135,37,الْعَلِي,Al-'Alī,Tier 1,34,الْعَظِيم,Al-'Aẓīm,Tier 1,3,mid-verse,verse-final,Meccan,False,False,
26,الشعراء,140,9,الْعَزِيز,Al-'Azīz,Tier 1,3,الرَّحِيمِ,Al-Raḥīm,Tier 1,1,verse-final,verse-final,Meccan,True,False,refrain_surah26_n9
26,الشعراء,159,9,الْعَزِيز,Al-'Azīz,Tier 1,3,الرَّحِيمِ,Al-Raḥīm,Tier 1,1,verse-final,verse-final,Meccan,True,False,refrain_surah26_n9
26,الشعراء,175,9,الْعَزِيز,Al-'Azīz,Tier 1,3,الرَّحِيمِ,Al-Raḥīm,Tier 1,1,verse-final,verse-final,Meccan,True,False,refrain_surah26_n9
26,الشعراء,191,9,الْعَزِيز,Al-'Azīz,Tier 1,3,الرَّحِيمِ,Al-Raḥīm,Tier 1,1,verse-final,verse-final,Meccan,True,False,refrain_surah26_n9
26,الشعراء,199,37,الْعَلِي,Al-'Alī,Tier 1,7,الْمُؤْمِن,Al-Mu'min,Tier 1,4,verse-opening,verse-final,Meccan,False,False,
26,الشعراء,217,37,الْعَلِي,Al-'Alī,Tier 1,9,الْعَزِيز,Al-'Azīz,Tier 1,1,verse-opening,verse-final,Meccan,True,False,
26,الشعراء,217,37,الْعَلِي,Al-'Alī,Tier 1,3,الرَّحِيمِ,Al-Raḥīm,Tier 1,2,verse-opening,verse-final,Meccan,False,False,
26,الشعراء,217,9,الْعَزِيز,Al-'Azīz,Tier 1,3,الرَّحِيمِ,Al-Raḥīm,Tier 1,1,verse-final,verse-final,Meccan,True,False,refrain_surah26_n9
26,الشعراء,220,27,السَّمِيع,Al-Samī',Tier 1,20,الْعَلِيم,Al-'Alīm,Tier 1,1,verse-final,verse-final,Meccan,False,False,
27,النمل,6,47,الْحَكِيم,Al-Ḥakīm,Tier 1,20,الْعَلِيم,Al-'Alīm,Tier 1,1,verse-final,verse-final,Meccan,False,False,
27,النمل,9,1,اللَّه,Allāh,Tier 1,9,الْعَزِيز,Al-'Azīz,Tier 1,1,mid-verse,verse-final,Meccan,True,False,
27,النمل,9,1,اللَّه,Allāh,Tier 1,47,الْحَكِيم,Al-Ḥakīm,Tier 1,2,mid-verse,verse-final,Meccan,False,False,
27,النمل,9,9,الْعَزِيز,Al-'Azīz,Tier 1,47,الْحَكِيم,Al-Ḥakīm,Tier 1,1,verse-final,verse-final,Meccan,True,False,
27,النمل,11,35,الْغَفُور,Al-Ghafūr,Tier 1,3,الرَّحِيمِ,Al-Raḥīm,Tier 1,1,verse-final,verse-final,Meccan,False,False,
27,النمل,15,1,اللَّه,Allāh,Tier 1,37,الْعَلِي,Al-'Alī,Tier 1,3,mid-verse,mid-verse,Meccan,False,False,refrain_surah27_n4
27,النمل,15,1,اللَّه,Allāh,Tier 1,7,الْمُؤْمِن,Al-Mu'min,Tier 1,7,mid-verse,verse-final,Meccan,False,False,
27,النمل,15,37,الْعَلِي,Al-'Alī,Tier 1,7,الْمُؤْمِن,Al-Mu'min,Tier 1,4,mid-verse,verse-final,Meccan,False,False,
27,النمل,26,1,اللَّه,Allāh,Tier 1,34,الْعَظِيم,Al-'Aẓīm,Tier 1,7,verse-opening,verse-final,Meccan,False,False,
27,النمل,30,1,اللَّه,Allāh,Tier 1,2,الرَّحْمَٰن,Al-Raḥmān,Tier 1,1,mid-verse,verse-final,Meccan,False,False,
27,النمل,30,1,اللَّه,Allāh,Tier 1,3,الرَّحِيمِ,Al-Raḥīm,Tier 1,2,mid-verse,verse-final,Meccan,False,False,
27,النمل,30,2,الرَّحْمَٰن,Al-Raḥmān,Tier 1,3,الرَّحِيمِ,Al-Raḥīm,Tier 1,1,verse-final,verse-final,Meccan,False,False,
27,النمل,40,89,الْغَنِي,Al-Ghanī,Tier 1,43,الْكَرِيم,Al-Karīm,Tier 1,1,verse-final,verse-final,Meccan,False,False,
27,النمل,59,1,اللَّه,Allāh,Tier 1,37,الْعَلِي,Al-'Alī,Tier 1,2,mid-verse,mid-verse,Meccan,False,False,refrain_surah27_n4
27,النمل,60,1,اللَّه,Allāh,Tier 1,30,الْعَدْل,Al-'Adl,Tier 1,5,mid-verse,verse-final,Meccan,False,False,
27,النمل,78,9,الْعَزِيز,Al-'Azīz,Tier 1,20,الْعَلِيم,Al-'Alīm,Tier 1,1,verse-final,verse-final,Meccan,True,False,
27,النمل,79,37,الْعَلِي,Al-'Alī,Tier 1,1,اللَّه,Allāh,Tier 1,1,verse-opening,mid-verse,Meccan,False,False,refrain_surah27_n4
27,النمل,79,37,الْعَلِي,Al-'Alī,Tier 1,52,الْحَق,Al-Ḥaqq,Tier 1,5,verse-opening,verse-final,Meccan,False,False,
27,النمل,79,1,اللَّه,Allāh,Tier 1,37,الْعَلِي,Al-'Alī,Tier 1,3,mid-verse,mid-verse,Meccan,False,False,refrain_surah27_n4
27,النمل,79,1,اللَّه,Allāh,Tier 1,52,الْحَق,Al-Ḥaqq,Tier 1,4,mid-verse,verse-final,Meccan,False,False,
27,النمل,79,37,الْعَلِي,Al-'Alī,Tier 1,52,الْحَق,Al-Ḥaqq,Tier 1,1,mid-verse,verse-final,Meccan,False,False,
27,النمل,88,1,اللَّه,Allāh,Tier 1,32,الْخَبِير,Al-Khabīr,Tier 1,7,mid-verse,mid-verse,Meccan,False,False,
28,القصص,3,37,الْعَلِي,Al-'Alī,Tier 1,52,الْحَق,Al-Ḥaqq,Tier 1,5,verse-opening,mid-verse,Meccan,False,False,refrain_surah28_n3
28,القصص,10,37,الْعَلِي,Al-'Alī,Tier 1,7,الْمُؤْمِن,Al-Mu'min,Tier 1,4,mid-verse,verse-final,Meccan,False,False,
28,القصص,13,1,اللَّه,Allāh,Tier 1,52,الْحَق,Al-Ḥaqq,Tier 1,1,mid-verse,mid-verse,Meccan,False,False,
28,القصص,16,35,الْغَفُور,Al-Ghafūr,Tier 1,3,الرَّحِيمِ,Al-Raḥīm,Tier 1,1,verse-final,verse-final,Meccan,False,False,
28,القصص,25,68,الْأَحَد,Al-Aḥad,Tier 1,37,الْعَلِي,Al-'Alī,Tier 1,2,verse-opening,mid-verse,Meccan,False,False,
28,القصص,26,68,الْأَحَد,Al-Aḥad,Tier 1,54,الْقَوِي,Al-Qawī,Tier 1,8,verse-opening,verse-final,Meccan,False,False,
28,القصص,27,68,الْأَحَد,Al-Aḥad,Tier 1,37,الْعَلِي,Al-'Alī,Tier 1,3,mid-verse,mid-verse,Meccan,False,False,
28,القصص,27,37,الْعَلِي,Al-'Alī,Tier 1,1,اللَّه,Allāh,Tier 1,5,mid-verse,mid-verse,Meccan,False,False,refrain_surah28_n9
28,القصص,28,37,الْعَلِي,Al-'Alī,Tier 1,1,اللَّه,Allāh,Tier 1,2,mid-verse,mid-verse,Meccan,False,False,refrain_surah28_n9
28,القصص,28,37,الْعَلِي,Al-'Alī,Tier 1,53,الْوَكِيل,Al-Wakīl,Tier 1,6,mid-verse,verse-final,Meccan,False,False,
28,القصص,28,1,اللَّه,Allāh,Tier 1,37,الْعَلِي,Al-'Alī,Tier 1,1,mid-verse,mid-verse,Meccan,False,False,refrain_surah28_n9
28,القصص,28,1,اللَّه,Allāh,Tier 1,53,الْوَكِيل,Al-Wakīl,Tier 1,4,mid-verse,verse-final,Meccan,False,False,
28,القصص,28,37,الْعَلِي,Al-'Alī,Tier 1,53,الْوَكِيل,Al-Wakīl,Tier 1,3,mid-verse,verse-final,Meccan,False,False,
28,القصص,53,37,الْعَلِي,Al-'Alī,Tier 1,52,الْحَق,Al-Ḥaqq,Tier 1,5,mid-verse,mid-verse,Meccan,False,False,refrain_surah28_n3
28,القصص,63,52,الْحَق,Al-Ḥaqq,Tier 1,37,الْعَلِي,Al-'Alī,Tier 1,1,mid-verse,mid-verse,Meccan,False,False,refrain_surah28_n3
28,القصص,71,1,اللَّه,Allāh,Tier 1,37,الْعَلِي,Al-'Alī,Tier 1,1,mid-verse,mid-verse,Meccan,False,False,refrain_surah28_n9
28,القصص,71,37,الْعَلِي,Al-'Alī,Tier 1,1,اللَّه,Allāh,Tier 1,9,mid-verse,mid-verse,Meccan,False,False,refrain_surah28_n9
28,القصص,72,1,اللَّه,Allāh,Tier 1,37,الْعَلِي,Al-'Alī,Tier 1,1,mid-verse,mid-verse,Meccan,False,False,refrain_surah28_n9
28,القصص,72,37,الْعَلِي,Al-'Alī,Tier 1,1,اللَّه,Allāh,Tier 1,9,mid-verse,mid-verse,Meccan,False,False,refrain_surah28_n9
28,القصص,75,52,الْحَق,Al-Ḥaqq,Tier 1,1,اللَّه,Allāh,Tier 1,1,mid-verse,mid-verse,Meccan,False,False,
28,القصص,78,37,الْعَلِي,Al-'Alī,Tier 1,1,اللَّه,Allāh,Tier 1,7,mid-verse,mid-verse,Meccan,False,False,refrain_surah28_n9
28,القصص,82,1,اللَّه,Allāh,Tier 1,37,الْعَلِي,Al-'Alī,Tier 1,1,mid-verse,mid-verse,Meccan,False,False,refrain_surah28_n9
29,العنكبوت,5,1,اللَّه,Allāh,Tier 1,27,السَّمِيع,Al-Samī',Tier 1,7,mid-verse,verse-final,Meccan,False,False,refrain_surah29_n3
29,العنكبوت,5,1,اللَّه,Allāh,Tier 1,20,الْعَلِيم,Al-'Alīm,Tier 1,8,mid-verse,verse-final,Meccan,False,False,refrain_surah29_n4
29,العنكبوت,5,1,اللَّه,Allāh,Tier 1,27,السَّمِيع,Al-Samī',Tier 1,4,mid-verse,verse-final,Meccan,False,False,refrain_surah29_n3
29,العنكبوت,5,1,اللَّه,Allāh,Tier 1,20,الْعَلِيم,Al-'Alīm,Tier 1,5,mid-verse,verse-final,Meccan,False,False,refrain_surah29_n4
29,العنكبوت,5,27,السَّمِيع,Al-Samī',Tier 1,20,الْعَلِيم,Al-'Alīm,Tier 1,1,verse-final,verse-final,Meccan,False,False,
29,العنكبوت,17,1,اللَّه,Allāh,Tier 1,4,الْمَلِك,Al-Malik,Tier 1,2,mid-verse,mid-verse,Meccan,False,False,
29,العنكبوت,17,4,الْمَلِك,Al-Malik,Tier 1,1,اللَّه,Allāh,Tier 1,5,mid-verse,mid-verse,Meccan,False,False,
29,العنكبوت,19,1,اللَّه,Allāh,Tier 1,37,الْعَلِي,Al-'Alī,Tier 1,7,mid-verse,mid-verse,Meccan,False,False,refrain_surah29_n5
29,العنكبوت,19,37,الْعَلِي,Al-'Alī,Tier 1,1,اللَّه,Allāh,Tier 1,1,mid-verse,verse-final,Meccan,False,False,refrain_surah29_n5
29,العنكبوت,20,1,اللَّه,Allāh,Tier 1,37,الْعَلِي,Al-'Alī,Tier 1,7,mid-verse,mid-verse,Meccan,False,False,refrain_surah29_n5
29,العنكبوت,20,1,اللَّه,Allāh,Tier 1,37,الْعَلِي,Al-'Alī,Tier 1,1,mid-verse,mid-verse,Meccan,False,False,refrain_surah29_n5
29,العنكبوت,22,1,اللَّه,Allāh,Tier 1,56,الْوَلِي,Al-Walī,Tier 1,2,mid-verse,mid-verse,Meccan,False,False,
29,العنكبوت,26,9,الْعَزِيز,Al-'Azīz,Tier 1,47,الْحَكِيم,Al-Ḥakīm,Tier 1,1,verse-final,verse-final,Meccan,True,False,
29,العنكبوت,36,78,الْوَالِي,Al-Wālī,Tier 1,1,اللَّه,Allāh,Tier 1,7,verse-opening,mid-verse,Meccan,False,False,
29,العنكبوت,42,1,اللَّه,Allāh,Tier 1,9,الْعَزِيز,Al-'Azīz,Tier 1,10,verse-opening,verse-final,Meccan,True,False,
29,العنكبوت,42,9,الْعَزِيز,Al-'Azīz,Tier 1,47,الْحَكِيم,Al-Ḥakīm,Tier 1,1,verse-final,verse-final,Meccan,True,False,
29,العنكبوت,44,1,اللَّه,Allāh,Tier 1,52,الْحَق,Al-Ḥaqq,Tier 1,3,verse-opening,mid-verse,Meccan,False,False,
29,العنكبوت,44,1,اللَّه,Allāh,Tier 1,7,الْمُؤْمِن,Al-Mu'min,Tier 1,9,verse-opening,verse-final,Meccan,False,False,
29,العنكبوت,44,52,الْحَق,Al-Ḥaqq,Tier 1,7,الْمُؤْمِن,Al-Mu'min,Tier 1,6,mid-verse,verse-final,Meccan,False,False,
29,العنكبوت,60,1,اللَّه,Allāh,Tier 1,27,السَّمِيع,Al-Samī',Tier 1,5,mid-verse,verse-final,Meccan,False,False,refrain_surah29_n3
29,العنكبوت,60,1,اللَّه,Allāh,Tier 1,20,الْعَلِيم,Al-'Alīm,Tier 1,6,mid-verse,verse-final,Meccan,False,False,refrain_surah29_n4
29,العنكبوت,60,27,السَّمِيع,Al-Samī',Tier 1,20,الْعَلِيم,Al-'Alīm,Tier 1,1,verse-final,verse-final,Meccan,False,False,
29,العنكبوت,62,1,اللَّه,Allāh,Tier 1,20,الْعَلِيم,Al-'Alīm,Tier 1,3,mid-verse,verse-final,Meccan,False,False,refrain_surah29_n4
29,العنكبوت,63,63,الْحَي,Al-Ḥayy,Tier 1,1,اللَّه,Allāh,Tier 1,7,mid-verse,mid-verse,Meccan,False,False,
29,العنكبوت,65,1,اللَّه,Allāh,Tier 1,80,الْبَر,Al-Barr,Tier 1,7,mid-verse,mid-verse,Meccan,False,False,
29,العنكبوت,68,37,الْعَلِي,Al-'Alī,Tier 1,1,اللَّه,Allāh,Tier 1,1,mid-verse,mid-verse,Meccan,False,False,refrain_surah29_n5
29,العنكبوت,68,37,الْعَلِي,Al-'Alī,Tier 1,52,الْحَق,Al-Ḥaqq,Tier 1,5,mid-verse,mid-verse,Meccan,False,False,
29,العنكبوت,68,1,اللَّه,Allāh,Tier 1,52,الْحَق,Al-Ḥaqq,Tier 1,4,mid-verse,mid-verse,Meccan,False,False,
30,الروم,4,1,اللَّه,Allāh,Tier 1,7,الْمُؤْمِن,Al-Mu'min,Tier 1,9,mid-verse,verse-final,Meccan,False,False,
30,الروم,5,1,اللَّه,Allāh,Tier 1,9,الْعَزِيز,Al-'Azīz,Tier 1,7,verse-opening,verse-final,Meccan,True,False,
30,الروم,5,1,اللَّه,Allāh,Tier 1,3,الرَّحِيمِ,Al-Raḥīm,Tier 1,8,verse-opening,verse-final,Meccan,False,False,
30,الروم,5,9,الْعَزِيز,Al-'Azīz,Tier 1,3,الرَّحِيمِ,Al-Raḥīm,Tier 1,1,verse-final,verse-final,Meccan,True,False,
30,الروم,8,1,اللَّه,Allāh,Tier 1,52,الْحَق,Al-Ḥaqq,Tier 1,6,mid-verse,mid-verse,Meccan,False,False,
30,الروم,27,9,الْعَزِيز,Al-'Azīz,Tier 1,47,الْحَكِيم,Al-Ḥakīm,Tier 1,1,verse-final,verse-final,Meccan,True,False,
30,الروم,30,1,اللَّه,Allāh,Tier 1,37,الْعَلِي,Al-'Alī,Tier 1,4,mid-verse,mid-verse,Meccan,False,False,refrain_surah30_n3
30,الروم,30,37,الْعَلِي,Al-'Alī,Tier 1,1,اللَّه,Allāh,Tier 1,5,mid-verse,mid-verse,Meccan,False,False,refrain_surah30_n3
30,الروم,47,52,الْحَق,Al-Ḥaqq,Tier 1,37,الْعَلِي,Al-'Alī,Tier 1,1,mid-verse,mid-verse,Meccan,False,False,
30,الروم,47,52,الْحَق,Al-Ḥaqq,Tier 1,7,الْمُؤْمِن,Al-Mu'min,Tier 1,3,mid-verse,verse-final,Meccan,False,False,
30,الروم,47,37,الْعَلِي,Al-'Alī,Tier 1,7,الْمُؤْمِن,Al-Mu'min,Tier 1,2,mid-verse,verse-final,Meccan,False,False,
30,الروم,59,1,اللَّه,Allāh,Tier 1,37,الْعَلِي,Al-'Alī,Tier 1,1,mid-verse,mid-verse,Meccan,False,False,refrain_surah30_n3
30,الروم,60,1,اللَّه,Allāh,Tier 1,52,الْحَق,Al-Ḥaqq,Tier 1,1,mid-verse,mid-verse,Meccan,False,False,
31,لقمان,9,1,اللَّه,Allāh,Tier 1,9,الْعَزِيز,Al-'Azīz,Tier 1,4,mid-verse,verse-final,Meccan,True,False,refrain_surah31_n3
31,لقمان,9,1,اللَّه,Allāh,Tier 1,47,الْحَكِيم,Al-Ḥakīm,Tier 1,5,mid-verse,verse-final,Meccan,False,False,refrain_surah31_n3
31,لقمان,9,9,الْعَزِيز,Al-'Azīz,Tier 1,47,الْحَكِيم,Al-Ḥakīm,Tier 1,1,verse-final,verse-final,Meccan,True,False,
31,لقمان,12,1,اللَّه,Allāh,Tier 1,57,الْحَمِيد,Al-Ḥamīd,Tier 1,2,mid-verse,verse-final,Meccan,False,False,refrain_surah31_n3
31,لقمان,13,1,اللَّه,Allāh,Tier 1,34,الْعَظِيم,Al-'Aẓīm,Tier 1,5,mid-verse,verse-final,Meccan,False,False,
31,لقمان,16,1,اللَّه,Allāh,Tier 1,31,اللَّطِيف,Al-Laṭīf,Tier 1,4,mid-verse,verse-final,Meccan,False,False,
31,لقمان,16,1,اللَّه,Allāh,Tier 1,32,الْخَبِير,Al-Khabīr,Tier 1,5,mid-verse,verse-final,Meccan,False,False,refrain_surah31_n4
31,لقمان,16,1,اللَّه,Allāh,Tier 1,31,اللَّطِيف,Al-Laṭīf,Tier 1,1,mid-verse,verse-final,Meccan,False,False,
31,لقمان,16,1,اللَّه,Allāh,Tier 1,32,الْخَبِير,Al-Khabīr,Tier 1,2,mid-verse,verse-final,Meccan,False,False,refrain_surah31_n4
31,لقمان,16,31,اللَّطِيف,Al-Laṭīf,Tier 1,32,الْخَبِير,Al-Khabīr,Tier 1,1,verse-final,verse-final,Meccan,False,False,
31,لقمان,20,1,اللَّه,Allāh,Tier 1,37,الْعَلِي,Al-'Alī,Tier 1,10,mid-verse,mid-verse,Meccan,False,False,refrain_surah31_n3
31,لقمان,20,37,الْعَلِي,Al-'Alī,Tier 1,1,اللَّه,Allāh,Tier 1,10,mid-verse,mid-verse,Meccan,False,False,refrain_surah31_n3
31,لقمان,21,1,اللَّه,Allāh,Tier 1,74,الْأَوَّل,Al-Awwal,Tier 1,9,mid-verse,mid-verse,Meccan,False,False,
31,لقمان,22,1,اللَّه,Allāh,Tier 1,78,الْوَالِي,Al-Wālī,Tier 1,8,mid-verse,mid-verse,Meccan,False,False,
31,لقمان,22,78,الْوَالِي,Al-Wālī,Tier 1,1,اللَّه,Allāh,Tier 1,1,mid-verse,mid-verse,Meccan,False,False,
31,لقمان,23,1,اللَّه,Allāh,Tier 1,20,الْعَلِيم,Al-'Alīm,Tier 1,1,mid-verse,mid-verse,Meccan,False,False,
31,لقمان,26,1,اللَّه,Allāh,Tier 1,89,الْغَنِي,Al-Ghanī,Tier 1,9,verse-opening,verse-final,Meccan,False,False,
31,لقمان,26,1,اللَّه,Allāh,Tier 1,57,الْحَمِيد,Al-Ḥamīd,Tier 1,10,verse-opening,verse-final,Meccan,False,False,refrain_surah31_n3
31,لقمان,26,1,اللَّه,Allāh,Tier 1,89,الْغَنِي,Al-Ghanī,Tier 1,2,mid-verse,verse-final,Meccan,False,False,
31,لقمان,26,1,اللَّه,Allāh,Tier 1,57,الْحَمِيد,Al-Ḥamīd,Tier 1,3,mid-verse,verse-final,Meccan,False,False,refrain_surah31_n3
31,لقمان,26,89,الْغَنِي,Al-Ghanī,Tier 1,57,الْحَمِيد,Al-Ḥamīd,Tier 1,1,verse-final,verse-final,Meccan,False,False,
31,لقمان,27,1,اللَّه,Allāh,Tier 1,9,الْعَزِيز,Al-'Azīz,Tier 1,4,mid-verse,verse-final,Meccan,True,False,refrain_surah31_n3
31,لقمان,27,1,اللَّه,Allāh,Tier 1,47,الْحَكِيم,Al-Ḥakīm,Tier 1,5,mid-verse,verse-final,Meccan,False,False,refrain_surah31_n3
31,لقمان,27,1,اللَّه,Allāh,Tier 1,9,الْعَزِيز,Al-'Azīz,Tier 1,1,mid-verse,verse-final,Meccan,True,False,refrain_surah31_n3
31,لقمان,27,1,اللَّه,Allāh,Tier 1,47,الْحَكِيم,Al-Ḥakīm,Tier 1,2,mid-verse,verse-final,Meccan,False,False,refrain_surah31_n3
31,لقمان,27,9,الْعَزِيز,Al-'Azīz,Tier 1,47,الْحَكِيم,Al-Ḥakīm,Tier 1,1,verse-final,verse-final,Meccan,True,False,
31,لقمان,28,1,اللَّه,Allāh,Tier 1,27,السَّمِيع,Al-Samī',Tier 1,1,mid-verse,verse-final,Meccan,False,False,
31,لقمان,28,1,اللَّه,Allāh,Tier 1,28,الْبَصِير,Al-Baṣīr,Tier 1,2,mid-verse,verse-final,Meccan,False,False,
31,لقمان,28,27,السَّمِيع,Al-Samī',Tier 1,28,الْبَصِير,Al-Baṣīr,Tier 1,1,verse-final,verse-final,Meccan,False,False,
31,لقمان,29,1,اللَّه,Allāh,Tier 1,32,الْخَبِير,Al-Khabīr,Tier 1,3,mid-verse,verse-final,Meccan,False,False,refrain_surah31_n4
31,لقمان,30,1,اللَّه,Allāh,Tier 1,52,الْحَق,Al-Ḥaqq,Tier 1,2,mid-verse,mid-verse,Meccan,False,False,refrain_surah31_n4
31,لقمان,30,52,الْحَق,Al-Ḥaqq,Tier 1,1,اللَّه,Allāh,Tier 1,8,mid-verse,mid-verse,Meccan,False,False,refrain_surah31_n4
31,لقمان,30,52,الْحَق,Al-Ḥaqq,Tier 1,37,الْعَلِي,Al-'Alī,Tier 1,10,mid-verse,verse-final,Meccan,False,False,
31,لقمان,30,1,اللَّه,Allāh,Tier 1,37,الْعَلِي,Al-'Alī,Tier 1,2,mid-verse,verse-final,Meccan,False,False,refrain_surah31_n3
31,لقمان,30,1,اللَّه,Allāh,Tier 1,38,الْكَبِير,Al-Kabīr,Tier 1,3,mid-verse,verse-final,Meccan,False,False,
31,لقمان,30,37,الْعَلِي,Al-'Alī,Tier 1,38,الْكَبِير,Al-Kabīr,Tier 1,1,verse-final,verse-final,Meccan,False,False,
31,لقمان,32,1,اللَّه,Allāh,Tier 1,80,الْبَر,Al-Barr,Tier 1,7,mid-verse,mid-verse,Meccan,False,False,
31,لقمان,33,1,اللَّه,Allāh,Tier 1,52,الْحَق,Al-Ḥaqq,Tier 1,1,mid-verse,mid-verse,Meccan,False,False,refrain_surah31_n4
31,لقمان,33,52,الْحَق,Al-Ḥaqq,Tier 1,1,اللَّه,Allāh,Tier 1,8,mid-verse,verse-final,Meccan,False,False,refrain_surah31_n4
31,لقمان,34,1,اللَّه,Allāh,Tier 1,20,الْعَلِيم,Al-'Alīm,Tier 1,1,mid-verse,verse-final,Meccan,False,False,
31,لقمان,34,1,اللَّه,Allāh,Tier 1,32,الْخَبِير,Al-Khabīr,Tier 1,2,mid-verse,verse-final,Meccan,False,False,refrain_surah31_n4
31,لقمان,34,20,الْعَلِيم,Al-'Alīm,Tier 1,32,الْخَبِير,Al-Khabīr,Tier 1,1,verse-final,verse-final,Meccan,False,False,
32,السجدة,4,37,الْعَلِي,Al-'Alī,Tier 1,56,الْوَلِي,Al-Walī,Tier 1,8,mid-verse,mid-verse,Meccan,False,False,
32,السجدة,6,9,الْعَزِيز,Al-'Azīz,Tier 1,3,الرَّحِيمِ,Al-Raḥīm,Tier 1,1,verse-final,verse-final,Meccan,True,False,
33,الأحزاب,1,1,اللَّه,Allāh,Tier 1,20,الْعَلِيم,Al-'Alīm,Tier 1,9,mid-verse,verse-final,Medinan,False,False,refrain_surah33_n4
33,الأحزاب,1,1,اللَّه,Allāh,Tier 1,20,الْعَلِيم,Al-'Alīm,Tier 1,2,mid-verse,verse-final,Medinan,False,False,refrain_surah33_n4
33,الأحزاب,3,37,الْعَلِي,Al-'Alī,Tier 1,1,اللَّه,Allāh,Tier 1,1,verse-opening,mid-verse,Medinan,False,False,refrain_surah33_n28
33,الأحزاب,3,37,الْعَلِي,Al-'Alī,Tier 1,1,اللَّه,Allāh,Tier 1,4,verse-opening,verse-final,Medinan,False,False,refrain_surah33_n28
33,الأحزاب,4,1,اللَّه,Allāh,Tier 1,52,الْحَق,Al-Ḥaqq,Tier 1,2,mid-verse,mid-verse,Medinan,False,False,
33,الأحزاب,5,1,اللَّه,Allāh,Tier 1,3,الرَّحِيمِ,Al-Raḥīm,Tier 1,2,mid-verse,verse-final,Medinan,False,False,
33,الأحزاب,6,74,الْأَوَّل,Al-Awwal,Tier 1,7,الْمُؤْمِن,Al-Mu'min,Tier 1,1,verse-opening,mid-verse,Medinan,False,False,refrain_surah33_n3
33,الأحزاب,6,7,الْمُؤْمِن,Al-Mu'min,Tier 1,74,الْأَوَّل,Al-Awwal,Tier 1,10,mid-verse,mid-verse,Medinan,False,False,refrain_surah33_n3
33,الأحزاب,6,74,الْأَوَّل,Al-Awwal,Tier 1,1,اللَّه,Allāh,Tier 1,4,mid-verse,mid-verse,Medinan,False,False,
33,الأحزاب,6,74,الْأَوَّل,Al-Awwal,Tier 1,7,الْمُؤْمِن,Al-Mu'min,Tier 1,6,mid-verse,mid-verse,Medinan,False,False,refrain_surah33_n3
33,الأحزاب,6,1,اللَّه,Allāh,Tier 1,7,الْمُؤْمِن,Al-Mu'min,Tier 1,2,mid-verse,mid-verse,Medinan,False,False,refrain_surah33_n12
33,الأحزاب,9,1,اللَّه,Allāh,Tier 1,37,الْعَلِي,Al-'Alī,Tier 1,1,mid-verse,mid-verse,Medinan,False,False,refrain_surah33_n28
33,الأحزاب,9,1,اللَّه,Allāh,Tier 1,37,الْعَلِي,Al-'Alī,Tier 1,6,mid-verse,mid-verse,Medinan,False,False,refrain_surah33_n28
33,الأحزاب,9,37,الْعَلِي,Al-'Alī,Tier 1,1,اللَّه,Allāh,Tier 1,7,mid-verse,mid-verse,Medinan,False,False,refrain_surah33_n28
33,الأحزاب,9,37,الْعَلِي,Al-'Alī,Tier 1,28,الْبَصِير,Al-Baṣīr,Tier 1,10,mid-verse,verse-final,Medinan,False,False,
33,الأحزاب,9,1,اللَّه,Allāh,Tier 1,28,الْبَصِير,Al-Baṣīr,Tier 1,3,mid-verse,verse-final,Medinan,False,False,
33,الأحزاب,15,1,اللَّه,Allāh,Tier 1,56,الْوَلِي,Al-Walī,Tier 1,4,mid-verse,mid-verse,Medinan,False,False,
33,الأحزاب,15,56,الْوَلِي,Al-Walī,Tier 1,1,اللَّه,Allāh,Tier 1,5,mid-verse,verse-final,Medinan,False,False,
33,الأحزاب,19,37,الْعَلِي,Al-'Alī,Tier 1,1,اللَّه,Allāh,Tier 1,7,mid-verse,mid-verse,Medinan,False,False,refrain_surah33_n28
33,الأحزاب,19,1,اللَّه,Allāh,Tier 1,37,الْعَلِي,Al-'Alī,Tier 1,5,mid-verse,mid-verse,Medinan,False,False,refrain_surah33_n28
33,الأحزاب,19,37,الْعَلِي,Al-'Alī,Tier 1,1,اللَّه,Allāh,Tier 1,1,mid-verse,verse-final,Medinan,False,False,refrain_surah33_n28
33,الأحزاب,22,7,الْمُؤْمِن,Al-Mu'min,Tier 1,1,اللَّه,Allāh,Tier 1,6,mid-verse,mid-verse,Medinan,False,False,refrain_surah33_n12
33,الأحزاب,22,7,الْمُؤْمِن,Al-Mu'min,Tier 1,1,اللَّه,Allāh,Tier 1,9,mid-verse,mid-verse,Medinan,False,False,refrain_surah33_n12
33,الأحزاب,23,7,الْمُؤْمِن,Al-Mu'min,Tier 1,1,اللَّه,Allāh,Tier 1,5,verse-opening,mid-verse,Medinan,False,False,refrain_surah33_n12
33,الأحزاب,24,1,اللَّه,Allāh,Tier 1,37,الْعَلِي,Al-'Alī,Tier 1,9,verse-opening,mid-verse,Medinan,False,False,refrain_surah33_n28
33,الأحزاب,24,37,الْعَلِي,Al-'Alī,Tier 1,1,اللَّه,Allāh,Tier 1,3,mid-verse,mid-verse,Medinan,False,False,refrain_surah33_n28
33,الأحزاب,25,1,اللَّه,Allāh,Tier 1,7,الْمُؤْمِن,Al-Mu'min,Tier 1,10,verse-opening,mid-verse,Medinan,False,False,refrain_surah33_n12
33,الأحزاب,25,1,اللَّه,Allāh,Tier 1,7,الْمُؤْمِن,Al-Mu'min,Tier 1,1,mid-verse,mid-verse,Medinan,False,False,refrain_surah33_n12
33,الأحزاب,25,1,اللَّه,Allāh,Tier 1,54,الْقَوِي,Al-Qawī,Tier 1,6,mid-verse,verse-final,Medinan,False,False,
33,الأحزاب,25,7,الْمُؤْمِن,Al-Mu'min,Tier 1,1,اللَّه,Allāh,Tier 1,4,mid-verse,mid-verse,Medinan,False,False,refrain_surah33_n12
33,الأحزاب,25,7,الْمُؤْمِن,Al-Mu'min,Tier 1,54,الْقَوِي,Al-Qawī,Tier 1,5,mid-verse,verse-final,Medinan,False,False,
33,الأحزاب,25,1,اللَّه,Allāh,Tier 1,54,الْقَوِي,Al-Qawī,Tier 1,1,mid-verse,verse-final,Medinan,False,False,
33,الأحزاب,27,1,اللَّه,Allāh,Tier 1,37,الْعَلِي,Al-'Alī,Tier 1,1,mid-verse,mid-verse,Medinan,False,False,refrain_surah33_n28
33,الأحزاب,30,37,الْعَلِي,Al-'Alī,Tier 1,1,اللَّه,Allāh,Tier 1,1,mid-verse,verse-final,Medinan,False,False,refrain_surah33_n28
33,الأحزاب,34,1,اللَّه,Allāh,Tier 1,31,اللَّطِيف,Al-Laṭīf,Tier 1,6,mid-verse,verse-final,Medinan,False,False,
33,الأحزاب,34,1,اللَّه,Allāh,Tier 1,32,الْخَبِير,Al-Khabīr,Tier 1,7,mid-verse,verse-final,Medinan,False,False,
33,الأحزاب,34,1,اللَّه,Allāh,Tier 1,31,اللَّطِيف,Al-Laṭīf,Tier 1,2,mid-verse,verse-final,Medinan,False,False,
33,الأحزاب,34,1,اللَّه,Allāh,Tier 1,32,الْخَبِير,Al-Khabīr,Tier 1,3,mid-verse,verse-final,Medinan,False,False,
33,الأحزاب,34,31,اللَّطِيف,Al-Laṭīf,Tier 1,32,الْخَبِير,Al-Khabīr,Tier 1,1,verse-final,verse-final,Medinan,False,False,
33,الأحزاب,36,7,الْمُؤْمِن,Al-Mu'min,Tier 1,1,اللَّه,Allāh,Tier 1,3,mid-verse,mid-verse,Medinan,False,False,refrain_surah33_n12
33,الأحزاب,37,1,اللَّه,Allāh,Tier 1,37,الْعَلِي,Al-'Alī,Tier 1,5,mid-verse,mid-verse,Medinan,False,False,refrain_surah33_n28
33,الأحزاب,37,37,الْعَلِي,Al-'Alī,Tier 1,1,اللَّه,Allāh,Tier 1,3,mid-verse,mid-verse,Medinan,False,False,refrain_surah33_n28
33,الأحزاب,37,37,الْعَلِي,Al-'Alī,Tier 1,1,اللَّه,Allāh,Tier 1,8,mid-verse,mid-verse,Medinan,False,False,refrain_surah33_n28
33,الأحزاب,37,37,الْعَلِي,Al-'Alī,Tier 1,7,الْمُؤْمِن,Al-Mu'min,Tier 1,1,mid-verse,mid-verse,Medinan,False,False,refrain_surah33_n5
33,الأحزاب,38,37,الْعَلِي,Al-'Alī,Tier 1,1,اللَّه,Allāh,Tier 1,6,mid-verse,mid-verse,Medinan,False,False,refrain_surah33_n28
33,الأحزاب,38,37,الْعَلِي,Al-'Alī,Tier 1,1,اللَّه,Allāh,Tier 1,10,mid-verse,mid-verse,Medinan,False,False,refrain_surah33_n28
33,الأحزاب,39,1,اللَّه,Allāh,Tier 1,68,الْأَحَد,Al-Aḥad,Tier 1,4,mid-verse,mid-verse,Medinan,False,False,refrain_surah33_n5
33,الأحزاب,39,68,الْأَحَد,Al-Aḥad,Tier 1,1,اللَّه,Allāh,Tier 1,2,mid-verse,mid-verse,Medinan,False,False,refrain_surah33_n5
33,الأحزاب,39,68,الْأَحَد,Al-Aḥad,Tier 1,1,اللَّه,Allāh,Tier 1,5,mid-verse,verse-final,Medinan,False,False,refrain_surah33_n5
33,الأحزاب,40,68,الْأَحَد,Al-Aḥad,Tier 1,1,اللَّه,Allāh,Tier 1,5,mid-verse,mid-verse,Medinan,False,False,refrain_surah33_n5
33,الأحزاب,40,68,الْأَحَد,Al-Aḥad,Tier 1,1,اللَّه,Allāh,Tier 1,10,mid-verse,mid-verse,Medinan,False,False,refrain_surah33_n5
33,الأحزاب,43,37,الْعَلِي,Al-'Alī,Tier 1,94,النُّور,Al-Nūr,Tier 1,6,mid-verse,mid-verse,Medinan,False,False,
33,الأحزاب,43,37,الْعَلِي,Al-'Alī,Tier 1,7,الْمُؤْمِن,Al-Mu'min,Tier 1,9,mid-verse,verse-final,Medinan,False,False,refrain_surah33_n5
33,الأحزاب,43,94,النُّور,Al-Nūr,Tier 1,7,الْمُؤْمِن,Al-Mu'min,Tier 1,3,mid-verse,verse-final,Medinan,False,False,
33,الأحزاب,47,7,الْمُؤْمِن,Al-Mu'min,Tier 1,1,اللَّه,Allāh,Tier 1,4,verse-opening,mid-verse,Medinan,False,False,refrain_surah33_n12
33,الأحزاب,48,37,الْعَلِي,Al-'Alī,Tier 1,1,اللَّه,Allāh,Tier 1,1,mid-verse,mid-verse,Medinan,False,False,refrain_surah33_n28
33,الأحزاب,48,37,الْعَلِي,Al-'Alī,Tier 1,1,اللَّه,Allāh,Tier 1,4,mid-verse,verse-final,Medinan,False,False,refrain_surah33_n28
33,الأحزاب,50,4,الْمَلِك,Al-Malik,Tier 1,1,اللَّه,Allāh,Tier 1,4,mid-verse,mid-verse,Medinan,False,False,refrain_surah33_n5
33,الأحزاب,50,4,الْمَلِك,Al-Malik,Tier 1,37,الْعَلِي,Al-'Alī,Tier 1,5,mid-verse,mid-verse,Medinan,False,False,refrain_surah33_n5
33,الأحزاب,50,1,اللَّه,Allāh,Tier 1,37,الْعَلِي,Al-'Alī,Tier 1,1,mid-verse,mid-verse,Medinan,False,False,refrain_surah33_n28
33,الأحزاب,50,7,الْمُؤْمِن,Al-Mu'min,Tier 1,37,الْعَلِي,Al-'Alī,Tier 1,6,mid-verse,mid-verse,Medinan,False,False,refrain_surah33_n5
33,الأحزاب,50,7,الْمُؤْمِن,Al-Mu'min,Tier 1,4,الْمَلِك,Al-Malik,Tier 1,10,mid-verse,mid-verse,Medinan,False,False,
33,الأحزاب,50,37,الْعَلِي,Al-'Alī,Tier 1,4,الْمَلِك,Al-Malik,Tier 1,4,mid-verse,mid-verse,Medinan,False,False,refrain_surah33_n5
33,الأحزاب,50,4,الْمَلِك,Al-Malik,Tier 1,37,الْعَلِي,Al-'Alī,Tier 1,4,mid-verse,mid-verse,Medinan,False,False,refrain_surah33_n5
33,الأحزاب,50,4,الْمَلِك,Al-Malik,Tier 1,1,اللَّه,Allāh,Tier 1,8,mid-verse,mid-verse,Medinan,False,False,refrain_surah33_n5
33,الأحزاب,50,37,الْعَلِي,Al-'Alī,Tier 1,1,اللَّه,Allāh,Tier 1,4,mid-verse,mid-verse,Medinan,False,False,refrain_surah33_n28
33,الأحزاب,51,1,اللَّه,Allāh,Tier 1,20,الْعَلِيم,Al-'Alīm,Tier 1,8,mid-verse,verse-final,Medinan,False,False,refrain_surah33_n4
33,الأحزاب,51,1,اللَّه,Allāh,Tier 1,20,الْعَلِيم,Al-'Alīm,Tier 1,1,mid-verse,verse-final,Medinan,False,False,refrain_surah33_n4
33,الأحزاب,52,4,الْمَلِك,Al-Malik,Tier 1,1,اللَّه,Allāh,Tier 1,4,mid-verse,mid-verse,Medinan,False,False,refrain_surah33_n5
33,الأحزاب,52,4,الْمَلِك,Al-Malik,Tier 1,37,الْعَلِي,Al-'Alī,Tier 1,5,mid-verse,mid-verse,Medinan,False,False,refrain_surah33_n5
33,الأحزاب,52,1,اللَّه,Allāh,Tier 1,37,الْعَلِي,Al-'Alī,Tier 1,1,mid-verse,mid-verse,Medinan,False,False,refrain_surah33_n28
33,الأحزاب,53,1,اللَّه,Allāh,Tier 1,52,الْحَق,Al-Ḥaqq,Tier 1,4,mid-verse,mid-verse,Medinan,False,False,
33,الأحزاب,53,1,اللَّه,Allāh,Tier 1,34,الْعَظِيم,Al-'Aẓīm,Tier 1,1,verse-final,verse-final,Medinan,False,False,
33,الأحزاب,55,4,الْمَلِك,Al-Malik,Tier 1,1,اللَّه,Allāh,Tier 1,4,mid-verse,mid-verse,Medinan,False,False,refrain_surah33_n5
33,الأحزاب,55,4,الْمَلِك,Al-Malik,Tier 1,1,اللَّه,Allāh,Tier 1,7,mid-verse,mid-verse,Medinan,False,False,refrain_surah33_n5
33,الأحزاب,55,4,الْمَلِك,Al-Malik,Tier 1,37,الْعَلِي,Al-'Alī,Tier 1,9,mid-verse,mid-verse,Medinan,False,False,refrain_surah33_n5
33,الأحزاب,55,1,اللَّه,Allāh,Tier 1,37,الْعَلِي,Al-'Alī,Tier 1,5,mid-verse,mid-verse,Medinan,False,False,refrain_surah33_n28
33,الأحزاب,55,1,اللَّه,Allāh,Tier 1,51,الشَّهِيد,Al-Shahīd,Tier 1,8,mid-verse,verse-final,Medinan,False,False,
33,الأحزاب,55,1,اللَّه,Allāh,Tier 1,37,الْعَلِي,Al-'Alī,Tier 1,2,mid-verse,mid-verse,Medinan,False,False,refrain_surah33_n28
33,الأحزاب,55,1,اللَّه,Allāh,Tier 1,51,الشَّهِيد,Al-Shahīd,Tier 1,5,mid-verse,verse-final,Medinan,False,False,
33,الأحزاب,55,37,الْعَلِي,Al-'Alī,Tier 1,51,الشَّهِيد,Al-Shahīd,Tier 1,3,mid-verse,verse-final,Medinan,False,False,
33,الأحزاب,56,1,اللَّه,Allāh,Tier 1,37,الْعَلِي,Al-'Alī,Tier 1,3,verse-opening,mid-verse,Medinan,False,False,refrain_surah33_n28
33,الأحزاب,59,7,الْمُؤْمِن,Al-Mu'min,Tier 1,37,الْعَلِي,Al-'Alī,Tier 1,2,mid-verse,mid-verse,Medinan,False,False,refrain_surah33_n5
33,الأحزاب,71,1,اللَّه,Allāh,Tier 1,34,الْعَظِيم,Al-'Aẓīm,Tier 1,5,mid-verse,verse-final,Medinan,False,False,
33,الأحزاب,73,1,اللَّه,Allāh,Tier 1,37,الْعَلِي,Al-'Alī,Tier 1,7,verse-opening,mid-verse,Medinan,False,False,refrain_surah33_n28
33,الأحزاب,73,1,اللَّه,Allāh,Tier 1,7,الْمُؤْمِن,Al-Mu'min,Tier 1,8,verse-opening,mid-verse,Medinan,False,False,refrain_surah33_n12
33,الأحزاب,73,1,اللَّه,Allāh,Tier 1,37,الْعَلِي,Al-'Alī,Tier 1,1,mid-verse,mid-verse,Medinan,False,False,refrain_surah33_n28
33,الأحزاب,73,1,اللَّه,Allāh,Tier 1,7,الْمُؤْمِن,Al-Mu'min,Tier 1,2,mid-verse,mid-verse,Medinan,False,False,refrain_surah33_n12
33,الأحزاب,73,37,الْعَلِي,Al-'Alī,Tier 1,7,الْمُؤْمِن,Al-Mu'min,Tier 1,1,mid-verse,mid-verse,Medinan,False,False,refrain_surah33_n5
33,الأحزاب,73,37,الْعَلِي,Al-'Alī,Tier 1,1,اللَّه,Allāh,Tier 1,5,mid-verse,mid-verse,Medinan,False,False,refrain_surah33_n28
33,الأحزاب,73,7,الْمُؤْمِن,Al-Mu'min,Tier 1,1,اللَّه,Allāh,Tier 1,4,mid-verse,mid-verse,Medinan,False,False,refrain_surah33_n12
34,سبإ,1,47,الْحَكِيم,Al-Ḥakīm,Tier 1,32,الْخَبِير,Al-Khabīr,Tier 1,1,verse-final,verse-final,Meccan,False,False,
34,سبإ,2,3,الرَّحِيمِ,Al-Raḥīm,Tier 1,35,الْغَفُور,Al-Ghafūr,Tier 1,1,verse-final,verse-final,Meccan,False,False,
34,سبإ,6,52,الْحَق,Al-Ḥaqq,Tier 1,9,الْعَزِيز,Al-'Azīz,Tier 1,4,mid-verse,verse-final,Meccan,True,False,
34,سبإ,6,52,الْحَق,Al-Ḥaqq,Tier 1,57,الْحَمِيد,Al-Ḥamīd,Tier 1,5,mid-verse,verse-final,Meccan,False,False,
34,سبإ,6,9,الْعَزِيز,Al-'Azīz,Tier 1,57,الْحَمِيد,Al-Ḥamīd,Tier 1,1,verse-final,verse-final,Meccan,True,False,
34,سبإ,8,37,الْعَلِي,Al-'Alī,Tier 1,1,اللَّه,Allāh,Tier 1,1,verse-opening,mid-verse,Meccan,False,False,refrain_surah34_n3
34,سبإ,20,37,الْعَلِي,Al-'Alī,Tier 1,7,الْمُؤْمِن,Al-Mu'min,Tier 1,7,mid-verse,verse-final,Meccan,False,False,
34,سبإ,21,37,الْعَلِي,Al-'Alī,Tier 1,39,الْحَفِيظ,Al-Ḥafīẓ,Tier 1,3,mid-verse,verse-final,Meccan,False,False,
34,سبإ,22,1,اللَّه,Allāh,Tier 1,4,الْمَلِك,Al-Malik,Tier 1,3,mid-verse,mid-verse,Meccan,False,False,
34,سبإ,23,52,الْحَق,Al-Ḥaqq,Tier 1,37,الْعَلِي,Al-'Alī,Tier 1,3,mid-verse,verse-final,Meccan,False,False,
34,سبإ,23,52,الْحَق,Al-Ḥaqq,Tier 1,38,الْكَبِير,Al-Kabīr,Tier 1,4,mid-verse,verse-final,Meccan,False,False,
34,سبإ,23,37,الْعَلِي,Al-'Alī,Tier 1,38,الْكَبِير,Al-Kabīr,Tier 1,1,verse-final,verse-final,Meccan,False,False,
34,سبإ,26,52,الْحَق,Al-Ḥaqq,Tier 1,19,الْفَتَّاح,Al-Fattāḥ,Tier 1,2,mid-verse,verse-final,Meccan,False,False,
34,سبإ,26,52,الْحَق,Al-Ḥaqq,Tier 1,20,الْعَلِيم,Al-'Alīm,Tier 1,3,mid-verse,verse-final,Meccan,False,False,
34,سبإ,26,19,الْفَتَّاح,Al-Fattāḥ,Tier 1,20,الْعَلِيم,Al-'Alīm,Tier 1,1,verse-final,verse-final,Meccan,False,False,
34,سبإ,27,52,الْحَق,Al-Ḥaqq,Tier 1,1,اللَّه,Allāh,Tier 1,8,mid-verse,mid-verse,Meccan,False,False,
34,سبإ,27,52,الْحَق,Al-Ḥaqq,Tier 1,9,الْعَزِيز,Al-'Azīz,Tier 1,9,mid-verse,verse-final,Meccan,True,False,
34,سبإ,27,52,الْحَق,Al-Ḥaqq,Tier 1,47,الْحَكِيم,Al-Ḥakīm,Tier 1,10,mid-verse,verse-final,Meccan,False,False,
34,سبإ,27,1,اللَّه,Allāh,Tier 1,9,الْعَزِيز,Al-'Azīz,Tier 1,1,mid-verse,verse-final,Meccan,True,False,
34,سبإ,27,1,اللَّه,Allāh,Tier 1,47,الْحَكِيم,Al-Ḥakīm,Tier 1,2,mid-verse,verse-final,Meccan,False,False,
34,سبإ,27,9,الْعَزِيز,Al-'Azīz,Tier 1,47,الْحَكِيم,Al-Ḥakīm,Tier 1,1,verse-final,verse-final,Meccan,True,False,
34,سبإ,47,37,الْعَلِي,Al-'Alī,Tier 1,1,اللَّه,Allāh,Tier 1,1,mid-verse,mid-verse,Meccan,False,False,refrain_surah34_n3
34,سبإ,47,37,الْعَلِي,Al-'Alī,Tier 1,51,الشَّهِيد,Al-Shahīd,Tier 1,7,mid-verse,verse-final,Meccan,False,False,
34,سبإ,47,1,اللَّه,Allāh,Tier 1,37,الْعَلِي,Al-'Alī,Tier 1,3,mid-verse,mid-verse,Meccan,False,False,refrain_surah34_n3
34,سبإ,47,1,اللَّه,Allāh,Tier 1,51,الشَّهِيد,Al-Shahīd,Tier 1,6,mid-verse,verse-final,Meccan,False,False,
34,سبإ,47,37,الْعَلِي,Al-'Alī,Tier 1,51,الشَّهِيد,Al-Shahīd,Tier 1,3,mid-verse,verse-final,Meccan,False,False,
35,فاطر,1,1,اللَّه,Allāh,Tier 1,37,الْعَلِي,Al-'Alī,Tier 1,1,mid-verse,mid-verse,Meccan,False,False,refrain_surah35_n7
35,فاطر,2,9,الْعَزِيز,Al-'Azīz,Tier 1,47,الْحَكِيم,Al-Ḥakīm,Tier 1,1,verse-final,verse-final,Meccan,True,False,
35,فاطر,3,1,اللَّه,Allāh,Tier 1,37,الْعَلِي,Al-'Alī,Tier 1,1,mid-verse,mid-verse,Meccan,False,False,refrain_surah35_n7
35,فاطر,3,37,الْعَلِي,Al-'Alī,Tier 1,1,اللَّه,Allāh,Tier 1,6,mid-verse,mid-verse,Meccan,False,False,refrain_surah35_n7
35,فاطر,4,78,الْوَالِي,Al-Wālī,Tier 1,1,اللَّه,Allāh,Tier 1,1,mid-verse,mid-verse,Meccan,False,False,
35,فاطر,5,1,اللَّه,Allāh,Tier 1,52,الْحَق,Al-Ḥaqq,Tier 1,1,mid-verse,mid-verse,Meccan,False,False,refrain_surah35_n3
35,فاطر,5,52,الْحَق,Al-Ḥaqq,Tier 1,1,اللَّه,Allāh,Tier 1,9,mid-verse,verse-final,Meccan,False,False,refrain_surah35_n3
35,فاطر,8,37,الْعَلِي,Al-'Alī,Tier 1,1,اللَّه,Allāh,Tier 1,4,mid-verse,mid-verse,Meccan,False,False,refrain_surah35_n7
35,فاطر,8,37,الْعَلِي,Al-'Alī,Tier 1,20,الْعَلِيم,Al-'Alīm,Tier 1,5,mid-verse,mid-verse,Meccan,False,False,
35,فاطر,8,1,اللَّه,Allāh,Tier 1,20,الْعَلِيم,Al-'Alīm,Tier 1,1,mid-verse,mid-verse,Meccan,False,False,
35,فاطر,11,37,الْعَلِي,Al-'Alī,Tier 1,1,اللَّه,Allāh,Tier 1,1,mid-verse,verse-final,Meccan,False,False,refrain_surah35_n7
35,فاطر,13,1,اللَّه,Allāh,Tier 1,4,الْمَلِك,Al-Malik,Tier 1,3,mid-verse,mid-verse,Meccan,False,False,
35,فاطر,13,1,اللَّه,Allāh,Tier 1,4,الْمَلِك,Al-Malik,Tier 1,10,mid-verse,mid-verse,Meccan,False,False,
35,فاطر,15,1,اللَّه,Allāh,Tier 1,89,الْغَنِي,Al-Ghanī,Tier 1,4,mid-verse,verse-final,Meccan,False,False,
35,فاطر,15,1,اللَّه,Allāh,Tier 1,57,الْحَمِيد,Al-Ḥamīd,Tier 1,5,mid-verse,verse-final,Meccan,False,False,
35,فاطر,15,1,اللَّه,Allāh,Tier 1,89,الْغَنِي,Al-Ghanī,Tier 1,2,mid-verse,verse-final,Meccan,False,False,
35,فاطر,15,1,اللَّه,Allāh,Tier 1,57,الْحَمِيد,Al-Ḥamīd,Tier 1,3,mid-verse,verse-final,Meccan,False,False,
35,فاطر,15,89,الْغَنِي,Al-Ghanī,Tier 1,57,الْحَمِيد,Al-Ḥamīd,Tier 1,1,verse-final,verse-final,Meccan,False,False,
35,فاطر,17,37,الْعَلِي,Al-'Alī,Tier 1,1,اللَّه,Allāh,Tier 1,1,mid-verse,verse-final,Meccan,False,False,refrain_surah35_n7
35,فاطر,18,78,الْوَالِي,Al-Wālī,Tier 1,1,اللَّه,Allāh,Tier 1,1,mid-verse,verse-final,Meccan,False,False,
35,فاطر,28,1,اللَّه,Allāh,Tier 1,9,الْعَزِيز,Al-'Azīz,Tier 1,7,mid-verse,verse-final,Meccan,True,False,
35,فاطر,28,1,اللَّه,Allāh,Tier 1,35,الْغَفُور,Al-Ghafūr,Tier 1,8,mid-verse,verse-final,Meccan,False,False,
35,فاطر,28,1,اللَّه,Allāh,Tier 1,9,الْعَزِيز,Al-'Azīz,Tier 1,1,mid-verse,verse-final,Meccan,True,False,
35,فاطر,28,1,اللَّه,Allāh,Tier 1,35,الْغَفُور,Al-Ghafūr,Tier 1,2,mid-verse,verse-final,Meccan,False,False,
35,فاطر,28,9,الْعَزِيز,Al-'Azīz,Tier 1,35,الْغَفُور,Al-Ghafūr,Tier 1,1,verse-final,verse-final,Meccan,True,False,
35,فاطر,30,35,الْغَفُور,Al-Ghafūr,Tier 1,36,الشَّكُور,Al-Shakūr,Tier 1,1,verse-final,verse-final,Meccan,False,False,
35,فاطر,31,52,الْحَق,Al-Ḥaqq,Tier 1,1,اللَّه,Allāh,Tier 1,7,mid-verse,mid-verse,Meccan,False,False,refrain_surah35_n3
35,فاطر,31,52,الْحَق,Al-Ḥaqq,Tier 1,28,الْبَصِير,Al-Baṣīr,Tier 1,10,mid-verse,verse-final,Meccan,False,False,
35,فاطر,31,1,اللَّه,Allāh,Tier 1,28,الْبَصِير,Al-Baṣīr,Tier 1,3,mid-verse,verse-final,Meccan,False,False,
35,فاطر,32,1,اللَّه,Allāh,Tier 1,38,الْكَبِير,Al-Kabīr,Tier 1,5,mid-verse,verse-final,Meccan,False,False,
35,فاطر,34,1,اللَّه,Allāh,Tier 1,36,الشَّكُور,Al-Shakūr,Tier 1,9,mid-verse,verse-final,Meccan,False,False,
35,فاطر,38,1,اللَّه,Allāh,Tier 1,20,الْعَلِيم,Al-'Alīm,Tier 1,7,verse-opening,mid-verse,Meccan,False,False,
35,فاطر,41,68,الْأَحَد,Al-Aḥad,Tier 1,33,الْحَلِيم,Al-Ḥalīm,Tier 1,6,mid-verse,verse-final,Meccan,False,False,
35,فاطر,42,1,اللَّه,Allāh,Tier 1,68,الْأَحَد,Al-Aḥad,Tier 1,9,verse-opening,mid-verse,Meccan,False,False,
35,فاطر,43,74,الْأَوَّل,Al-Awwal,Tier 1,1,اللَّه,Allāh,Tier 1,5,mid-verse,mid-verse,Meccan,False,False,
35,فاطر,45,1,اللَّه,Allāh,Tier 1,37,الْعَلِي,Al-'Alī,Tier 1,6,mid-verse,mid-verse,Meccan,False,False,refrain_surah35_n7
36,يس,5,9,الْعَزِيز,Al-'Azīz,Tier 1,3,الرَّحِيمِ,Al-Raḥīm,Tier 1,1,verse-opening,verse-final,Meccan,True,False,
36,يس,7,52,الْحَق,Al-Ḥaqq,Tier 1,37,الْعَلِي,Al-'Alī,Tier 1,2,verse-opening,mid-verse,Meccan,False,False,
36,يس,11,2,الرَّحْمَٰن,Al-Raḥmān,Tier 1,43,الْكَرِيم,Al-Karīm,Tier 1,6,mid-verse,verse-final,Meccan,False,False,
36,يس,23,2,الرَّحْمَٰن,Al-Raḥmān,Tier 1,89,الْغَنِي,Al-Ghanī,Tier 1,3,mid-verse,mid-verse,Meccan,False,False,
36,يس,38,9,الْعَزِيز,Al-'Azīz,Tier 1,20,الْعَلِيم,Al-'Alīm,Tier 1,1,verse-final,verse-final,Meccan,True,False,
36,يس,79,74,الْأَوَّل,Al-Awwal,Tier 1,20,الْعَلِيم,Al-'Alīm,Tier 1,6,mid-verse,verse-final,Meccan,False,False,
36,يس,81,37,الْعَلِي,Al-'Alī,Tier 1,20,الْعَلِيم,Al-'Alīm,Tier 1,8,mid-verse,verse-final,Meccan,False,False,
37,الصافات,31,52,الْحَق,Al-Ḥaqq,Tier 1,37,الْعَلِي,Al-'Alī,Tier 1,1,verse-opening,verse-opening,Meccan,False,False,
37,الصافات,126,1,اللَّه,Allāh,Tier 1,74,الْأَوَّل,Al-Awwal,Tier 1,4,verse-opening,verse-final,Meccan,False,False,
38,ص,9,9,الْعَزِيز,Al-'Azīz,Tier 1,17,الْوَهَّاب,Al-Wahhāb,Tier 1,1,verse-final,verse-final,Meccan,True,False,
38,ص,22,37,الْعَلِي,Al-'Alī,Tier 1,52,الْحَق,Al-Ḥaqq,Tier 1,4,mid-verse,mid-verse,Meccan,False,False,
38,ص,26,52,الْحَق,Al-Ḥaqq,Tier 1,1,اللَّه,Allāh,Tier 1,7,mid-verse,mid-verse,Meccan,False,False,
38,ص,65,1,اللَّه,Allāh,Tier 1,16,الْقَهَّار,Al-Qahhār,Tier 1,2,mid-verse,verse-final,Meccan,False,False,
39,الزمر,1,1,اللَّه,Allāh,Tier 1,9,الْعَزِيز,Al-'Azīz,Tier 1,1,mid-verse,verse-final,Meccan,True,False,
39,الزمر,1,1,اللَّه,Allāh,Tier 1,47,الْحَكِيم,Al-Ḥakīm,Tier 1,2,mid-verse,verse-final,Meccan,False,False,
39,الزمر,1,9,الْعَزِيز,Al-'Azīz,Tier 1,47,الْحَكِيم,Al-Ḥakīm,Tier 1,1,verse-final,verse-final,Meccan,True,False,
39,الزمر,2,52,الْحَق,Al-Ḥaqq,Tier 1,1,اللَّه,Allāh,Tier 1,2,mid-verse,mid-verse,Meccan,False,False,refrain_surah39_n3
39,الزمر,4,1,اللَّه,Allāh,Tier 1,16,الْقَهَّار,Al-Qahhār,Tier 1,2,mid-verse,verse-final,Meccan,False,False,
39,الزمر,5,52,الْحَق,Al-Ḥaqq,Tier 1,37,الْعَلِي,Al-'Alī,Tier 1,4,mid-verse,mid-verse,Meccan,False,False,refrain_surah39_n4
39,الزمر,5,52,الْحَق,Al-Ḥaqq,Tier 1,37,الْعَلِي,Al-'Alī,Tier 1,8,mid-verse,mid-verse,Meccan,False,False,refrain_surah39_n4
39,الزمر,6,1,اللَّه,Allāh,Tier 1,4,الْمَلِك,Al-Malik,Tier 1,3,mid-verse,mid-verse,Meccan,False,False,
39,الزمر,22,1,اللَّه,Allāh,Tier 1,37,الْعَلِي,Al-'Alī,Tier 1,4,mid-verse,mid-verse,Meccan,False,False,refrain_surah39_n8
39,الزمر,22,1,اللَّه,Allāh,Tier 1,94,النُّور,Al-Nūr,Tier 1,5,mid-verse,mid-verse,Meccan,False,False,
39,الزمر,22,37,الْعَلِي,Al-'Alī,Tier 1,94,النُّور,Al-Nūr,Tier 1,1,mid-verse,mid-verse,Meccan,False,False,
39,الزمر,22,37,الْعَلِي,Al-'Alī,Tier 1,1,اللَّه,Allāh,Tier 1,10,mid-verse,mid-verse,Meccan,False,False,refrain_surah39_n8
39,الزمر,22,94,النُّور,Al-Nūr,Tier 1,1,اللَّه,Allāh,Tier 1,9,mid-verse,mid-verse,Meccan,False,False,
39,الزمر,23,1,اللَّه,Allāh,Tier 1,95,الْهَادِي,Al-Hādī,Tier 1,4,mid-verse,verse-final,Meccan,False,False,
39,الزمر,32,37,الْعَلِي,Al-'Alī,Tier 1,1,اللَّه,Allāh,Tier 1,1,mid-verse,mid-verse,Meccan,False,False,refrain_surah39_n8
39,الزمر,36,1,اللَّه,Allāh,Tier 1,104,الْكَافِي,Al-Kāfī,Tier 2,1,verse-opening,mid-verse,Meccan,False,False,
39,الزمر,36,104,الْكَافِي,Al-Kāfī,Tier 2,1,اللَّه,Allāh,Tier 1,10,mid-verse,mid-verse,Meccan,False,False,
39,الزمر,41,37,الْعَلِي,Al-'Alī,Tier 1,52,الْحَق,Al-Ḥaqq,Tier 1,3,mid-verse,mid-verse,Meccan,False,False,refrain_surah39_n4
39,الزمر,41,52,الْحَق,Al-Ḥaqq,Tier 1,37,الْعَلِي,Al-'Alī,Tier 1,10,mid-verse,mid-verse,Meccan,False,False,refrain_surah39_n4
39,الزمر,41,37,الْعَلِي,Al-'Alī,Tier 1,53,الْوَكِيل,Al-Wakīl,Tier 1,5,mid-verse,verse-final,Meccan,False,False,refrain_surah39_n3
39,الزمر,41,37,الْعَلِي,Al-'Alī,Tier 1,53,الْوَكِيل,Al-Wakīl,Tier 1,1,verse-final,verse-final,Meccan,False,False,refrain_surah39_n3
39,الزمر,43,1,اللَّه,Allāh,Tier 1,74,الْأَوَّل,Al-Awwal,Tier 1,4,mid-verse,mid-verse,Meccan,False,False,
39,الزمر,43,1,اللَّه,Allāh,Tier 1,4,الْمَلِك,Al-Malik,Tier 1,7,mid-verse,mid-verse,Meccan,False,False,
39,الزمر,43,74,الْأَوَّل,Al-Awwal,Tier 1,4,الْمَلِك,Al-Malik,Tier 1,3,mid-verse,mid-verse,Meccan,False,False,
39,الزمر,53,37,الْعَلِي,Al-'Alī,Tier 1,1,اللَّه,Allāh,Tier 1,6,mid-verse,mid-verse,Meccan,False,False,refrain_surah39_n8
39,الزمر,53,37,الْعَلِي,Al-'Alī,Tier 1,1,اللَّه,Allāh,Tier 1,9,mid-verse,mid-verse,Meccan,False,False,refrain_surah39_n8
39,الزمر,53,1,اللَّه,Allāh,Tier 1,35,الْغَفُور,Al-Ghafūr,Tier 1,10,mid-verse,verse-final,Meccan,False,False,
39,الزمر,53,1,اللَّه,Allāh,Tier 1,35,الْغَفُور,Al-Ghafūr,Tier 1,7,mid-verse,verse-final,Meccan,False,False,
39,الزمر,53,1,اللَّه,Allāh,Tier 1,3,الرَّحِيمِ,Al-Raḥīm,Tier 1,8,mid-verse,verse-final,Meccan,False,False,
39,الزمر,53,35,الْغَفُور,Al-Ghafūr,Tier 1,3,الرَّحِيمِ,Al-Raḥīm,Tier 1,1,verse-final,verse-final,Meccan,False,False,
39,الزمر,56,37,الْعَلِي,Al-'Alī,Tier 1,1,اللَّه,Allāh,Tier 1,5,mid-verse,mid-verse,Meccan,False,False,refrain_surah39_n8
39,الزمر,60,37,الْعَلِي,Al-'Alī,Tier 1,1,اللَّه,Allāh,Tier 1,1,mid-verse,mid-verse,Meccan,False,False,refrain_surah39_n8
39,الزمر,60,37,الْعَلِي,Al-'Alī,Tier 1,11,الْمُتَكَبِّر,Al-Mutakabbir,Tier 1,9,mid-verse,verse-final,Meccan,False,False,
39,الزمر,60,1,اللَّه,Allāh,Tier 1,11,الْمُتَكَبِّر,Al-Mutakabbir,Tier 1,8,mid-verse,verse-final,Meccan,False,False,
39,الزمر,62,1,اللَّه,Allāh,Tier 1,37,الْعَلِي,Al-'Alī,Tier 1,6,verse-opening,mid-verse,Meccan,False,False,refrain_surah39_n8
39,الزمر,62,1,اللَّه,Allāh,Tier 1,53,الْوَكِيل,Al-Wakīl,Tier 1,9,verse-opening,verse-final,Meccan,False,False,
39,الزمر,62,37,الْعَلِي,Al-'Alī,Tier 1,53,الْوَكِيل,Al-Wakīl,Tier 1,3,mid-verse,verse-final,Meccan,False,False,refrain_surah39_n3
39,الزمر,67,1,اللَّه,Allāh,Tier 1,52,الْحَق,Al-Ḥaqq,Tier 1,1,mid-verse,mid-verse,Meccan,False,False,refrain_surah39_n3
39,الزمر,68,1,اللَّه,Allāh,Tier 1,75,الْآخِر,Al-Ākhir,Tier 1,5,mid-verse,mid-verse,Meccan,False,False,
39,الزمر,75,52,الْحَق,Al-Ḥaqq,Tier 1,1,اللَّه,Allāh,Tier 1,3,mid-verse,mid-verse,Meccan,False,False,refrain_surah39_n3
40,غافر,2,1,اللَّه,Allāh,Tier 1,9,الْعَزِيز,Al-'Azīz,Tier 1,1,mid-verse,verse-final,Meccan,True,False,
40,غافر,2,1,اللَّه,Allāh,Tier 1,20,الْعَلِيم,Al-'Alīm,Tier 1,2,mid-verse,verse-final,Meccan,False,False,
40,غافر,2,9,الْعَزِيز,Al-'Azīz,Tier 1,20,الْعَلِيم,Al-'Alīm,Tier 1,1,verse-final,verse-final,Meccan,True,False,
40,غافر,8,9,الْعَزِيز,Al-'Azīz,Tier 1,47,الْحَكِيم,Al-Ḥakīm,Tier 1,1,verse-final,verse-final,Meccan,True,False,
40,غافر,12,1,اللَّه,Allāh,Tier 1,37,الْعَلِي,Al-'Alī,Tier 1,1,mid-verse,verse-final,Meccan,False,False,refrain_surah40_n7
40,غافر,12,1,اللَّه,Allāh,Tier 1,38,الْكَبِير,Al-Kabīr,Tier 1,2,mid-verse,verse-final,Meccan,False,False,
40,غافر,12,37,الْعَلِي,Al-'Alī,Tier 1,38,الْكَبِير,Al-Kabīr,Tier 1,1,verse-final,verse-final,Meccan,False,False,
40,غافر,16,37,الْعَلِي,Al-'Alī,Tier 1,1,اللَّه,Allāh,Tier 1,1,mid-verse,mid-verse,Meccan,False,False,refrain_surah40_n7
40,غافر,16,37,الْعَلِي,Al-'Alī,Tier 1,4,الْمَلِك,Al-Malik,Tier 1,6,mid-verse,mid-verse,Meccan,False,False,
40,غافر,16,37,الْعَلِي,Al-'Alī,Tier 1,1,اللَّه,Allāh,Tier 1,9,mid-verse,mid-verse,Meccan,False,False,refrain_surah40_n7
40,غافر,16,1,اللَّه,Allāh,Tier 1,4,الْمَلِك,Al-Malik,Tier 1,5,mid-verse,mid-verse,Meccan,False,False,refrain_surah40_n3
40,غافر,16,1,اللَّه,Allāh,Tier 1,16,الْقَهَّار,Al-Qahhār,Tier 1,10,mid-verse,verse-final,Meccan,False,False,
40,غافر,16,4,الْمَلِك,Al-Malik,Tier 1,1,اللَّه,Allāh,Tier 1,3,mid-verse,mid-verse,Meccan,False,False,refrain_surah40_n3
40,غافر,16,4,الْمَلِك,Al-Malik,Tier 1,16,الْقَهَّار,Al-Qahhār,Tier 1,5,mid-verse,verse-final,Meccan,False,False,
40,غافر,16,1,اللَّه,Allāh,Tier 1,16,الْقَهَّار,Al-Qahhār,Tier 1,2,mid-verse,verse-final,Meccan,False,False,
40,غافر,20,1,اللَّه,Allāh,Tier 1,52,الْحَق,Al-Ḥaqq,Tier 1,2,verse-opening,mid-verse,Meccan,False,False,refrain_surah40_n5
40,غافر,20,1,اللَّه,Allāh,Tier 1,27,السَّمِيع,Al-Samī',Tier 1,2,mid-verse,verse-final,Meccan,False,False,
40,غافر,20,1,اللَّه,Allāh,Tier 1,28,الْبَصِير,Al-Baṣīr,Tier 1,3,mid-verse,verse-final,Meccan,False,False,refrain_surah40_n4
40,غافر,20,27,السَّمِيع,Al-Samī',Tier 1,28,الْبَصِير,Al-Baṣīr,Tier 1,1,verse-final,verse-final,Meccan,False,False,
40,غافر,22,1,اللَّه,Allāh,Tier 1,54,الْقَوِي,Al-Qawī,Tier 1,3,mid-verse,mid-verse,Meccan,False,False,
40,غافر,29,4,الْمَلِك,Al-Malik,Tier 1,1,اللَّه,Allāh,Tier 1,9,mid-verse,mid-verse,Meccan,False,False,refrain_surah40_n3
40,غافر,33,56,الْوَلِي,Al-Walī,Tier 1,1,اللَّه,Allāh,Tier 1,5,verse-opening,mid-verse,Meccan,False,False,
40,غافر,35,1,اللَّه,Allāh,Tier 1,37,الْعَلِي,Al-'Alī,Tier 1,8,mid-verse,mid-verse,Meccan,False,False,refrain_surah40_n7
40,غافر,35,1,اللَّه,Allāh,Tier 1,37,الْعَلِي,Al-'Alī,Tier 1,1,mid-verse,mid-verse,Meccan,False,False,refrain_surah40_n7
40,غافر,35,1,اللَّه,Allāh,Tier 1,11,الْمُتَكَبِّر,Al-Mutakabbir,Tier 1,4,mid-verse,verse-final,Meccan,False,False,
40,غافر,35,1,اللَّه,Allāh,Tier 1,10,الْجَبَّار,Al-Jabbār,Tier 1,5,mid-verse,verse-final,Meccan,False,False,
40,غافر,35,37,الْعَلِي,Al-'Alī,Tier 1,11,الْمُتَكَبِّر,Al-Mutakabbir,Tier 1,3,mid-verse,verse-final,Meccan,False,False,
40,غافر,35,37,الْعَلِي,Al-'Alī,Tier 1,10,الْجَبَّار,Al-Jabbār,Tier 1,4,mid-verse,verse-final,Meccan,False,False,
40,غافر,35,11,الْمُتَكَبِّر,Al-Mutakabbir,Tier 1,10,الْجَبَّار,Al-Jabbār,Tier 1,1,verse-final,verse-final,Meccan,False,False,
40,غافر,44,1,اللَّه,Allāh,Tier 1,28,الْبَصِير,Al-Baṣīr,Tier 1,4,mid-verse,verse-final,Meccan,False,False,refrain_surah40_n4
40,غافر,44,1,اللَّه,Allāh,Tier 1,28,الْبَصِير,Al-Baṣīr,Tier 1,1,mid-verse,verse-final,Meccan,False,False,refrain_surah40_n4
40,غافر,48,1,اللَّه,Allāh,Tier 1,29,الْحَكَم,Al-Ḥakam,Tier 1,2,mid-verse,mid-verse,Meccan,False,False,
40,غافر,55,1,اللَّه,Allāh,Tier 1,52,الْحَق,Al-Ḥaqq,Tier 1,1,mid-verse,mid-verse,Meccan,False,False,refrain_surah40_n5
40,غافر,56,1,اللَّه,Allāh,Tier 1,27,السَّمِيع,Al-Samī',Tier 1,4,mid-verse,verse-final,Meccan,False,False,
40,غافر,56,1,اللَّه,Allāh,Tier 1,28,الْبَصِير,Al-Baṣīr,Tier 1,5,mid-verse,verse-final,Meccan,False,False,refrain_surah40_n4
40,غافر,56,27,السَّمِيع,Al-Samī',Tier 1,28,الْبَصِير,Al-Baṣīr,Tier 1,1,verse-final,verse-final,Meccan,False,False,
40,غافر,61,1,اللَّه,Allāh,Tier 1,37,الْعَلِي,Al-'Alī,Tier 1,3,mid-verse,mid-verse,Meccan,False,False,refrain_surah40_n7
40,غافر,77,1,اللَّه,Allāh,Tier 1,52,الْحَق,Al-Ḥaqq,Tier 1,1,mid-verse,mid-verse,Meccan,False,False,refrain_surah40_n5
40,غافر,78,37,الْعَلِي,Al-'Alī,Tier 1,1,اللَّه,Allāh,Tier 1,10,mid-verse,mid-verse,Meccan,False,False,refrain_surah40_n7
40,غافر,78,1,اللَّه,Allāh,Tier 1,52,الْحَق,Al-Ḥaqq,Tier 1,7,mid-verse,mid-verse,Meccan,False,False,refrain_surah40_n5
40,غافر,78,1,اللَّه,Allāh,Tier 1,52,الْحَق,Al-Ḥaqq,Tier 1,2,mid-verse,mid-verse,Meccan,False,False,refrain_surah40_n5
41,فصلت,2,2,الرَّحْمَٰن,Al-Raḥmān,Tier 1,3,الرَّحِيمِ,Al-Raḥīm,Tier 1,1,verse-final,verse-final,Meccan,False,False,
41,فصلت,12,9,الْعَزِيز,Al-'Azīz,Tier 1,20,الْعَلِيم,Al-'Alīm,Tier 1,1,verse-final,verse-final,Meccan,True,False,
41,فصلت,15,52,الْحَق,Al-Ḥaqq,Tier 1,1,اللَّه,Allāh,Tier 1,10,mid-verse,mid-verse,Meccan,False,False,
41,فصلت,21,37,الْعَلِي,Al-'Alī,Tier 1,1,اللَّه,Allāh,Tier 1,4,mid-verse,mid-verse,Meccan,False,False,refrain_surah41_n3
41,فصلت,21,1,اللَّه,Allāh,Tier 1,74,الْأَوَّل,Al-Awwal,Tier 1,7,mid-verse,mid-verse,Meccan,False,False,
41,فصلت,21,1,اللَّه,Allāh,Tier 1,78,الْوَالِي,Al-Wālī,Tier 1,9,mid-verse,verse-final,Meccan,False,False,
41,فصلت,21,74,الْأَوَّل,Al-Awwal,Tier 1,78,الْوَالِي,Al-Wālī,Tier 1,2,mid-verse,verse-final,Meccan,False,False,
41,فصلت,22,37,الْعَلِي,Al-'Alī,Tier 1,1,اللَّه,Allāh,Tier 1,9,mid-verse,mid-verse,Meccan,False,False,refrain_surah41_n3
41,فصلت,25,52,الْحَق,Al-Ḥaqq,Tier 1,37,الْعَلِي,Al-'Alī,Tier 1,1,mid-verse,mid-verse,Meccan,False,False,
41,فصلت,30,1,اللَّه,Allāh,Tier 1,37,الْعَلِي,Al-'Alī,Tier 1,4,mid-verse,mid-verse,Meccan,False,False,refrain_surah41_n3
41,فصلت,32,35,الْغَفُور,Al-Ghafūr,Tier 1,3,الرَّحِيمِ,Al-Raḥīm,Tier 1,1,verse-final,verse-final,Meccan,False,False,
41,فصلت,36,1,اللَّه,Allāh,Tier 1,27,السَّمِيع,Al-Samī',Tier 1,4,mid-verse,verse-final,Meccan,False,False,
41,فصلت,36,1,اللَّه,Allāh,Tier 1,20,الْعَلِيم,Al-'Alīm,Tier 1,5,mid-verse,verse-final,Meccan,False,False,
41,فصلت,36,27,السَّمِيع,Al-Samī',Tier 1,20,الْعَلِيم,Al-'Alīm,Tier 1,1,verse-final,verse-final,Meccan,False,False,
41,فصلت,42,47,الْحَكِيم,Al-Ḥakīm,Tier 1,57,الْحَمِيد,Al-Ḥamīd,Tier 1,1,verse-final,verse-final,Meccan,False,False,
41,فصلت,53,52,الْحَق,Al-Ḥaqq,Tier 1,37,الْعَلِي,Al-'Alī,Tier 1,6,mid-verse,mid-verse,Meccan,False,False,
41,فصلت,53,52,الْحَق,Al-Ḥaqq,Tier 1,51,الشَّهِيد,Al-Shahīd,Tier 1,9,mid-verse,verse-final,Meccan,False,False,
41,فصلت,53,37,الْعَلِي,Al-'Alī,Tier 1,51,الشَّهِيد,Al-Shahīd,Tier 1,3,mid-verse,verse-final,Meccan,False,False,
42,الشورى,3,78,الْوَالِي,Al-Wālī,Tier 1,1,اللَّه,Allāh,Tier 1,4,mid-verse,mid-verse,Meccan,False,False,refrain_surah42_n4
42,الشورى,3,78,الْوَالِي,Al-Wālī,Tier 1,9,الْعَزِيز,Al-'Azīz,Tier 1,5,mid-verse,verse-final,Meccan,True,False,
42,الشورى,3,78,الْوَالِي,Al-Wālī,Tier 1,47,الْحَكِيم,Al-Ḥakīm,Tier 1,6,mid-verse,verse-final,Meccan,False,False,
42,الشورى,3,1,اللَّه,Allāh,Tier 1,9,الْعَزِيز,Al-'Azīz,Tier 1,1,mid-verse,verse-final,Meccan,True,False,
42,الشورى,3,1,اللَّه,Allāh,Tier 1,47,الْحَكِيم,Al-Ḥakīm,Tier 1,2,mid-verse,verse-final,Meccan,False,False,
42,الشورى,3,9,الْعَزِيز,Al-'Azīz,Tier 1,47,الْحَكِيم,Al-Ḥakīm,Tier 1,1,verse-final,verse-final,Meccan,True,False,
42,الشورى,4,37,الْعَلِي,Al-'Alī,Tier 1,34,الْعَظِيم,Al-'Aẓīm,Tier 1,1,verse-final,verse-final,Meccan,False,False,
42,الشورى,5,1,اللَّه,Allāh,Tier 1,35,الْغَفُور,Al-Ghafūr,Tier 1,2,mid-verse,verse-final,Meccan,False,False,
42,الشورى,5,1,اللَّه,Allāh,Tier 1,3,الرَّحِيمِ,Al-Raḥīm,Tier 1,3,mid-verse,verse-final,Meccan,False,False,
42,الشورى,5,35,الْغَفُور,Al-Ghafūr,Tier 1,3,الرَّحِيمِ,Al-Raḥīm,Tier 1,1,verse-final,verse-final,Meccan,False,False,
42,الشورى,6,1,اللَّه,Allāh,Tier 1,39,الْحَفِيظ,Al-Ḥafīẓ,Tier 1,1,mid-verse,mid-verse,Meccan,False,False,
42,الشورى,6,1,اللَّه,Allāh,Tier 1,37,الْعَلِي,Al-'Alī,Tier 1,2,mid-verse,mid-verse,Meccan,False,False,refrain_surah42_n11
42,الشورى,6,1,اللَّه,Allāh,Tier 1,37,الْعَلِي,Al-'Alī,Tier 1,5,mid-verse,verse-final,Meccan,False,False,refrain_surah42_n11
42,الشورى,6,39,الْحَفِيظ,Al-Ḥafīẓ,Tier 1,37,الْعَلِي,Al-'Alī,Tier 1,1,mid-verse,mid-verse,Meccan,False,False,refrain_surah42_n4
42,الشورى,6,39,الْحَفِيظ,Al-Ḥafīẓ,Tier 1,37,الْعَلِي,Al-'Alī,Tier 1,4,mid-verse,verse-final,Meccan,False,False,refrain_surah42_n4
42,الشورى,9,1,اللَّه,Allāh,Tier 1,56,الْوَلِي,Al-Walī,Tier 1,2,mid-verse,mid-verse,Meccan,False,False,refrain_surah42_n3
42,الشورى,9,1,اللَّه,Allāh,Tier 1,37,الْعَلِي,Al-'Alī,Tier 1,7,mid-verse,mid-verse,Meccan,False,False,refrain_surah42_n11
42,الشورى,9,56,الْوَلِي,Al-Walī,Tier 1,37,الْعَلِي,Al-'Alī,Tier 1,5,mid-verse,mid-verse,Meccan,False,False,
42,الشورى,10,1,اللَّه,Allāh,Tier 1,78,الْوَالِي,Al-Wālī,Tier 1,7,mid-verse,verse-final,Meccan,False,False,refrain_surah42_n4
42,الشورى,10,1,اللَّه,Allāh,Tier 1,78,الْوَالِي,Al-Wālī,Tier 1,4,mid-verse,verse-final,Meccan,False,False,refrain_surah42_n4
42,الشورى,11,27,السَّمِيع,Al-Samī',Tier 1,28,الْبَصِير,Al-Baṣīr,Tier 1,1,verse-final,verse-final,Meccan,False,False,
42,الشورى,13,37,الْعَلِي,Al-'Alī,Tier 1,1,اللَّه,Allāh,Tier 1,6,mid-verse,mid-verse,Meccan,False,False,refrain_surah42_n11
42,الشورى,15,1,اللَّه,Allāh,Tier 1,78,الْوَالِي,Al-Wālī,Tier 1,4,mid-verse,verse-final,Meccan,False,False,refrain_surah42_n4
42,الشورى,16,1,اللَّه,Allāh,Tier 1,37,الْعَلِي,Al-'Alī,Tier 1,10,mid-verse,mid-verse,Meccan,False,False,refrain_surah42_n11
42,الشورى,17,1,اللَّه,Allāh,Tier 1,52,الْحَق,Al-Ḥaqq,Tier 1,4,verse-opening,mid-verse,Meccan,False,False,refrain_surah42_n3
42,الشورى,19,1,اللَّه,Allāh,Tier 1,31,اللَّطِيف,Al-Laṭīf,Tier 1,1,verse-opening,verse-opening,Meccan,False,False,
42,الشورى,19,1,اللَّه,Allāh,Tier 1,54,الْقَوِي,Al-Qawī,Tier 1,8,verse-opening,verse-final,Meccan,False,False,
42,الشورى,19,1,اللَّه,Allāh,Tier 1,9,الْعَزِيز,Al-'Azīz,Tier 1,9,verse-opening,verse-final,Meccan,True,False,
42,الشورى,19,31,اللَّطِيف,Al-Laṭīf,Tier 1,54,الْقَوِي,Al-Qawī,Tier 1,7,verse-opening,verse-final,Meccan,False,False,
42,الشورى,19,31,اللَّطِيف,Al-Laṭīf,Tier 1,9,الْعَزِيز,Al-'Azīz,Tier 1,8,verse-opening,verse-final,Meccan,True,False,
42,الشورى,19,54,الْقَوِي,Al-Qawī,Tier 1,9,الْعَزِيز,Al-'Azīz,Tier 1,1,verse-final,verse-final,Meccan,True,False,
42,الشورى,23,1,اللَّه,Allāh,Tier 1,35,الْغَفُور,Al-Ghafūr,Tier 1,1,mid-verse,verse-final,Meccan,False,False,
42,الشورى,23,1,اللَّه,Allāh,Tier 1,36,الشَّكُور,Al-Shakūr,Tier 1,2,mid-verse,verse-final,Meccan,False,False,
42,الشورى,23,35,الْغَفُور,Al-Ghafūr,Tier 1,36,الشَّكُور,Al-Shakūr,Tier 1,1,verse-final,verse-final,Meccan,False,False,
42,الشورى,24,37,الْعَلِي,Al-'Alī,Tier 1,1,اللَّه,Allāh,Tier 1,1,mid-verse,mid-verse,Meccan,False,False,refrain_surah42_n11
42,الشورى,24,37,الْعَلِي,Al-'Alī,Tier 1,1,اللَّه,Allāh,Tier 1,6,mid-verse,mid-verse,Meccan,False,False,refrain_surah42_n11
42,الشورى,24,1,اللَّه,Allāh,Tier 1,37,الْعَلِي,Al-'Alī,Tier 1,7,mid-verse,mid-verse,Meccan,False,False,refrain_surah42_n11
42,الشورى,24,1,اللَّه,Allāh,Tier 1,37,الْعَلِي,Al-'Alī,Tier 1,2,mid-verse,mid-verse,Meccan,False,False,refrain_surah42_n11
42,الشورى,24,1,اللَّه,Allāh,Tier 1,52,الْحَق,Al-Ḥaqq,Tier 1,9,mid-verse,mid-verse,Meccan,False,False,refrain_surah42_n3
42,الشورى,24,37,الْعَلِي,Al-'Alī,Tier 1,1,اللَّه,Allāh,Tier 1,4,mid-verse,mid-verse,Meccan,False,False,refrain_surah42_n11
42,الشورى,24,37,الْعَلِي,Al-'Alī,Tier 1,52,الْحَق,Al-Ḥaqq,Tier 1,7,mid-verse,mid-verse,Meccan,False,False,
42,الشورى,24,1,اللَّه,Allāh,Tier 1,52,الْحَق,Al-Ḥaqq,Tier 1,3,mid-verse,mid-verse,Meccan,False,False,refrain_surah42_n3
42,الشورى,24,1,اللَّه,Allāh,Tier 1,20,الْعَلِيم,Al-'Alīm,Tier 1,7,mid-verse,mid-verse,Meccan,False,False,
42,الشورى,24,52,الْحَق,Al-Ḥaqq,Tier 1,20,الْعَلِيم,Al-'Alīm,Tier 1,4,mid-verse,mid-verse,Meccan,False,False,
42,الشورى,27,32,الْخَبِير,Al-Khabīr,Tier 1,28,الْبَصِير,Al-Baṣīr,Tier 1,1,verse-final,verse-final,Meccan,False,False,
42,الشورى,28,56,الْوَلِي,Al-Walī,Tier 1,57,الْحَمِيد,Al-Ḥamīd,Tier 1,1,verse-final,verse-final,Meccan,False,False,
42,الشورى,31,1,اللَّه,Allāh,Tier 1,56,الْوَلِي,Al-Walī,Tier 1,2,mid-verse,mid-verse,Meccan,False,False,refrain_surah42_n3
42,الشورى,33,37,الْعَلِي,Al-'Alī,Tier 1,36,الشَّكُور,Al-Shakūr,Tier 1,9,mid-verse,verse-final,Meccan,False,False,
42,الشورى,40,37,الْعَلِي,Al-'Alī,Tier 1,1,اللَّه,Allāh,Tier 1,1,mid-verse,mid-verse,Meccan,False,False,refrain_surah42_n11
42,الشورى,42,37,الْعَلِي,Al-'Alī,Tier 1,52,الْحَق,Al-Ḥaqq,Tier 1,8,mid-verse,mid-verse,Meccan,False,False,
42,الشورى,44,1,اللَّه,Allāh,Tier 1,56,الْوَلِي,Al-Walī,Tier 1,4,mid-verse,mid-verse,Meccan,False,False,refrain_surah42_n3
42,الشورى,48,37,الْعَلِي,Al-'Alī,Tier 1,39,الْحَفِيظ,Al-Ḥafīẓ,Tier 1,1,mid-verse,mid-verse,Meccan,False,False,refrain_surah42_n4
42,الشورى,48,39,الْحَفِيظ,Al-Ḥafīẓ,Tier 1,37,الْعَلِي,Al-'Alī,Tier 1,3,mid-verse,mid-verse,Meccan,False,False,refrain_surah42_n4
42,الشورى,51,37,الْعَلِي,Al-'Alī,Tier 1,47,الْحَكِيم,Al-Ḥakīm,Tier 1,1,verse-final,verse-final,Meccan,False,False,
43,الزخرف,9,9,الْعَزِيز,Al-'Azīz,Tier 1,20,الْعَلِيم,Al-'Alīm,Tier 1,1,verse-final,verse-final,Meccan,True,False,
43,الزخرف,17,68,الْأَحَد,Al-Aḥad,Tier 1,2,الرَّحْمَٰن,Al-Raḥmān,Tier 1,3,mid-verse,mid-verse,Meccan,False,False,
43,الزخرف,31,37,الْعَلِي,Al-'Alī,Tier 1,34,الْعَظِيم,Al-'Aẓīm,Tier 1,4,mid-verse,verse-final,Meccan,False,False,
43,الزخرف,33,2,الرَّحْمَٰن,Al-Raḥmān,Tier 1,37,الْعَلِي,Al-'Alī,Tier 1,6,mid-verse,verse-final,Meccan,False,False,
43,الزخرف,42,37,الْعَلِي,Al-'Alī,Tier 1,71,الْمُقْتَدِر,Al-Muqtadir,Tier 1,1,verse-final,verse-final,Meccan,False,False,
43,الزخرف,81,2,الرَّحْمَٰن,Al-Raḥmān,Tier 1,74,الْأَوَّل,Al-Awwal,Tier 1,3,mid-verse,verse-final,Meccan,False,False,
43,الزخرف,84,47,الْحَكِيم,Al-Ḥakīm,Tier 1,20,الْعَلِيم,Al-'Alīm,Tier 1,1,verse-final,verse-final,Meccan,False,False,
44,الدخان,6,27,السَّمِيع,Al-Samī',Tier 1,20,الْعَلِيم,Al-'Alīm,Tier 1,1,verse-final,verse-final,Meccan,False,False,
44,الدخان,19,37,الْعَلِي,Al-'Alī,Tier 1,1,اللَّه,Allāh,Tier 1,1,mid-verse,mid-verse,Meccan,False,False,
44,الدخان,42,1,اللَّه,Allāh,Tier 1,9,الْعَزِيز,Al-'Azīz,Tier 1,4,mid-verse,verse-final,Meccan,True,False,
44,الدخان,42,1,اللَّه,Allāh,Tier 1,3,الرَّحِيمِ,Al-Raḥīm,Tier 1,5,mid-verse,verse-final,Meccan,False,False,
44,الدخان,42,9,الْعَزِيز,Al-'Azīz,Tier 1,3,الرَّحِيمِ,Al-Raḥīm,Tier 1,1,verse-final,verse-final,Meccan,True,False,
44,الدخان,49,9,الْعَزِيز,Al-'Azīz,Tier 1,43,الْكَرِيم,Al-Karīm,Tier 1,1,verse-final,verse-final,Meccan,True,False,
45,الجاثية,2,1,اللَّه,Allāh,Tier 1,9,الْعَزِيز,Al-'Azīz,Tier 1,1,mid-verse,verse-final,Meccan,True,False,
45,الجاثية,2,1,اللَّه,Allāh,Tier 1,47,الْحَكِيم,Al-Ḥakīm,Tier 1,2,mid-verse,verse-final,Meccan,False,False,
45,الجاثية,2,9,الْعَزِيز,Al-'Azīz,Tier 1,47,الْحَكِيم,Al-Ḥakīm,Tier 1,1,verse-final,verse-final,Meccan,True,False,
45,الجاثية,5,1,اللَّه,Allāh,Tier 1,63,الْحَي,Al-Ḥayy,Tier 1,5,mid-verse,mid-verse,Meccan,False,False,
45,الجاثية,6,1,اللَّه,Allāh,Tier 1,37,الْعَلِي,Al-'Alī,Tier 1,2,mid-verse,mid-verse,Meccan,False,False,refrain_surah45_n6
45,الجاثية,6,1,اللَّه,Allāh,Tier 1,52,الْحَق,Al-Ḥaqq,Tier 1,3,mid-verse,mid-verse,Meccan,False,False,refrain_surah45_n4
45,الجاثية,6,37,الْعَلِي,Al-'Alī,Tier 1,52,الْحَق,Al-Ḥaqq,Tier 1,1,mid-verse,mid-verse,Meccan,False,False,
45,الجاثية,6,37,الْعَلِي,Al-'Alī,Tier 1,1,اللَّه,Allāh,Tier 1,6,mid-verse,mid-verse,Meccan,False,False,refrain_surah45_n6
45,الجاثية,6,52,الْحَق,Al-Ḥaqq,Tier 1,1,اللَّه,Allāh,Tier 1,5,mid-verse,mid-verse,Meccan,False,False,refrain_surah45_n4
45,الجاثية,10,1,اللَّه,Allāh,Tier 1,34,الْعَظِيم,Al-'Aẓīm,Tier 1,5,mid-verse,verse-final,Meccan,False,False,
45,الجاثية,19,1,اللَّه,Allāh,Tier 1,56,الْوَلِي,Al-Walī,Tier 1,10,mid-verse,verse-final,Meccan,False,False,
45,الجاثية,19,1,اللَّه,Allāh,Tier 1,56,الْوَلِي,Al-Walī,Tier 1,1,mid-verse,verse-final,Meccan,False,False,
45,الجاثية,22,1,اللَّه,Allāh,Tier 1,52,الْحَق,Al-Ḥaqq,Tier 1,3,verse-opening,mid-verse,Meccan,False,False,refrain_surah45_n4
45,الجاثية,23,1,اللَّه,Allāh,Tier 1,37,الْعَلِي,Al-'Alī,Tier 1,1,mid-verse,mid-verse,Meccan,False,False,refrain_surah45_n6
45,الجاثية,23,1,اللَّه,Allāh,Tier 1,37,الْعَلِي,Al-'Alī,Tier 1,4,mid-verse,mid-verse,Meccan,False,False,refrain_surah45_n6
45,الجاثية,23,1,اللَّه,Allāh,Tier 1,37,الْعَلِي,Al-'Alī,Tier 1,8,mid-verse,mid-verse,Meccan,False,False,refrain_surah45_n6
45,الجاثية,23,37,الْعَلِي,Al-'Alī,Tier 1,1,اللَّه,Allāh,Tier 1,7,mid-verse,mid-verse,Meccan,False,False,refrain_surah45_n6
45,الجاثية,29,37,الْعَلِي,Al-'Alī,Tier 1,52,الْحَق,Al-Ḥaqq,Tier 1,1,mid-verse,mid-verse,Meccan,False,False,
45,الجاثية,32,1,اللَّه,Allāh,Tier 1,52,الْحَق,Al-Ḥaqq,Tier 1,1,mid-verse,mid-verse,Meccan,False,False,refrain_surah45_n4
45,الجاثية,37,9,الْعَزِيز,Al-'Azīz,Tier 1,47,الْحَكِيم,Al-Ḥakīm,Tier 1,1,verse-final,verse-final,Meccan,True,False,
46,الأحقاف,2,1,اللَّه,Allāh,Tier 1,9,الْعَزِيز,Al-'Azīz,Tier 1,1,mid-verse,verse-final,Meccan,True,False,
46,الأحقاف,2,1,اللَّه,Allāh,Tier 1,47,الْحَكِيم,Al-Ḥakīm,Tier 1,2,mid-verse,verse-final,Meccan,False,False,
46,الأحقاف,2,9,الْعَزِيز,Al-'Azīz,Tier 1,47,الْحَكِيم,Al-Ḥakīm,Tier 1,1,verse-final,verse-final,Meccan,True,False,
46,الأحقاف,8,4,الْمَلِك,Al-Malik,Tier 1,1,اللَّه,Allāh,Tier 1,3,mid-verse,mid-verse,Meccan,False,False,
46,الأحقاف,8,35,الْغَفُور,Al-Ghafūr,Tier 1,3,الرَّحِيمِ,Al-Raḥīm,Tier 1,1,verse-final,verse-final,Meccan,False,False,
46,الأحقاف,10,1,اللَّه,Allāh,Tier 1,37,الْعَلِي,Al-'Alī,Tier 1,8,mid-verse,mid-verse,Meccan,False,False,refrain_surah46_n5
46,الأحقاف,10,37,الْعَلِي,Al-'Alī,Tier 1,1,اللَّه,Allāh,Tier 1,6,mid-verse,mid-verse,Meccan,False,False,refrain_surah46_n5
46,الأحقاف,13,1,اللَّه,Allāh,Tier 1,37,الْعَلِي,Al-'Alī,Tier 1,5,mid-verse,mid-verse,Meccan,False,False,refrain_surah46_n5
46,الأحقاف,17,1,اللَّه,Allāh,Tier 1,52,الْحَق,Al-Ḥaqq,Tier 1,6,mid-verse,mid-verse,Meccan,False,False,
46,الأحقاف,17,1,اللَّه,Allāh,Tier 1,52,الْحَق,Al-Ḥaqq,Tier 1,1,mid-verse,mid-verse,Meccan,False,False,
46,الأحقاف,17,1,اللَّه,Allāh,Tier 1,74,الْأَوَّل,Al-Awwal,Tier 1,7,mid-verse,verse-final,Meccan,False,False,
46,الأحقاف,17,52,الْحَق,Al-Ḥaqq,Tier 1,74,الْأَوَّل,Al-Awwal,Tier 1,6,mid-verse,verse-final,Meccan,False,False,
46,الأحقاف,18,52,الْحَق,Al-Ḥaqq,Tier 1,37,الْعَلِي,Al-'Alī,Tier 1,1,mid-verse,mid-verse,Meccan,False,False,
46,الأحقاف,21,1,اللَّه,Allāh,Tier 1,37,الْعَلِي,Al-'Alī,Tier 1,3,mid-verse,mid-verse,Meccan,False,False,refrain_surah46_n5
46,الأحقاف,21,1,اللَّه,Allāh,Tier 1,34,الْعَظِيم,Al-'Aẓīm,Tier 1,6,mid-verse,verse-final,Meccan,False,False,
46,الأحقاف,21,37,الْعَلِي,Al-'Alī,Tier 1,34,الْعَظِيم,Al-'Aẓīm,Tier 1,3,mid-verse,verse-final,Meccan,False,False,
46,الأحقاف,30,52,الْحَق,Al-Ḥaqq,Tier 1,78,الْوَالِي,Al-Wālī,Tier 1,1,mid-verse,mid-verse,Meccan,False,False,
46,الأحقاف,33,1,اللَّه,Allāh,Tier 1,37,الْعَلِي,Al-'Alī,Tier 1,9,mid-verse,mid-verse,Meccan,False,False,refrain_surah46_n5
46,الأحقاف,34,37,الْعَلِي,Al-'Alī,Tier 1,52,الْحَق,Al-Ḥaqq,Tier 1,4,mid-verse,mid-verse,Meccan,False,False,
47,محمد,2,37,الْعَلِي,Al-'Alī,Tier 1,52,الْحَق,Al-Ḥaqq,Tier 1,3,mid-verse,mid-verse,Medinan,False,False,
47,محمد,3,52,الْحَق,Al-Ḥaqq,Tier 1,1,اللَّه,Allāh,Tier 1,6,mid-verse,mid-verse,Medinan,False,False,
47,محمد,10,1,اللَّه,Allāh,Tier 1,37,الْعَلِي,Al-'Alī,Tier 1,1,mid-verse,mid-verse,Medinan,False,False,
47,محمد,16,1,اللَّه,Allāh,Tier 1,37,الْعَلِي,Al-'Alī,Tier 1,1,mid-verse,mid-verse,Medinan,False,False,
47,محمد,19,1,اللَّه,Allāh,Tier 1,7,الْمُؤْمِن,Al-Mu'min,Tier 1,3,mid-verse,mid-verse,Medinan,False,False,
47,محمد,19,7,الْمُؤْمِن,Al-Mu'min,Tier 1,1,اللَّه,Allāh,Tier 1,3,mid-verse,mid-verse,Medinan,False,False,
47,محمد,38,1,اللَّه,Allāh,Tier 1,89,الْغَنِي,Al-Ghanī,Tier 1,1,mid-verse,mid-verse,Medinan,False,False,
48,الفتح,2,1,اللَّه,Allāh,Tier 1,37,الْعَلِي,Al-'Alī,Tier 1,9,mid-verse,mid-verse,Medinan,False,False,refrain_surah48_n19
48,الفتح,3,1,اللَّه,Allāh,Tier 1,9,الْعَزِيز,Al-'Azīz,Tier 1,2,verse-opening,verse-final,Medinan,True,False,refrain_surah48_n4
48,الفتح,4,7,الْمُؤْمِن,Al-Mu'min,Tier 1,1,اللَّه,Allāh,Tier 1,6,mid-verse,mid-verse,Medinan,False,False,refrain_surah48_n4
48,الفتح,4,1,اللَّه,Allāh,Tier 1,20,الْعَلِيم,Al-'Alīm,Tier 1,7,mid-verse,verse-final,Medinan,False,False,
48,الفتح,4,1,اللَّه,Allāh,Tier 1,20,الْعَلِيم,Al-'Alīm,Tier 1,1,mid-verse,verse-final,Medinan,False,False,
48,الفتح,6,1,اللَّه,Allāh,Tier 1,37,الْعَلِي,Al-'Alī,Tier 1,4,mid-verse,mid-verse,Medinan,False,False,refrain_surah48_n19
48,الفتح,6,1,اللَّه,Allāh,Tier 1,37,الْعَلِي,Al-'Alī,Tier 1,10,mid-verse,mid-verse,Medinan,False,False,refrain_surah48_n19
48,الفتح,6,37,الْعَلِي,Al-'Alī,Tier 1,1,اللَّه,Allāh,Tier 1,5,mid-verse,mid-verse,Medinan,False,False,refrain_surah48_n19
48,الفتح,6,1,اللَّه,Allāh,Tier 1,37,الْعَلِي,Al-'Alī,Tier 1,1,mid-verse,mid-verse,Medinan,False,False,refrain_surah48_n19
48,الفتح,7,1,اللَّه,Allāh,Tier 1,9,الْعَزِيز,Al-'Azīz,Tier 1,7,verse-opening,verse-final,Medinan,True,False,refrain_surah48_n4
48,الفتح,7,1,اللَّه,Allāh,Tier 1,47,الْحَكِيم,Al-Ḥakīm,Tier 1,8,verse-opening,verse-final,Medinan,False,False,
48,الفتح,7,1,اللَّه,Allāh,Tier 1,9,الْعَزِيز,Al-'Azīz,Tier 1,1,mid-verse,verse-final,Medinan,True,False,refrain_surah48_n4
48,الفتح,7,1,اللَّه,Allāh,Tier 1,47,الْحَكِيم,Al-Ḥakīm,Tier 1,2,mid-verse,verse-final,Medinan,False,False,
48,الفتح,7,9,الْعَزِيز,Al-'Azīz,Tier 1,47,الْحَكِيم,Al-Ḥakīm,Tier 1,1,verse-final,verse-final,Medinan,True,False,
48,الفتح,10,1,اللَّه,Allāh,Tier 1,37,الْعَلِي,Al-'Alī,Tier 1,10,mid-verse,mid-verse,Medinan,False,False,refrain_surah48_n19
48,الفتح,10,1,اللَّه,Allāh,Tier 1,37,الْعَلِي,Al-'Alī,Tier 1,8,mid-verse,mid-verse,Medinan,False,False,refrain_surah48_n19
48,الفتح,10,37,الْعَلِي,Al-'Alī,Tier 1,1,اللَّه,Allāh,Tier 1,8,mid-verse,mid-verse,Medinan,False,False,refrain_surah48_n19
48,الفتح,17,37,الْعَلِي,Al-'Alī,Tier 1,1,اللَّه,Allāh,Tier 1,10,mid-verse,mid-verse,Medinan,False,False,refrain_surah48_n19
48,الفتح,17,37,الْعَلِي,Al-'Alī,Tier 1,1,اللَّه,Allāh,Tier 1,6,mid-verse,mid-verse,Medinan,False,False,refrain_surah48_n19
48,الفتح,18,1,اللَّه,Allāh,Tier 1,7,الْمُؤْمِن,Al-Mu'min,Tier 1,2,mid-verse,mid-verse,Medinan,False,False,refrain_surah48_n4
48,الفتح,19,1,اللَّه,Allāh,Tier 1,9,الْعَزِيز,Al-'Azīz,Tier 1,1,mid-verse,verse-final,Medinan,True,False,refrain_surah48_n4
48,الفتح,21,75,الْآخِر,Al-Ākhir,Tier 1,37,الْعَلِي,Al-'Alī,Tier 1,3,verse-opening,mid-verse,Medinan,False,False,
48,الفتح,21,75,الْآخِر,Al-Ākhir,Tier 1,1,اللَّه,Allāh,Tier 1,6,verse-opening,mid-verse,Medinan,False,False,
48,الفتح,21,75,الْآخِر,Al-Ākhir,Tier 1,1,اللَّه,Allāh,Tier 1,10,verse-opening,mid-verse,Medinan,False,False,
48,الفتح,21,37,الْعَلِي,Al-'Alī,Tier 1,1,اللَّه,Allāh,Tier 1,3,mid-verse,mid-verse,Medinan,False,False,refrain_surah48_n19
48,الفتح,21,37,الْعَلِي,Al-'Alī,Tier 1,1,اللَّه,Allāh,Tier 1,7,mid-verse,mid-verse,Medinan,False,False,refrain_surah48_n19
48,الفتح,21,1,اللَّه,Allāh,Tier 1,37,الْعَلِي,Al-'Alī,Tier 1,5,mid-verse,mid-verse,Medinan,False,False,refrain_surah48_n19
48,الفتح,21,1,اللَّه,Allāh,Tier 1,37,الْعَلِي,Al-'Alī,Tier 1,1,mid-verse,mid-verse,Medinan,False,False,refrain_surah48_n19
48,الفتح,24,37,الْعَلِي,Al-'Alī,Tier 1,1,اللَّه,Allāh,Tier 1,3,mid-verse,mid-verse,Medinan,False,False,refrain_surah48_n19
48,الفتح,24,37,الْعَلِي,Al-'Alī,Tier 1,28,الْبَصِير,Al-Baṣīr,Tier 1,6,mid-verse,verse-final,Medinan,False,False,
48,الفتح,24,1,اللَّه,Allāh,Tier 1,28,الْبَصِير,Al-Baṣīr,Tier 1,3,mid-verse,verse-final,Medinan,False,False,
48,الفتح,26,1,اللَّه,Allāh,Tier 1,37,الْعَلِي,Al-'Alī,Tier 1,2,mid-verse,mid-verse,Medinan,False,False,refrain_surah48_n19
48,الفتح,26,1,اللَّه,Allāh,Tier 1,7,الْمُؤْمِن,Al-Mu'min,Tier 1,5,mid-verse,mid-verse,Medinan,False,False,refrain_surah48_n4
48,الفتح,26,37,الْعَلِي,Al-'Alī,Tier 1,7,الْمُؤْمِن,Al-Mu'min,Tier 1,3,mid-verse,mid-verse,Medinan,False,False,
48,الفتح,26,7,الْمُؤْمِن,Al-Mu'min,Tier 1,1,اللَّه,Allāh,Tier 1,10,mid-verse,mid-verse,Medinan,False,False,refrain_surah48_n4
48,الفتح,27,1,اللَّه,Allāh,Tier 1,52,الْحَق,Al-Ḥaqq,Tier 1,3,mid-verse,mid-verse,Medinan,False,False,refrain_surah48_n3
48,الفتح,27,52,الْحَق,Al-Ḥaqq,Tier 1,1,اللَّه,Allāh,Tier 1,7,mid-verse,mid-verse,Medinan,False,False,refrain_surah48_n3
48,الفتح,28,52,الْحَق,Al-Ḥaqq,Tier 1,37,الْعَلِي,Al-'Alī,Tier 1,2,mid-verse,mid-verse,Medinan,False,False,
48,الفتح,28,52,الْحَق,Al-Ḥaqq,Tier 1,1,اللَّه,Allāh,Tier 1,7,mid-verse,verse-final,Medinan,False,False,refrain_surah48_n3
48,الفتح,28,37,الْعَلِي,Al-'Alī,Tier 1,1,اللَّه,Allāh,Tier 1,5,mid-verse,verse-final,Medinan,False,False,refrain_surah48_n19
48,الفتح,29,1,اللَّه,Allāh,Tier 1,37,الْعَلِي,Al-'Alī,Tier 1,5,mid-verse,mid-verse,Medinan,False,False,refrain_surah48_n19
48,الفتح,29,37,الْعَلِي,Al-'Alī,Tier 1,1,اللَّه,Allāh,Tier 1,9,mid-verse,mid-verse,Medinan,False,False,refrain_surah48_n19
49,الحجرات,1,1,اللَّه,Allāh,Tier 1,27,السَّمِيع,Al-Samī',Tier 1,8,mid-verse,verse-final,Medinan,False,False,refrain_surah49_n3
49,الحجرات,1,1,اللَّه,Allāh,Tier 1,20,الْعَلِيم,Al-'Alīm,Tier 1,9,mid-verse,verse-final,Medinan,False,False,refrain_surah49_n8
49,الحجرات,1,1,اللَّه,Allāh,Tier 1,27,السَّمِيع,Al-Samī',Tier 1,4,mid-verse,verse-final,Medinan,False,False,refrain_surah49_n3
49,الحجرات,1,1,اللَّه,Allāh,Tier 1,20,الْعَلِيم,Al-'Alīm,Tier 1,5,mid-verse,verse-final,Medinan,False,False,refrain_surah49_n8
49,الحجرات,1,1,اللَّه,Allāh,Tier 1,27,السَّمِيع,Al-Samī',Tier 1,1,mid-verse,verse-final,Medinan,False,False,refrain_surah49_n3
49,الحجرات,1,1,اللَّه,Allāh,Tier 1,20,الْعَلِيم,Al-'Alīm,Tier 1,2,mid-verse,verse-final,Medinan,False,False,refrain_surah49_n8
49,الحجرات,1,27,السَّمِيع,Al-Samī',Tier 1,20,الْعَلِيم,Al-'Alīm,Tier 1,1,verse-final,verse-final,Medinan,False,False,
49,الحجرات,3,1,اللَّه,Allāh,Tier 1,34,الْعَظِيم,Al-'Aẓīm,Tier 1,7,mid-verse,verse-final,Medinan,False,False,
49,الحجرات,5,1,اللَّه,Allāh,Tier 1,35,الْغَفُور,Al-Ghafūr,Tier 1,1,mid-verse,verse-final,Medinan,False,False,refrain_surah49_n3
49,الحجرات,5,1,اللَّه,Allāh,Tier 1,3,الرَّحِيمِ,Al-Raḥīm,Tier 1,2,mid-verse,verse-final,Medinan,False,False,refrain_surah49_n4
49,الحجرات,5,35,الْغَفُور,Al-Ghafūr,Tier 1,3,الرَّحِيمِ,Al-Raḥīm,Tier 1,1,verse-final,verse-final,Medinan,False,False,
49,الحجرات,8,1,اللَّه,Allāh,Tier 1,20,الْعَلِيم,Al-'Alīm,Tier 1,4,mid-verse,verse-final,Medinan,False,False,refrain_surah49_n8
49,الحجرات,8,1,اللَّه,Allāh,Tier 1,47,الْحَكِيم,Al-Ḥakīm,Tier 1,5,mid-verse,verse-final,Medinan,False,False,
49,الحجرات,8,1,اللَّه,Allāh,Tier 1,20,الْعَلِيم,Al-'Alīm,Tier 1,1,mid-verse,verse-final,Medinan,False,False,refrain_surah49_n8
49,الحجرات,8,1,اللَّه,Allāh,Tier 1,47,الْحَكِيم,Al-Ḥakīm,Tier 1,2,mid-verse,verse-final,Medinan,False,False,
49,الحجرات,8,20,الْعَلِيم,Al-'Alīm,Tier 1,47,الْحَكِيم,Al-Ḥakīm,Tier 1,1,verse-final,verse-final,Medinan,False,False,
49,الحجرات,9,7,الْمُؤْمِن,Al-Mu'min,Tier 1,68,الْأَحَد,Al-Aḥad,Tier 1,7,mid-verse,mid-verse,Medinan,False,False,
49,الحجرات,9,7,الْمُؤْمِن,Al-Mu'min,Tier 1,37,الْعَلِي,Al-'Alī,Tier 1,8,mid-verse,mid-verse,Medinan,False,False,
49,الحجرات,9,68,الْأَحَد,Al-Aḥad,Tier 1,37,الْعَلِي,Al-'Alī,Tier 1,1,mid-verse,mid-verse,Medinan,False,False,
49,الحجرات,9,68,الْأَحَد,Al-Aḥad,Tier 1,1,اللَّه,Allāh,Tier 1,10,mid-verse,mid-verse,Medinan,False,False,
49,الحجرات,9,37,الْعَلِي,Al-'Alī,Tier 1,1,اللَّه,Allāh,Tier 1,9,mid-verse,mid-verse,Medinan,False,False,refrain_surah49_n3
49,الحجرات,9,1,اللَّه,Allāh,Tier 1,30,الْعَدْل,Al-'Adl,Tier 1,6,mid-verse,mid-verse,Medinan,False,False,
49,الحجرات,9,30,الْعَدْل,Al-'Adl,Tier 1,1,اللَّه,Allāh,Tier 1,4,mid-verse,mid-verse,Medinan,False,False,
49,الحجرات,9,30,الْعَدْل,Al-'Adl,Tier 1,87,الْمُقْسِط,Al-Muqsiṭ,Tier 1,6,mid-verse,verse-final,Medinan,False,False,
49,الحجرات,9,1,اللَّه,Allāh,Tier 1,87,الْمُقْسِط,Al-Muqsiṭ,Tier 1,2,mid-verse,verse-final,Medinan,False,False,
49,الحجرات,10,7,الْمُؤْمِن,Al-Mu'min,Tier 1,1,اللَّه,Allāh,Tier 1,7,verse-opening,mid-verse,Medinan,False,False,
49,الحجرات,12,68,الْأَحَد,Al-Aḥad,Tier 1,1,اللَّه,Allāh,Tier 1,9,mid-verse,mid-verse,Medinan,False,False,
49,الحجرات,12,1,اللَّه,Allāh,Tier 1,81,التَّوَّاب,Al-Tawwāb,Tier 1,4,mid-verse,verse-final,Medinan,False,False,
49,الحجرات,12,1,اللَّه,Allāh,Tier 1,3,الرَّحِيمِ,Al-Raḥīm,Tier 1,5,mid-verse,verse-final,Medinan,False,False,refrain_surah49_n4
49,الحجرات,12,1,اللَّه,Allāh,Tier 1,81,التَّوَّاب,Al-Tawwāb,Tier 1,1,mid-verse,verse-final,Medinan,False,False,
49,الحجرات,12,1,اللَّه,Allāh,Tier 1,3,الرَّحِيمِ,Al-Raḥīm,Tier 1,2,mid-verse,verse-final,Medinan,False,False,refrain_surah49_n4
49,الحجرات,12,81,التَّوَّاب,Al-Tawwāb,Tier 1,3,الرَّحِيمِ,Al-Raḥīm,Tier 1,1,verse-final,verse-final,Medinan,False,False,
49,الحجرات,13,1,اللَّه,Allāh,Tier 1,20,الْعَلِيم,Al-'Alīm,Tier 1,5,mid-verse,verse-final,Medinan,False,False,refrain_surah49_n8
49,الحجرات,13,1,اللَّه,Allāh,Tier 1,32,الْخَبِير,Al-Khabīr,Tier 1,6,mid-verse,verse-final,Medinan,False,False,
49,الحجرات,13,1,اللَّه,Allāh,Tier 1,20,الْعَلِيم,Al-'Alīm,Tier 1,1,mid-verse,verse-final,Medinan,False,False,refrain_surah49_n8
49,الحجرات,13,1,اللَّه,Allāh,Tier 1,32,الْخَبِير,Al-Khabīr,Tier 1,2,mid-verse,verse-final,Medinan,False,False,
49,الحجرات,13,20,الْعَلِيم,Al-'Alīm,Tier 1,32,الْخَبِير,Al-Khabīr,Tier 1,1,verse-final,verse-final,Medinan,False,False,
49,الحجرات,14,1,اللَّه,Allāh,Tier 1,35,الْغَفُور,Al-Ghafūr,Tier 1,10,mid-verse,verse-final,Medinan,False,False,refrain_surah49_n3
49,الحجرات,14,1,اللَّه,Allāh,Tier 1,35,الْغَفُور,Al-Ghafūr,Tier 1,1,mid-verse,verse-final,Medinan,False,False,refrain_surah49_n3
49,الحجرات,14,1,اللَّه,Allāh,Tier 1,3,الرَّحِيمِ,Al-Raḥīm,Tier 1,2,mid-verse,verse-final,Medinan,False,False,refrain_surah49_n4
49,الحجرات,14,35,الْغَفُور,Al-Ghafūr,Tier 1,3,الرَّحِيمِ,Al-Raḥīm,Tier 1,1,verse-final,verse-final,Medinan,False,False,
49,الحجرات,15,7,الْمُؤْمِن,Al-Mu'min,Tier 1,1,اللَّه,Allāh,Tier 1,3,verse-opening,mid-verse,Medinan,False,False,
49,الحجرات,16,1,اللَّه,Allāh,Tier 1,20,الْعَلِيم,Al-'Alīm,Tier 1,3,mid-verse,verse-final,Medinan,False,False,refrain_surah49_n8
49,الحجرات,17,37,الْعَلِي,Al-'Alī,Tier 1,1,اللَّه,Allāh,Tier 1,4,mid-verse,mid-verse,Medinan,False,False,refrain_surah49_n3
49,الحجرات,17,1,اللَّه,Allāh,Tier 1,37,الْعَلِي,Al-'Alī,Tier 1,2,mid-verse,mid-verse,Medinan,False,False,refrain_surah49_n3
49,الحجرات,18,1,اللَّه,Allāh,Tier 1,28,الْبَصِير,Al-Baṣīr,Tier 1,7,verse-opening,mid-verse,Medinan,False,False,
49,الحجرات,18,1,اللَّه,Allāh,Tier 1,28,الْبَصِير,Al-Baṣīr,Tier 1,1,mid-verse,mid-verse,Medinan,False,False,
51,الذاريات,30,47,الْحَكِيم,Al-Ḥakīm,Tier 1,20,الْعَلِيم,Al-'Alīm,Tier 1,1,verse-final,verse-final,Meccan,False,False,
51,الذاريات,58,1,اللَّه,Allāh,Tier 1,18,الرَّزَّاق,Al-Razzāq,Tier 1,2,verse-opening,mid-verse,Meccan,True,False,
51,الذاريات,58,1,اللَّه,Allāh,Tier 1,102,الرَّزَّاق,Al-Rāziq,Tier 2,2,verse-opening,mid-verse,Meccan,True,False,
51,الذاريات,58,1,اللَّه,Allāh,Tier 1,55,الْمَتِين,Al-Matīn,Tier 1,5,verse-opening,verse-final,Meccan,False,False,
51,الذاريات,58,18,الرَّزَّاق,Al-Razzāq,Tier 1,55,الْمَتِين,Al-Matīn,Tier 1,3,mid-verse,verse-final,Meccan,True,False,
51,الذاريات,58,102,الرَّزَّاق,Al-Rāziq,Tier 2,55,الْمَتِين,Al-Matīn,Tier 1,3,mid-verse,verse-final,Meccan,True,False,
52,الطور,27,1,اللَّه,Allāh,Tier 1,37,الْعَلِي,Al-'Alī,Tier 1,1,verse-opening,mid-verse,Meccan,False,False,
52,الطور,28,80,الْبَر,Al-Barr,Tier 1,3,الرَّحِيمِ,Al-Raḥīm,Tier 1,1,verse-final,verse-final,Meccan,False,False,
54,القمر,42,9,الْعَزِيز,Al-'Azīz,Tier 1,71,الْمُقْتَدِر,Al-Muqtadir,Tier 1,1,verse-final,verse-final,Meccan,True,False,
56,الواقعة,46,37,الْعَلِي,Al-'Alī,Tier 1,34,الْعَظِيم,Al-'Aẓīm,Tier 1,2,mid-verse,verse-final,Meccan,False,False,
57,الحديد,1,1,اللَّه,Allāh,Tier 1,9,الْعَزِيز,Al-'Azīz,Tier 1,7,verse-opening,verse-final,Medinan,True,False,refrain_surah57_n3
57,الحديد,1,1,اللَّه,Allāh,Tier 1,47,الْحَكِيم,Al-Ḥakīm,Tier 1,8,verse-opening,verse-final,Medinan,False,False,
57,الحديد,1,9,الْعَزِيز,Al-'Azīz,Tier 1,47,الْحَكِيم,Al-Ḥakīm,Tier 1,1,verse-final,verse-final,Medinan,True,False,
57,الحديد,3,74,الْأَوَّل,Al-Awwal,Tier 1,77,الْبَاطِن,Al-Bāṭin,Tier 1,3,verse-opening,mid-verse,Medinan,False,False,
57,الحديد,3,74,الْأَوَّل,Al-Awwal,Tier 1,20,الْعَلِيم,Al-'Alīm,Tier 1,8,verse-opening,verse-final,Medinan,False,False,
57,الحديد,3,77,الْبَاطِن,Al-Bāṭin,Tier 1,20,الْعَلِيم,Al-'Alīm,Tier 1,5,mid-verse,verse-final,Medinan,False,False,
57,الحديد,4,1,اللَّه,Allāh,Tier 1,28,الْبَصِير,Al-Baṣīr,Tier 1,3,mid-verse,verse-final,Medinan,False,False,
57,الحديد,5,78,الْوَالِي,Al-Wālī,Tier 1,1,اللَّه,Allāh,Tier 1,1,mid-verse,mid-verse,Medinan,False,False,
57,الحديد,9,37,الْعَلِي,Al-'Alī,Tier 1,94,النُّور,Al-Nūr,Tier 1,8,mid-verse,mid-verse,Medinan,False,False,
57,الحديد,9,94,النُّور,Al-Nūr,Tier 1,1,اللَّه,Allāh,Tier 1,3,mid-verse,mid-verse,Medinan,False,False,
57,الحديد,9,94,النُّور,Al-Nūr,Tier 1,3,الرَّحِيمِ,Al-Raḥīm,Tier 1,6,mid-verse,verse-final,Medinan,False,False,
57,الحديد,9,1,اللَّه,Allāh,Tier 1,3,الرَّحِيمِ,Al-Raḥīm,Tier 1,3,mid-verse,verse-final,Medinan,False,False,
57,الحديد,10,1,اللَّه,Allāh,Tier 1,32,الْخَبِير,Al-Khabīr,Tier 1,6,mid-verse,verse-final,Medinan,False,False,
57,الحديد,10,1,اللَّه,Allāh,Tier 1,32,الْخَبِير,Al-Khabīr,Tier 1,3,mid-verse,verse-final,Medinan,False,False,
57,الحديد,11,1,اللَّه,Allāh,Tier 1,43,الْكَرِيم,Al-Karīm,Tier 1,7,mid-verse,verse-final,Medinan,False,False,
57,الحديد,12,7,الْمُؤْمِن,Al-Mu'min,Tier 1,94,النُّور,Al-Nūr,Tier 1,3,mid-verse,mid-verse,Medinan,False,False,
57,الحديد,16,1,اللَّه,Allāh,Tier 1,52,الْحَق,Al-Ḥaqq,Tier 1,4,mid-verse,mid-verse,Medinan,False,False,
57,الحديد,16,52,الْحَق,Al-Ḥaqq,Tier 1,37,الْعَلِي,Al-'Alī,Tier 1,9,mid-verse,mid-verse,Medinan,False,False,
57,الحديد,18,1,اللَّه,Allāh,Tier 1,43,الْكَرِيم,Al-Karīm,Tier 1,7,mid-verse,verse-final,Medinan,False,False,
57,الحديد,21,1,اللَّه,Allāh,Tier 1,34,الْعَظِيم,Al-'Aẓīm,Tier 1,8,mid-verse,verse-final,Medinan,False,False,refrain_surah57_n4
57,الحديد,21,1,اللَّه,Allāh,Tier 1,34,الْعَظِيم,Al-'Aẓīm,Tier 1,3,mid-verse,verse-final,Medinan,False,False,refrain_surah57_n4
57,الحديد,22,37,الْعَلِي,Al-'Alī,Tier 1,1,اللَّه,Allāh,Tier 1,1,mid-verse,verse-final,Medinan,False,False,refrain_surah57_n5
57,الحديد,23,37,الْعَلِي,Al-'Alī,Tier 1,1,اللَّه,Allāh,Tier 1,8,mid-verse,mid-verse,Medinan,False,False,refrain_surah57_n5
57,الحديد,24,1,اللَّه,Allāh,Tier 1,89,الْغَنِي,Al-Ghanī,Tier 1,2,mid-verse,verse-final,Medinan,False,False,
57,الحديد,24,1,اللَّه,Allāh,Tier 1,57,الْحَمِيد,Al-Ḥamīd,Tier 1,3,mid-verse,verse-final,Medinan,False,False,
57,الحديد,24,89,الْغَنِي,Al-Ghanī,Tier 1,57,الْحَمِيد,Al-Ḥamīd,Tier 1,1,verse-final,verse-final,Medinan,False,False,
57,الحديد,25,1,اللَّه,Allāh,Tier 1,54,الْقَوِي,Al-Qawī,Tier 1,8,mid-verse,verse-final,Medinan,False,False,
57,الحديد,25,1,اللَّه,Allāh,Tier 1,9,الْعَزِيز,Al-'Azīz,Tier 1,9,mid-verse,verse-final,Medinan,True,False,refrain_surah57_n3
57,الحديد,25,1,اللَّه,Allāh,Tier 1,54,الْقَوِي,Al-Qawī,Tier 1,1,mid-verse,verse-final,Medinan,False,False,
57,الحديد,25,1,اللَّه,Allāh,Tier 1,9,الْعَزِيز,Al-'Azīz,Tier 1,2,mid-verse,verse-final,Medinan,True,False,refrain_surah57_n3
57,الحديد,25,54,الْقَوِي,Al-Qawī,Tier 1,9,الْعَزِيز,Al-'Azīz,Tier 1,1,verse-final,verse-final,Medinan,True,False,
57,الحديد,27,37,الْعَلِي,Al-'Alī,Tier 1,1,اللَّه,Allāh,Tier 1,4,mid-verse,mid-verse,Medinan,False,False,refrain_surah57_n5
57,الحديد,27,37,الْعَلِي,Al-'Alī,Tier 1,52,الْحَق,Al-Ḥaqq,Tier 1,7,mid-verse,mid-verse,Medinan,False,False,
57,الحديد,27,1,اللَّه,Allāh,Tier 1,52,الْحَق,Al-Ḥaqq,Tier 1,3,mid-verse,mid-verse,Medinan,False,False,
57,الحديد,28,1,اللَّه,Allāh,Tier 1,35,الْغَفُور,Al-Ghafūr,Tier 1,1,mid-verse,verse-final,Medinan,False,False,
57,الحديد,28,1,اللَّه,Allāh,Tier 1,3,الرَّحِيمِ,Al-Raḥīm,Tier 1,2,mid-verse,verse-final,Medinan,False,False,
57,الحديد,28,35,الْغَفُور,Al-Ghafūr,Tier 1,3,الرَّحِيمِ,Al-Raḥīm,Tier 1,1,verse-final,verse-final,Medinan,False,False,
57,الحديد,29,37,الْعَلِي,Al-'Alī,Tier 1,1,اللَّه,Allāh,Tier 1,4,mid-verse,mid-verse,Medinan,False,False,refrain_surah57_n5
57,الحديد,29,37,الْعَلِي,Al-'Alī,Tier 1,1,اللَّه,Allāh,Tier 1,9,mid-verse,mid-verse,Medinan,False,False,refrain_surah57_n5
57,الحديد,29,1,اللَّه,Allāh,Tier 1,34,الْعَظِيم,Al-'Aẓīm,Tier 1,8,mid-verse,verse-final,Medinan,False,False,refrain_surah57_n4
57,الحديد,29,1,اللَّه,Allāh,Tier 1,34,الْعَظِيم,Al-'Aẓīm,Tier 1,3,mid-verse,verse-final,Medinan,False,False,refrain_surah57_n4
58,المجادلة,1,1,اللَّه,Allāh,Tier 1,27,السَّمِيع,Al-Samī',Tier 1,7,mid-verse,verse-final,Medinan,False,False,refrain_surah58_n3
58,المجادلة,1,1,اللَّه,Allāh,Tier 1,28,الْبَصِير,Al-Baṣīr,Tier 1,8,mid-verse,verse-final,Medinan,False,False,refrain_surah58_n3
58,المجادلة,1,1,اللَّه,Allāh,Tier 1,27,السَّمِيع,Al-Samī',Tier 1,6,mid-verse,verse-final,Medinan,False,False,refrain_surah58_n3
58,المجادلة,1,1,اللَّه,Allāh,Tier 1,28,الْبَصِير,Al-Baṣīr,Tier 1,7,mid-verse,verse-final,Medinan,False,False,refrain_surah58_n3
58,المجادلة,1,1,اللَّه,Allāh,Tier 1,27,السَّمِيع,Al-Samī',Tier 1,1,mid-verse,verse-final,Medinan,False,False,refrain_surah58_n3
58,المجادلة,1,1,اللَّه,Allāh,Tier 1,28,الْبَصِير,Al-Baṣīr,Tier 1,2,mid-verse,verse-final,Medinan,False,False,refrain_surah58_n3
58,المجادلة,1,27,السَّمِيع,Al-Samī',Tier 1,28,الْبَصِير,Al-Baṣīr,Tier 1,1,verse-final,verse-final,Medinan,False,False,
58,المجادلة,2,1,اللَّه,Allāh,Tier 1,83,الْعَفُو,Al-'Afūw,Tier 1,1,mid-verse,verse-final,Medinan,False,False,
58,المجادلة,2,1,اللَّه,Allāh,Tier 1,35,الْغَفُور,Al-Ghafūr,Tier 1,2,mid-verse,verse-final,Medinan,False,False,
58,المجادلة,2,83,الْعَفُو,Al-'Afūw,Tier 1,35,الْغَفُور,Al-Ghafūr,Tier 1,1,verse-final,verse-final,Medinan,False,False,
58,المجادلة,3,1,اللَّه,Allāh,Tier 1,32,الْخَبِير,Al-Khabīr,Tier 1,3,mid-verse,verse-final,Medinan,False,False,refrain_surah58_n4
58,المجادلة,6,1,اللَّه,Allāh,Tier 1,37,الْعَلِي,Al-'Alī,Tier 1,4,mid-verse,mid-verse,Medinan,False,False,refrain_surah58_n9
58,المجادلة,6,1,اللَّه,Allāh,Tier 1,51,الشَّهِيد,Al-Shahīd,Tier 1,7,mid-verse,verse-final,Medinan,False,False,
58,المجادلة,6,1,اللَّه,Allāh,Tier 1,37,الْعَلِي,Al-'Alī,Tier 1,1,mid-verse,mid-verse,Medinan,False,False,refrain_surah58_n9
58,المجادلة,6,1,اللَّه,Allāh,Tier 1,51,الشَّهِيد,Al-Shahīd,Tier 1,4,mid-verse,verse-final,Medinan,False,False,
58,المجادلة,6,37,الْعَلِي,Al-'Alī,Tier 1,51,الشَّهِيد,Al-Shahīd,Tier 1,3,mid-verse,verse-final,Medinan,False,False,
58,المجادلة,7,1,اللَّه,Allāh,Tier 1,20,الْعَلِيم,Al-'Alīm,Tier 1,3,mid-verse,verse-final,Medinan,False,False,
58,المجادلة,9,80,الْبَر,Al-Barr,Tier 1,1,اللَّه,Allāh,Tier 1,4,mid-verse,mid-verse,Medinan,False,False,
58,المجادلة,10,1,اللَّه,Allāh,Tier 1,7,الْمُؤْمِن,Al-Mu'min,Tier 1,5,mid-verse,verse-final,Medinan,False,False,
58,المجادلة,10,1,اللَّه,Allāh,Tier 1,7,الْمُؤْمِن,Al-Mu'min,Tier 1,2,mid-verse,verse-final,Medinan,False,False,
58,المجادلة,11,1,اللَّه,Allāh,Tier 1,32,الْخَبِير,Al-Khabīr,Tier 1,3,mid-verse,verse-final,Medinan,False,False,refrain_surah58_n4
58,المجادلة,12,1,اللَّه,Allāh,Tier 1,35,الْغَفُور,Al-Ghafūr,Tier 1,1,mid-verse,verse-final,Medinan,False,False,
58,المجادلة,12,1,اللَّه,Allāh,Tier 1,3,الرَّحِيمِ,Al-Raḥīm,Tier 1,2,mid-verse,verse-final,Medinan,False,False,
58,المجادلة,12,35,الْغَفُور,Al-Ghafūr,Tier 1,3,الرَّحِيمِ,Al-Raḥīm,Tier 1,1,verse-final,verse-final,Medinan,False,False,
58,المجادلة,13,1,اللَّه,Allāh,Tier 1,37,الْعَلِي,Al-'Alī,Tier 1,1,mid-verse,mid-verse,Medinan,False,False,refrain_surah58_n9
58,المجادلة,13,37,الْعَلِي,Al-'Alī,Tier 1,1,اللَّه,Allāh,Tier 1,6,mid-verse,mid-verse,Medinan,False,False,refrain_surah58_n9
58,المجادلة,13,37,الْعَلِي,Al-'Alī,Tier 1,1,اللَّه,Allāh,Tier 1,9,mid-verse,mid-verse,Medinan,False,False,refrain_surah58_n9
58,المجادلة,13,37,الْعَلِي,Al-'Alī,Tier 1,32,الْخَبِير,Al-Khabīr,Tier 1,10,mid-verse,mid-verse,Medinan,False,False,
58,المجادلة,13,1,اللَّه,Allāh,Tier 1,32,الْخَبِير,Al-Khabīr,Tier 1,4,mid-verse,mid-verse,Medinan,False,False,refrain_surah58_n4
58,المجادلة,13,1,اللَّه,Allāh,Tier 1,32,الْخَبِير,Al-Khabīr,Tier 1,1,mid-verse,mid-verse,Medinan,False,False,refrain_surah58_n4
58,المجادلة,14,1,اللَّه,Allāh,Tier 1,37,الْعَلِي,Al-'Alī,Tier 1,1,mid-verse,mid-verse,Medinan,False,False,refrain_surah58_n9
58,المجادلة,14,1,اللَّه,Allāh,Tier 1,37,الْعَلِي,Al-'Alī,Tier 1,8,mid-verse,mid-verse,Medinan,False,False,refrain_surah58_n9
58,المجادلة,18,1,اللَّه,Allāh,Tier 1,37,الْعَلِي,Al-'Alī,Tier 1,10,mid-verse,mid-verse,Medinan,False,False,refrain_surah58_n9
58,المجادلة,19,37,الْعَلِي,Al-'Alī,Tier 1,1,اللَّه,Allāh,Tier 1,4,verse-opening,mid-verse,Medinan,False,False,refrain_surah58_n9
58,المجادلة,21,1,اللَّه,Allāh,Tier 1,54,الْقَوِي,Al-Qawī,Tier 1,7,verse-opening,verse-final,Medinan,False,False,
58,المجادلة,21,1,اللَّه,Allāh,Tier 1,9,الْعَزِيز,Al-'Azīz,Tier 1,8,verse-opening,verse-final,Medinan,True,False,
58,المجادلة,21,1,اللَّه,Allāh,Tier 1,54,الْقَوِي,Al-Qawī,Tier 1,1,mid-verse,verse-final,Medinan,False,False,
58,المجادلة,21,1,اللَّه,Allāh,Tier 1,9,الْعَزِيز,Al-'Azīz,Tier 1,2,mid-verse,verse-final,Medinan,True,False,
58,المجادلة,21,54,الْقَوِي,Al-Qawī,Tier 1,9,الْعَزِيز,Al-'Azīz,Tier 1,1,verse-final,verse-final,Medinan,True,False,
59,الحشر,1,1,اللَّه,Allāh,Tier 1,9,الْعَزِيز,Al-'Azīz,Tier 1,9,verse-opening,verse-final,Medinan,True,False,
59,الحشر,1,1,اللَّه,Allāh,Tier 1,47,الْحَكِيم,Al-Ḥakīm,Tier 1,10,verse-opening,verse-final,Medinan,False,False,
59,الحشر,1,9,الْعَزِيز,Al-'Azīz,Tier 1,47,الْحَكِيم,Al-Ḥakīm,Tier 1,1,verse-final,verse-final,Medinan,True,False,
59,الحشر,2,74,الْأَوَّل,Al-Awwal,Tier 1,91,الْمَانِع,Al-Māni',Tier 1,10,mid-verse,mid-verse,Medinan,False,False,
59,الحشر,2,91,الْمَانِع,Al-Māni',Tier 1,1,اللَّه,Allāh,Tier 1,3,mid-verse,mid-verse,Medinan,False,False,
59,الحشر,2,91,الْمَانِع,Al-Māni',Tier 1,1,اللَّه,Allāh,Tier 1,5,mid-verse,mid-verse,Medinan,False,False,
59,الحشر,3,1,اللَّه,Allāh,Tier 1,37,الْعَلِي,Al-'Alī,Tier 1,1,mid-verse,mid-verse,Medinan,False,False,refrain_surah59_n9
59,الحشر,5,37,الْعَلِي,Al-'Alī,Tier 1,1,اللَّه,Allāh,Tier 1,3,mid-verse,mid-verse,Medinan,False,False,refrain_surah59_n9
59,الحشر,6,1,اللَّه,Allāh,Tier 1,37,الْعَلِي,Al-'Alī,Tier 1,1,mid-verse,mid-verse,Medinan,False,False,refrain_surah59_n9
59,الحشر,6,1,اللَّه,Allāh,Tier 1,37,الْعَلِي,Al-'Alī,Tier 1,3,mid-verse,mid-verse,Medinan,False,False,refrain_surah59_n9
59,الحشر,6,1,اللَّه,Allāh,Tier 1,37,الْعَلِي,Al-'Alī,Tier 1,8,mid-verse,mid-verse,Medinan,False,False,refrain_surah59_n9
59,الحشر,6,37,الْعَلِي,Al-'Alī,Tier 1,1,اللَّه,Allāh,Tier 1,4,mid-verse,mid-verse,Medinan,False,False,refrain_surah59_n9
59,الحشر,6,1,اللَّه,Allāh,Tier 1,37,الْعَلِي,Al-'Alī,Tier 1,1,mid-verse,mid-verse,Medinan,False,False,refrain_surah59_n9
59,الحشر,7,1,اللَّه,Allāh,Tier 1,37,الْعَلِي,Al-'Alī,Tier 1,1,mid-verse,mid-verse,Medinan,False,False,refrain_surah59_n9
59,الحشر,10,84,الرَّءُوف,Al-Ra'ūf,Tier 1,3,الرَّحِيمِ,Al-Raḥīm,Tier 1,1,verse-final,verse-final,Medinan,False,False,
59,الحشر,11,68,الْأَحَد,Al-Aḥad,Tier 1,1,اللَّه,Allāh,Tier 1,5,mid-verse,mid-verse,Medinan,False,False,
59,الحشر,18,1,اللَّه,Allāh,Tier 1,32,الْخَبِير,Al-Khabīr,Tier 1,4,mid-verse,mid-verse,Medinan,False,False,
59,الحشر,18,1,اللَّه,Allāh,Tier 1,32,الْخَبِير,Al-Khabīr,Tier 1,1,mid-verse,mid-verse,Medinan,False,False,
59,الحشر,21,37,الْعَلِي,Al-'Alī,Tier 1,1,اللَّه,Allāh,Tier 1,7,mid-verse,mid-verse,Medinan,False,False,refrain_surah59_n9
59,الحشر,22,2,الرَّحْمَٰن,Al-Raḥmān,Tier 1,3,الرَّحِيمِ,Al-Raḥīm,Tier 1,1,verse-final,verse-final,Medinan,False,False,
59,الحشر,23,1,اللَّه,Allāh,Tier 1,4,الْمَلِك,Al-Malik,Tier 1,6,verse-opening,mid-verse,Medinan,False,False,
59,الحشر,23,1,اللَّه,Allāh,Tier 1,5,الْقُدُّوس,Al-Quddūs,Tier 1,7,verse-opening,mid-verse,Medinan,False,False,
59,الحشر,23,1,اللَّه,Allāh,Tier 1,7,الْمُؤْمِن,Al-Mu'min,Tier 1,9,verse-opening,mid-verse,Medinan,False,False,
59,الحشر,23,1,اللَّه,Allāh,Tier 1,8,الْمُهَيْمِن,Al-Muhaymin,Tier 1,10,verse-opening,mid-verse,Medinan,False,False,
59,الحشر,23,4,الْمَلِك,Al-Malik,Tier 1,5,الْقُدُّوس,Al-Quddūs,Tier 1,1,mid-verse,mid-verse,Medinan,False,False,
59,الحشر,23,4,الْمَلِك,Al-Malik,Tier 1,7,الْمُؤْمِن,Al-Mu'min,Tier 1,3,mid-verse,mid-verse,Medinan,False,False,
59,الحشر,23,4,الْمَلِك,Al-Malik,Tier 1,8,الْمُهَيْمِن,Al-Muhaymin,Tier 1,4,mid-verse,mid-verse,Medinan,False,False,
59,الحشر,23,4,الْمَلِك,Al-Malik,Tier 1,9,الْعَزِيز,Al-'Azīz,Tier 1,5,mid-verse,mid-verse,Medinan,True,False,
59,الحشر,23,4,الْمَلِك,Al-Malik,Tier 1,10,الْجَبَّار,Al-Jabbār,Tier 1,6,mid-verse,mid-verse,Medinan,False,False,
59,الحشر,23,4,الْمَلِك,Al-Malik,Tier 1,11,الْمُتَكَبِّر,Al-Mutakabbir,Tier 1,7,mid-verse,mid-verse,Medinan,False,False,
59,الحشر,23,4,الْمَلِك,Al-Malik,Tier 1,1,اللَّه,Allāh,Tier 1,10,mid-verse,mid-verse,Medinan,False,False,
59,الحشر,23,5,الْقُدُّوس,Al-Quddūs,Tier 1,7,الْمُؤْمِن,Al-Mu'min,Tier 1,2,mid-verse,mid-verse,Medinan,False,False,
59,الحشر,23,5,الْقُدُّوس,Al-Quddūs,Tier 1,8,الْمُهَيْمِن,Al-Muhaymin,Tier 1,3,mid-verse,mid-verse,Medinan,False,False,
59,الحشر,23,5,الْقُدُّوس,Al-Quddūs,Tier 1,9,الْعَزِيز,Al-'Azīz,Tier 1,4,mid-verse,mid-verse,Medinan,True,False,
59,الحشر,23,5,الْقُدُّوس,Al-Quddūs,Tier 1,10,الْجَبَّار,Al-Jabbār,Tier 1,5,mid-verse,mid-verse,Medinan,False,False,
59,الحشر,23,5,الْقُدُّوس,Al-Quddūs,Tier 1,11,الْمُتَكَبِّر,Al-Mutakabbir,Tier 1,6,mid-verse,mid-verse,Medinan,False,False,
59,الحشر,23,5,الْقُدُّوس,Al-Quddūs,Tier 1,1,اللَّه,Allāh,Tier 1,9,mid-verse,mid-verse,Medinan,False,False,
59,الحشر,23,7,الْمُؤْمِن,Al-Mu'min,Tier 1,8,الْمُهَيْمِن,Al-Muhaymin,Tier 1,1,mid-verse,mid-verse,Medinan,False,False,
59,الحشر,23,7,الْمُؤْمِن,Al-Mu'min,Tier 1,9,الْعَزِيز,Al-'Azīz,Tier 1,2,mid-verse,mid-verse,Medinan,True,False,
59,الحشر,23,7,الْمُؤْمِن,Al-Mu'min,Tier 1,10,الْجَبَّار,Al-Jabbār,Tier 1,3,mid-verse,mid-verse,Medinan,False,False,
59,الحشر,23,7,الْمُؤْمِن,Al-Mu'min,Tier 1,11,الْمُتَكَبِّر,Al-Mutakabbir,Tier 1,4,mid-verse,mid-verse,Medinan,False,False,
59,الحشر,23,7,الْمُؤْمِن,Al-Mu'min,Tier 1,1,اللَّه,Allāh,Tier 1,7,mid-verse,mid-verse,Medinan,False,False,
59,الحشر,23,8,الْمُهَيْمِن,Al-Muhaymin,Tier 1,9,الْعَزِيز,Al-'Azīz,Tier 1,1,mid-verse,mid-verse,Medinan,True,False,
59,الحشر,23,8,الْمُهَيْمِن,Al-Muhaymin,Tier 1,10,الْجَبَّار,Al-Jabbār,Tier 1,2,mid-verse,mid-verse,Medinan,False,False,
59,الحشر,23,8,الْمُهَيْمِن,Al-Muhaymin,Tier 1,11,الْمُتَكَبِّر,Al-Mutakabbir,Tier 1,3,mid-verse,mid-verse,Medinan,False,False,
59,الحشر,23,8,الْمُهَيْمِن,Al-Muhaymin,Tier 1,1,اللَّه,Allāh,Tier 1,6,mid-verse,mid-verse,Medinan,False,False,
59,الحشر,23,9,الْعَزِيز,Al-'Azīz,Tier 1,10,الْجَبَّار,Al-Jabbār,Tier 1,1,mid-verse,mid-verse,Medinan,True,False,
59,الحشر,23,9,الْعَزِيز,Al-'Azīz,Tier 1,11,الْمُتَكَبِّر,Al-Mutakabbir,Tier 1,2,mid-verse,mid-verse,Medinan,True,False,
59,الحشر,23,9,الْعَزِيز,Al-'Azīz,Tier 1,1,اللَّه,Allāh,Tier 1,5,mid-verse,mid-verse,Medinan,True,False,
59,الحشر,23,10,الْجَبَّار,Al-Jabbār,Tier 1,11,الْمُتَكَبِّر,Al-Mutakabbir,Tier 1,1,mid-verse,mid-verse,Medinan,False,False,
59,الحشر,23,10,الْجَبَّار,Al-Jabbār,Tier 1,1,اللَّه,Allāh,Tier 1,4,mid-verse,mid-verse,Medinan,False,False,
59,الحشر,23,11,الْمُتَكَبِّر,Al-Mutakabbir,Tier 1,1,اللَّه,Allāh,Tier 1,3,mid-verse,mid-verse,Medinan,False,False,
59,الحشر,24,1,اللَّه,Allāh,Tier 1,13,الْبَارِئ,Al-Bāri',Tier 1,2,verse-opening,mid-verse,Medinan,False,False,
59,الحشر,24,1,اللَّه,Allāh,Tier 1,14,الْمُصَوِّر,Al-Muṣawwir,Tier 1,3,verse-opening,mid-verse,Medinan,False,False,
59,الحشر,24,13,الْبَارِئ,Al-Bāri',Tier 1,14,الْمُصَوِّر,Al-Muṣawwir,Tier 1,1,mid-verse,mid-verse,Medinan,False,False,
59,الحشر,24,9,الْعَزِيز,Al-'Azīz,Tier 1,47,الْحَكِيم,Al-Ḥakīm,Tier 1,1,verse-final,verse-final,Medinan,True,False,
60,الممتحنة,1,52,الْحَق,Al-Ḥaqq,Tier 1,1,اللَّه,Allāh,Tier 1,7,mid-verse,mid-verse,Medinan,False,False,
60,الممتحنة,3,1,اللَّه,Allāh,Tier 1,28,الْبَصِير,Al-Baṣīr,Tier 1,3,mid-verse,verse-final,Medinan,False,False,
60,الممتحنة,4,1,اللَّه,Allāh,Tier 1,37,الْعَلِي,Al-'Alī,Tier 1,5,mid-verse,mid-verse,Medinan,False,False,refrain_surah60_n4
60,الممتحنة,4,1,اللَّه,Allāh,Tier 1,78,الْوَالِي,Al-Wālī,Tier 1,7,mid-verse,mid-verse,Medinan,False,False,
60,الممتحنة,4,1,اللَّه,Allāh,Tier 1,78,الْوَالِي,Al-Wālī,Tier 1,9,mid-verse,verse-final,Medinan,False,False,
60,الممتحنة,4,37,الْعَلِي,Al-'Alī,Tier 1,78,الْوَالِي,Al-Wālī,Tier 1,2,mid-verse,mid-verse,Medinan,False,False,
60,الممتحنة,4,37,الْعَلِي,Al-'Alī,Tier 1,78,الْوَالِي,Al-Wālī,Tier 1,4,mid-verse,verse-final,Medinan,False,False,
60,الممتحنة,5,9,الْعَزِيز,Al-'Azīz,Tier 1,47,الْحَكِيم,Al-Ḥakīm,Tier 1,1,verse-final,verse-final,Medinan,True,False,
60,الممتحنة,6,1,اللَّه,Allāh,Tier 1,89,الْغَنِي,Al-Ghanī,Tier 1,9,mid-verse,verse-final,Medinan,False,False,
60,الممتحنة,6,1,اللَّه,Allāh,Tier 1,57,الْحَمِيد,Al-Ḥamīd,Tier 1,10,mid-verse,verse-final,Medinan,False,False,
60,الممتحنة,6,1,اللَّه,Allāh,Tier 1,89,الْغَنِي,Al-Ghanī,Tier 1,2,mid-verse,verse-final,Medinan,False,False,
60,الممتحنة,6,1,اللَّه,Allāh,Tier 1,57,الْحَمِيد,Al-Ḥamīd,Tier 1,3,mid-verse,verse-final,Medinan,False,False,
60,الممتحنة,6,89,الْغَنِي,Al-Ghanī,Tier 1,57,الْحَمِيد,Al-Ḥamīd,Tier 1,1,verse-final,verse-final,Medinan,False,False,
60,الممتحنة,7,1,اللَّه,Allāh,Tier 1,35,الْغَفُور,Al-Ghafūr,Tier 1,4,mid-verse,verse-final,Medinan,False,False,refrain_surah60_n4
60,الممتحنة,7,1,اللَّه,Allāh,Tier 1,3,الرَّحِيمِ,Al-Raḥīm,Tier 1,5,mid-verse,verse-final,Medinan,False,False,refrain_surah60_n4
60,الممتحنة,7,1,اللَّه,Allāh,Tier 1,35,الْغَفُور,Al-Ghafūr,Tier 1,1,mid-verse,verse-final,Medinan,False,False,refrain_surah60_n4
60,الممتحنة,7,1,اللَّه,Allāh,Tier 1,3,الرَّحِيمِ,Al-Raḥīm,Tier 1,2,mid-verse,verse-final,Medinan,False,False,refrain_surah60_n4
60,الممتحنة,7,35,الْغَفُور,Al-Ghafūr,Tier 1,3,الرَّحِيمِ,Al-Raḥīm,Tier 1,1,verse-final,verse-final,Medinan,False,False,
60,الممتحنة,8,1,اللَّه,Allāh,Tier 1,87,الْمُقْسِط,Al-Muqsiṭ,Tier 1,2,mid-verse,verse-final,Medinan,False,False,
60,الممتحنة,9,1,اللَّه,Allāh,Tier 1,37,الْعَلِي,Al-'Alī,Tier 1,10,mid-verse,mid-verse,Medinan,False,False,refrain_surah60_n4
60,الممتحنة,10,29,الْحَكَم,Al-Ḥakam,Tier 1,1,اللَّه,Allāh,Tier 1,1,mid-verse,mid-verse,Medinan,False,False,
60,الممتحنة,10,29,الْحَكَم,Al-Ḥakam,Tier 1,1,اللَّه,Allāh,Tier 1,6,mid-verse,mid-verse,Medinan,False,False,
60,الممتحنة,10,29,الْحَكَم,Al-Ḥakam,Tier 1,20,الْعَلِيم,Al-'Alīm,Tier 1,7,mid-verse,verse-final,Medinan,False,False,
60,الممتحنة,10,29,الْحَكَم,Al-Ḥakam,Tier 1,47,الْحَكِيم,Al-Ḥakīm,Tier 1,8,mid-verse,verse-final,Medinan,False,False,
60,الممتحنة,10,1,اللَّه,Allāh,Tier 1,20,الْعَلِيم,Al-'Alīm,Tier 1,6,mid-verse,verse-final,Medinan,False,False,
60,الممتحنة,10,1,اللَّه,Allāh,Tier 1,47,الْحَكِيم,Al-Ḥakīm,Tier 1,7,mid-verse,verse-final,Medinan,False,False,
60,الممتحنة,10,1,اللَّه,Allāh,Tier 1,20,الْعَلِيم,Al-'Alīm,Tier 1,1,mid-verse,verse-final,Medinan,False,False,
60,الممتحنة,10,1,اللَّه,Allāh,Tier 1,47,الْحَكِيم,Al-Ḥakīm,Tier 1,2,mid-verse,verse-final,Medinan,False,False,
60,الممتحنة,10,20,الْعَلِيم,Al-'Alīm,Tier 1,47,الْحَكِيم,Al-Ḥakīm,Tier 1,1,verse-final,verse-final,Medinan,False,False,
60,الممتحنة,11,1,اللَّه,Allāh,Tier 1,7,الْمُؤْمِن,Al-Mu'min,Tier 1,4,mid-verse,verse-final,Medinan,False,False,
60,الممتحنة,12,37,الْعَلِي,Al-'Alī,Tier 1,1,اللَّه,Allāh,Tier 1,4,mid-verse,mid-verse,Medinan,False,False,refrain_surah60_n4
60,الممتحنة,12,1,اللَّه,Allāh,Tier 1,35,الْغَفُور,Al-Ghafūr,Tier 1,4,mid-verse,verse-final,Medinan,False,False,refrain_surah60_n4
60,الممتحنة,12,1,اللَّه,Allāh,Tier 1,3,الرَّحِيمِ,Al-Raḥīm,Tier 1,5,mid-verse,verse-final,Medinan,False,False,refrain_surah60_n4
60,الممتحنة,12,1,اللَّه,Allāh,Tier 1,35,الْغَفُور,Al-Ghafūr,Tier 1,1,mid-verse,verse-final,Medinan,False,False,refrain_surah60_n4
60,الممتحنة,12,1,اللَّه,Allāh,Tier 1,3,الرَّحِيمِ,Al-Raḥīm,Tier 1,2,mid-verse,verse-final,Medinan,False,False,refrain_surah60_n4
60,الممتحنة,12,35,الْغَفُور,Al-Ghafūr,Tier 1,3,الرَّحِيمِ,Al-Raḥīm,Tier 1,1,verse-final,verse-final,Medinan,False,False,
60,الممتحنة,13,1,اللَّه,Allāh,Tier 1,37,الْعَلِي,Al-'Alī,Tier 1,1,mid-verse,mid-verse,Medinan,False,False,refrain_surah60_n4
61,الصف,1,1,اللَّه,Allāh,Tier 1,9,الْعَزِيز,Al-'Azīz,Tier 1,9,verse-opening,verse-final,Medinan,True,False,
61,الصف,1,1,اللَّه,Allāh,Tier 1,47,الْحَكِيم,Al-Ḥakīm,Tier 1,10,verse-opening,verse-final,Medinan,False,False,
61,الصف,1,9,الْعَزِيز,Al-'Azīz,Tier 1,47,الْحَكِيم,Al-Ḥakīm,Tier 1,1,verse-final,verse-final,Medinan,True,False,
61,الصف,7,37,الْعَلِي,Al-'Alī,Tier 1,1,اللَّه,Allāh,Tier 1,1,mid-verse,mid-verse,Medinan,False,False,
61,الصف,7,37,الْعَلِي,Al-'Alī,Tier 1,1,اللَّه,Allāh,Tier 1,8,mid-verse,mid-verse,Medinan,False,False,
61,الصف,8,94,النُّور,Al-Nūr,Tier 1,1,اللَّه,Allāh,Tier 1,1,mid-verse,mid-verse,Medinan,False,False,
61,الصف,8,94,النُّور,Al-Nūr,Tier 1,1,اللَّه,Allāh,Tier 1,3,mid-verse,mid-verse,Medinan,False,False,
61,الصف,9,52,الْحَق,Al-Ḥaqq,Tier 1,37,الْعَلِي,Al-'Alī,Tier 1,2,mid-verse,mid-verse,Medinan,False,False,
61,الصف,13,75,الْآخِر,Al-Ākhir,Tier 1,1,اللَّه,Allāh,Tier 1,5,verse-opening,mid-verse,Medinan,False,False,
61,الصف,13,75,الْآخِر,Al-Ākhir,Tier 1,7,الْمُؤْمِن,Al-Mu'min,Tier 1,10,verse-opening,verse-final,Medinan,False,False,
61,الصف,13,1,اللَّه,Allāh,Tier 1,7,الْمُؤْمِن,Al-Mu'min,Tier 1,5,mid-verse,verse-final,Medinan,False,False,
62,الجمعة,1,1,اللَّه,Allāh,Tier 1,4,الْمَلِك,Al-Malik,Tier 1,7,verse-opening,mid-verse,Medinan,False,False,
62,الجمعة,1,1,اللَّه,Allāh,Tier 1,5,الْقُدُّوس,Al-Quddūs,Tier 1,8,verse-opening,mid-verse,Medinan,False,False,
62,الجمعة,1,1,اللَّه,Allāh,Tier 1,9,الْعَزِيز,Al-'Azīz,Tier 1,9,verse-opening,verse-final,Medinan,True,False,
62,الجمعة,1,1,اللَّه,Allāh,Tier 1,47,الْحَكِيم,Al-Ḥakīm,Tier 1,10,verse-opening,verse-final,Medinan,False,False,
62,الجمعة,1,4,الْمَلِك,Al-Malik,Tier 1,5,الْقُدُّوس,Al-Quddūs,Tier 1,1,mid-verse,mid-verse,Medinan,False,False,
62,الجمعة,1,4,الْمَلِك,Al-Malik,Tier 1,9,الْعَزِيز,Al-'Azīz,Tier 1,2,mid-verse,verse-final,Medinan,True,False,
62,الجمعة,1,4,الْمَلِك,Al-Malik,Tier 1,47,الْحَكِيم,Al-Ḥakīm,Tier 1,3,mid-verse,verse-final,Medinan,False,False,
62,الجمعة,1,5,الْقُدُّوس,Al-Quddūs,Tier 1,9,الْعَزِيز,Al-'Azīz,Tier 1,1,mid-verse,verse-final,Medinan,True,False,
62,الجمعة,1,5,الْقُدُّوس,Al-Quddūs,Tier 1,47,الْحَكِيم,Al-Ḥakīm,Tier 1,2,mid-verse,verse-final,Medinan,False,False,
62,الجمعة,1,9,الْعَزِيز,Al-'Azīz,Tier 1,47,الْحَكِيم,Al-Ḥakīm,Tier 1,1,verse-final,verse-final,Medinan,True,False,
62,الجمعة,3,9,الْعَزِيز,Al-'Azīz,Tier 1,47,الْحَكِيم,Al-Ḥakīm,Tier 1,1,verse-final,verse-final,Medinan,True,False,
62,الجمعة,4,1,اللَّه,Allāh,Tier 1,34,الْعَظِيم,Al-'Aẓīm,Tier 1,8,mid-verse,verse-final,Medinan,False,False,
62,الجمعة,4,1,اللَّه,Allāh,Tier 1,34,الْعَظِيم,Al-'Aẓīm,Tier 1,3,mid-verse,verse-final,Medinan,False,False,
62,الجمعة,7,1,اللَّه,Allāh,Tier 1,20,الْعَلِيم,Al-'Alīm,Tier 1,1,mid-verse,verse-final,Medinan,False,False,
63,المنافقون,4,37,الْعَلِي,Al-'Alī,Tier 1,1,اللَّه,Allāh,Tier 1,7,mid-verse,mid-verse,Medinan,False,False,refrain_surah63_n4
63,المنافقون,6,37,الْعَلِي,Al-'Alī,Tier 1,1,اللَّه,Allāh,Tier 1,9,verse-opening,mid-verse,Medinan,False,False,refrain_surah63_n4
63,المنافقون,7,37,الْعَلِي,Al-'Alī,Tier 1,1,اللَّه,Allāh,Tier 1,4,mid-verse,mid-verse,Medinan,False,False,refrain_surah63_n4
63,المنافقون,7,37,الْعَلِي,Al-'Alī,Tier 1,1,اللَّه,Allāh,Tier 1,8,mid-verse,mid-verse,Medinan,False,False,refrain_surah63_n4
63,المنافقون,8,1,اللَّه,Allāh,Tier 1,7,الْمُؤْمِن,Al-Mu'min,Tier 1,3,mid-verse,mid-verse,Medinan,False,False,
63,المنافقون,11,1,اللَّه,Allāh,Tier 1,32,الْخَبِير,Al-Khabīr,Tier 1,7,mid-verse,mid-verse,Medinan,False,False,
63,المنافقون,11,1,اللَّه,Allāh,Tier 1,32,الْخَبِير,Al-Khabīr,Tier 1,1,mid-verse,mid-verse,Medinan,False,False,
64,التغابن,1,1,اللَّه,Allāh,Tier 1,4,الْمَلِك,Al-Malik,Tier 1,9,verse-opening,mid-verse,Medinan,False,False,
64,التغابن,1,4,الْمَلِك,Al-Malik,Tier 1,37,الْعَلِي,Al-'Alī,Tier 1,5,mid-verse,mid-verse,Medinan,False,False,
64,التغابن,2,7,الْمُؤْمِن,Al-Mu'min,Tier 1,1,اللَّه,Allāh,Tier 1,2,mid-verse,mid-verse,Medinan,False,False,refrain_surah64_n3
64,التغابن,2,7,الْمُؤْمِن,Al-Mu'min,Tier 1,28,الْبَصِير,Al-Baṣīr,Tier 1,5,mid-verse,verse-final,Medinan,False,False,
64,التغابن,2,1,اللَّه,Allāh,Tier 1,28,الْبَصِير,Al-Baṣīr,Tier 1,3,mid-verse,verse-final,Medinan,False,False,
64,التغابن,3,52,الْحَق,Al-Ḥaqq,Tier 1,78,الْوَالِي,Al-Wālī,Tier 1,5,mid-verse,verse-final,Medinan,False,False,
64,التغابن,4,1,اللَّه,Allāh,Tier 1,20,الْعَلِيم,Al-'Alīm,Tier 1,1,mid-verse,mid-verse,Medinan,False,False,refrain_surah64_n3
64,التغابن,6,1,اللَّه,Allāh,Tier 1,57,الْحَمِيد,Al-Ḥamīd,Tier 1,4,mid-verse,verse-final,Medinan,False,False,
64,التغابن,6,1,اللَّه,Allāh,Tier 1,57,الْحَمِيد,Al-Ḥamīd,Tier 1,2,mid-verse,verse-final,Medinan,False,False,
64,التغابن,7,37,الْعَلِي,Al-'Alī,Tier 1,1,اللَّه,Allāh,Tier 1,1,mid-verse,verse-final,Medinan,False,False,
64,التغابن,8,1,اللَّه,Allāh,Tier 1,94,النُّور,Al-Nūr,Tier 1,2,verse-opening,mid-verse,Medinan,False,False,
64,التغابن,8,1,اللَّه,Allāh,Tier 1,32,الْخَبِير,Al-Khabīr,Tier 1,9,verse-opening,verse-final,Medinan,False,False,
64,التغابن,8,94,النُّور,Al-Nūr,Tier 1,1,اللَّه,Allāh,Tier 1,4,mid-verse,mid-verse,Medinan,False,False,
64,التغابن,8,94,النُّور,Al-Nūr,Tier 1,32,الْخَبِير,Al-Khabīr,Tier 1,7,mid-verse,verse-final,Medinan,False,False,
64,التغابن,8,1,اللَّه,Allāh,Tier 1,32,الْخَبِير,Al-Khabīr,Tier 1,3,mid-verse,verse-final,Medinan,False,False,
64,التغابن,11,1,اللَّه,Allāh,Tier 1,20,الْعَلِيم,Al-'Alīm,Tier 1,7,mid-verse,verse-final,Medinan,False,False,refrain_surah64_n3
64,التغابن,11,1,اللَّه,Allāh,Tier 1,20,الْعَلِيم,Al-'Alīm,Tier 1,3,mid-verse,verse-final,Medinan,False,False,refrain_surah64_n3
64,التغابن,12,1,اللَّه,Allāh,Tier 1,37,الْعَلِي,Al-'Alī,Tier 1,7,verse-opening,mid-verse,Medinan,False,False,
64,التغابن,13,1,اللَّه,Allāh,Tier 1,7,الْمُؤْمِن,Al-Mu'min,Tier 1,9,verse-opening,verse-final,Medinan,False,False,refrain_surah64_n3
64,التغابن,13,1,اللَّه,Allāh,Tier 1,7,الْمُؤْمِن,Al-Mu'min,Tier 1,2,mid-verse,verse-final,Medinan,False,False,refrain_surah64_n3
64,التغابن,14,1,اللَّه,Allāh,Tier 1,35,الْغَفُور,Al-Ghafūr,Tier 1,1,mid-verse,verse-final,Medinan,False,False,
64,التغابن,14,1,اللَّه,Allāh,Tier 1,3,الرَّحِيمِ,Al-Raḥīm,Tier 1,2,mid-verse,verse-final,Medinan,False,False,
64,التغابن,14,35,الْغَفُور,Al-Ghafūr,Tier 1,3,الرَّحِيمِ,Al-Raḥīm,Tier 1,1,verse-final,verse-final,Medinan,False,False,
64,التغابن,15,1,اللَّه,Allāh,Tier 1,34,الْعَظِيم,Al-'Aẓīm,Tier 1,3,mid-verse,verse-final,Medinan,False,False,
64,التغابن,17,1,اللَّه,Allāh,Tier 1,36,الشَّكُور,Al-Shakūr,Tier 1,9,mid-verse,verse-final,Medinan,False,False,
64,التغابن,17,1,اللَّه,Allāh,Tier 1,33,الْحَلِيم,Al-Ḥalīm,Tier 1,10,mid-verse,verse-final,Medinan,False,False,
64,التغابن,17,1,اللَّه,Allāh,Tier 1,36,الشَّكُور,Al-Shakūr,Tier 1,1,mid-verse,verse-final,Medinan,False,False,
64,التغابن,17,1,اللَّه,Allāh,Tier 1,33,الْحَلِيم,Al-Ḥalīm,Tier 1,2,mid-verse,verse-final,Medinan,False,False,
64,التغابن,17,36,الشَّكُور,Al-Shakūr,Tier 1,33,الْحَلِيم,Al-Ḥalīm,Tier 1,1,verse-final,verse-final,Medinan,False,False,
64,التغابن,18,9,الْعَزِيز,Al-'Azīz,Tier 1,47,الْحَكِيم,Al-Ḥakīm,Tier 1,1,verse-final,verse-final,Medinan,True,False,
65,الطلاق,2,30,الْعَدْل,Al-'Adl,Tier 1,1,اللَّه,Allāh,Tier 1,4,mid-verse,mid-verse,Medinan,False,False,
65,الطلاق,3,37,الْعَلِي,Al-'Alī,Tier 1,1,اللَّه,Allāh,Tier 1,1,mid-verse,mid-verse,Medinan,False,False,refrain_surah65_n5
65,الطلاق,3,37,الْعَلِي,Al-'Alī,Tier 1,1,اللَّه,Allāh,Tier 1,6,mid-verse,mid-verse,Medinan,False,False,refrain_surah65_n5
65,الطلاق,11,37,الْعَلِي,Al-'Alī,Tier 1,1,اللَّه,Allāh,Tier 1,2,mid-verse,mid-verse,Medinan,False,False,refrain_surah65_n5
65,الطلاق,11,1,اللَّه,Allāh,Tier 1,94,النُّور,Al-Nūr,Tier 1,10,mid-verse,mid-verse,Medinan,False,False,
65,الطلاق,11,94,النُّور,Al-Nūr,Tier 1,1,اللَّه,Allāh,Tier 1,4,mid-verse,mid-verse,Medinan,False,False,
65,الطلاق,12,1,اللَّه,Allāh,Tier 1,37,الْعَلِي,Al-'Alī,Tier 1,1,mid-verse,mid-verse,Medinan,False,False,refrain_surah65_n5
65,الطلاق,12,37,الْعَلِي,Al-'Alī,Tier 1,1,اللَّه,Allāh,Tier 1,5,mid-verse,mid-verse,Medinan,False,False,refrain_surah65_n5
66,التحريم,1,1,اللَّه,Allāh,Tier 1,35,الْغَفُور,Al-Ghafūr,Tier 1,8,mid-verse,verse-final,Medinan,False,False,
66,التحريم,1,1,اللَّه,Allāh,Tier 1,3,الرَّحِيمِ,Al-Raḥīm,Tier 1,9,mid-verse,verse-final,Medinan,False,False,
66,التحريم,1,1,اللَّه,Allāh,Tier 1,35,الْغَفُور,Al-Ghafūr,Tier 1,1,mid-verse,verse-final,Medinan,False,False,
66,التحريم,1,1,اللَّه,Allāh,Tier 1,3,الرَّحِيمِ,Al-Raḥīm,Tier 1,2,mid-verse,verse-final,Medinan,False,False,
66,التحريم,1,35,الْغَفُور,Al-Ghafūr,Tier 1,3,الرَّحِيمِ,Al-Raḥīm,Tier 1,1,verse-final,verse-final,Medinan,False,False,
66,التحريم,2,1,اللَّه,Allāh,Tier 1,20,الْعَلِيم,Al-'Alīm,Tier 1,9,mid-verse,verse-final,Medinan,False,False,
66,التحريم,2,1,اللَّه,Allāh,Tier 1,47,الْحَكِيم,Al-Ḥakīm,Tier 1,10,mid-verse,verse-final,Medinan,False,False,
66,التحريم,2,1,اللَّه,Allāh,Tier 1,20,الْعَلِيم,Al-'Alīm,Tier 1,4,mid-verse,verse-final,Medinan,False,False,
66,التحريم,2,1,اللَّه,Allāh,Tier 1,47,الْحَكِيم,Al-Ḥakīm,Tier 1,5,mid-verse,verse-final,Medinan,False,False,
66,التحريم,2,20,الْعَلِيم,Al-'Alīm,Tier 1,47,الْحَكِيم,Al-Ḥakīm,Tier 1,1,verse-final,verse-final,Medinan,False,False,
66,التحريم,3,20,الْعَلِيم,Al-'Alīm,Tier 1,32,الْخَبِير,Al-Khabīr,Tier 1,1,verse-final,verse-final,Medinan,False,False,
66,التحريم,4,1,اللَّه,Allāh,Tier 1,7,الْمُؤْمِن,Al-Mu'min,Tier 1,5,mid-verse,mid-verse,Medinan,False,False,
66,التحريم,6,37,الْعَلِي,Al-'Alī,Tier 1,1,اللَّه,Allāh,Tier 1,6,mid-verse,mid-verse,Medinan,False,False,
66,التحريم,8,1,اللَّه,Allāh,Tier 1,94,النُّور,Al-Nūr,Tier 1,6,mid-verse,mid-verse,Medinan,False,False,
66,التحريم,8,94,النُّور,Al-Nūr,Tier 1,37,الْعَلِي,Al-'Alī,Tier 1,5,mid-verse,mid-verse,Medinan,False,False,
66,التحريم,10,89,الْغَنِي,Al-Ghanī,Tier 1,1,اللَّه,Allāh,Tier 1,3,mid-verse,mid-verse,Medinan,False,False,
67,الملك,1,4,الْمَلِك,Al-Malik,Tier 1,37,الْعَلِي,Al-'Alī,Tier 1,2,mid-verse,mid-verse,Meccan,False,False,
67,الملك,2,9,الْعَزِيز,Al-'Azīz,Tier 1,35,الْغَفُور,Al-Ghafūr,Tier 1,1,verse-final,verse-final,Meccan,True,False,
67,الملك,9,1,اللَّه,Allāh,Tier 1,38,الْكَبِير,Al-Kabīr,Tier 1,8,mid-verse,verse-final,Meccan,False,False,
67,الملك,14,31,اللَّطِيف,Al-Laṭīf,Tier 1,32,الْخَبِير,Al-Khabīr,Tier 1,1,verse-final,verse-final,Meccan,False,False,
67,الملك,19,2,الرَّحْمَٰن,Al-Raḥmān,Tier 1,28,الْبَصِير,Al-Baṣīr,Tier 1,5,mid-verse,verse-final,Meccan,False,False,
68,القلم,39,37,الْعَلِي,Al-'Alī,Tier 1,29,الْحَكَم,Al-Ḥakam,Tier 1,9,mid-verse,verse-final,Meccan,False,False,
69,الحاقة,17,4,الْمَلِك,Al-Malik,Tier 1,37,الْعَلِي,Al-'Alī,Tier 1,1,verse-opening,verse-opening,Meccan,False,False,
69,الحاقة,33,1,اللَّه,Allāh,Tier 1,34,الْعَظِيم,Al-'Aẓīm,Tier 1,1,verse-final,verse-final,Meccan,False,False,
70,المعارج,30,37,الْعَلِي,Al-'Alī,Tier 1,4,الْمَلِك,Al-Malik,Tier 1,4,verse-opening,mid-verse,Meccan,False,False,
72,الجن,4,37,الْعَلِي,Al-'Alī,Tier 1,1,اللَّه,Allāh,Tier 1,1,mid-verse,verse-final,Meccan,False,False,
72,الجن,5,37,الْعَلِي,Al-'Alī,Tier 1,1,اللَّه,Allāh,Tier 1,1,mid-verse,verse-final,Meccan,False,False,
72,الجن,22,1,اللَّه,Allāh,Tier 1,68,الْأَحَد,Al-Aḥad,Tier 1,1,mid-verse,mid-verse,Meccan,False,False,
72,الجن,26,37,الْعَلِي,Al-'Alī,Tier 1,68,الْأَحَد,Al-Aḥad,Tier 1,2,mid-verse,verse-final,Meccan,False,False,
73,المزمل,20,1,اللَّه,Allāh,Tier 1,37,الْعَلِي,Al-'Alī,Tier 1,10,mid-verse,mid-verse,Meccan,False,False,
73,المزمل,20,1,اللَّه,Allāh,Tier 1,35,الْغَفُور,Al-Ghafūr,Tier 1,4,mid-verse,verse-final,Meccan,False,False,
73,المزمل,20,1,اللَّه,Allāh,Tier 1,3,الرَّحِيمِ,Al-Raḥīm,Tier 1,5,mid-verse,verse-final,Meccan,False,False,
73,المزمل,20,1,اللَّه,Allāh,Tier 1,35,الْغَفُور,Al-Ghafūr,Tier 1,1,mid-verse,verse-final,Meccan,False,False,
73,المزمل,20,1,اللَّه,Allāh,Tier 1,3,الرَّحِيمِ,Al-Raḥīm,Tier 1,2,mid-verse,verse-final,Meccan,False,False,
73,المزمل,20,35,الْغَفُور,Al-Ghafūr,Tier 1,3,الرَّحِيمِ,Al-Raḥīm,Tier 1,1,verse-final,verse-final,Meccan,False,False,
74,المدثر,31,7,الْمُؤْمِن,Al-Mu'min,Tier 1,1,اللَّه,Allāh,Tier 1,10,mid-verse,mid-verse,Meccan,False,False,
76,الانسان,9,1,اللَّه,Allāh,Tier 1,36,الشَّكُور,Al-Shakūr,Tier 1,6,mid-verse,verse-final,Medinan,False,False,
76,الانسان,30,1,اللَّه,Allāh,Tier 1,20,الْعَلِيم,Al-'Alīm,Tier 1,5,mid-verse,verse-final,Medinan,False,False,
76,الانسان,30,1,اللَّه,Allāh,Tier 1,20,الْعَلِيم,Al-'Alīm,Tier 1,2,mid-verse,verse-final,Medinan,False,False,
78,النبإ,37,2,الرَّحْمَٰن,Al-Raḥmān,Tier 1,4,الْمَلِك,Al-Malik,Tier 1,3,mid-verse,mid-verse,Meccan,False,False,
85,البروج,7,37,الْعَلِي,Al-'Alī,Tier 1,7,الْمُؤْمِن,Al-Mu'min,Tier 1,3,verse-opening,verse-final,Meccan,False,False,
85,البروج,8,1,اللَّه,Allāh,Tier 1,9,الْعَزِيز,Al-'Azīz,Tier 1,1,mid-verse,verse-final,Meccan,True,False,
85,البروج,8,1,اللَّه,Allāh,Tier 1,57,الْحَمِيد,Al-Ḥamīd,Tier 1,2,mid-verse,verse-final,Meccan,False,False,
85,البروج,8,9,الْعَزِيز,Al-'Azīz,Tier 1,57,الْحَمِيد,Al-Ḥamīd,Tier 1,1,verse-final,verse-final,Meccan,True,False,
85,البروج,9,1,اللَّه,Allāh,Tier 1,37,الْعَلِي,Al-'Alī,Tier 1,1,mid-verse,mid-verse,Meccan,False,False,
85,البروج,9,1,اللَّه,Allāh,Tier 1,51,الشَّهِيد,Al-Shahīd,Tier 1,4,mid-verse,verse-final,Meccan,False,False,
85,البروج,9,37,الْعَلِي,Al-'Alī,Tier 1,51,الشَّهِيد,Al-Shahīd,Tier 1,3,mid-verse,verse-final,Meccan,False,False,
85,البروج,14,35,الْغَفُور,Al-Ghafūr,Tier 1,48,الْوَدُود,Al-Wadūd,Tier 1,1,verse-opening,verse-final,Meccan,False,False,
95,التين,8,1,اللَّه,Allāh,Tier 1,29,الْحَكَم,Al-Ḥakam,Tier 1,2,verse-opening,verse-final,Meccan,False,False,
112,الإخلاص,1,1,اللَّه,Allāh,Tier 1,68,الْأَحَد,Al-Aḥad,Tier 1,1,verse-final,verse-final,Meccan,False,False,
112,الإخلاص,2,1,اللَّه,Allāh,Tier 1,69,الصَّمَد,Al-Ṣamad,Tier 1,1,verse-opening,verse-opening,Meccan,False,False,
