surah_number,ayah_number,meccan_medinan,name_serial,name_translit,position_in_verse
1,1,Meccan,1,Allāh,1
1,1,Meccan,2,Al-Raḥmān,2
1,1,Meccan,3,Al-Raḥīm,3
1,2,Meccan,1,Allāh,1
1,3,Meccan,2,Al-Raḥmān,0
1,3,Meccan,3,Al-Raḥīm,1
1,7,Meccan,37,Al-'Alī,3
1,7,Meccan,37,Al-'Alī,6
2,5,Medinan,37,Al-'Alī,1
2,6,Medinan,37,Al-'Alī,4
2,7,Medinan,1,Allāh,1
2,7,Medinan,37,Al-'Alī,2
2,7,Medinan,34,Al-'Aẓīm,13
2,8,Medinan,1,Allāh,5
2,8,Medinan,7,Al-Mu'min,10
2,9,Medinan,1,Allāh,1
2,10,Medinan,1,Allāh,4
2,15,Medinan,1,Allāh,0
2,17,Medinan,1,Allāh,10
2,19,Medinan,1,Allāh,17
2,20,Medinan,37,Al-'Alī,12
2,20,Medinan,1,Allāh,17
2,20,Medinan,1,Allāh,23
2,20,Medinan,37,Al-'Alī,24
2,22,Medinan,1,Allāh,20
2,23,Medinan,37,Al-'Alī,6
2,23,Medinan,1,Allāh,16
2,26,Medinan,1,Allāh,2
2,26,Medinan,52,Al-Ḥaqq,18
2,26,Medinan,1,Allāh,28
2,27,Medinan,1,Allāh,3
2,27,Medinan,1,Allāh,10
2,28,Medinan,1,Allāh,2
2,28,Medinan,63,Al-Ḥayy,5
2,29,Medinan,20,Al-'Alīm,19
2,31,Medinan,37,Al-'Alī,6
2,32,Medinan,20,Al-'Alīm,11
2,32,Medinan,47,Al-Ḥakīm,12
2,37,Medinan,81,Al-Tawwāb,10
2,37,Medinan,3,Al-Raḥīm,11
2,38,Medinan,37,Al-'Alī,14
2,40,Medinan,37,Al-'Alī,6
2,41,Medinan,74,Al-Awwal,8
2,42,Medinan,52,Al-Ḥaqq,2
2,42,Medinan,52,Al-Ḥaqq,5
2,44,Medinan,80,Al-Barr,3
2,45,Medinan,38,Al-Kabīr,5
2,45,Medinan,37,Al-'Alī,7
2,47,Medinan,37,Al-'Alī,6
2,47,Medinan,37,Al-'Alī,9
2,48,Medinan,30,Al-'Adl,15
2,49,Medinan,34,Al-'Aẓīm,18
2,54,Medinan,13,Al-Bāri',12
2,54,Medinan,13,Al-Bāri',19
2,54,Medinan,37,Al-'Alī,21
2,54,Medinan,81,Al-Tawwāb,25
2,54,Medinan,3,Al-Raḥīm,26
2,55,Medinan,1,Allāh,8
2,57,Medinan,37,Al-'Alī,1
2,57,Medinan,37,Al-'Alī,4
2,59,Medinan,37,Al-'Alī,9
2,60,Medinan,1,Allāh,26
2,61,Medinan,37,Al-'Alī,5
2,61,Medinan,37,Al-'Alī,40
2,61,Medinan,1,Allāh,46
2,61,Medinan,1,Allāh,53
2,61,Medinan,52,Al-Ḥaqq,57
2,62,Medinan,1,Allāh,9
2,62,Medinan,37,Al-'Alī,20
2,64,Medinan,1,Allāh,8
2,64,Medinan,37,Al-'Alī,9
2,67,Medinan,1,Allāh,5
2,67,Medinan,1,Allāh,17
2,70,Medinan,37,Al-'Alī,11
2,70,Medinan,1,Allāh,15
2,71,Medinan,52,Al-Ḥaqq,20
2,72,Medinan,1,Allāh,6
2,73,Medinan,1,Allāh,6
2,74,Medinan,1,Allāh,34
2,74,Medinan,1,Allāh,37
2,75,Medinan,1,Allāh,11
2,76,Medinan,1,Allāh,15
2,76,Medinan,37,Al-'Alī,16
2,77,Medinan,74,Al-Awwal,0
2,77,Medinan,1,Allāh,3
2,79,Medinan,1,Allāh,10
2,80,Medinan,1,Allāh,11
2,80,Medinan,1,Allāh,15
2,80,Medinan,37,Al-'Alī,20
2,80,Medinan,1,Allāh,21
2,83,Medinan,1,Allāh,8
2,85,Medinan,37,Al-'Alī,11
2,85,Medinan,37,Al-'Alī,20
2,85,Medinan,1,Allāh,49
2,88,Medinan,1,Allāh,6
2,89,Medinan,1,Allāh,5
2,89,Medinan,37,Al-'Alī,13
2,89,Medinan,1,Allāh,24
2,89,Medinan,37,Al-'Alī,25
2,90,Medinan,1,Allāh,8
2,90,Medinan,1,Allāh,12
2,90,Medinan,37,Al-'Alī,15
2,90,Medinan,37,Al-'Alī,23
2,91,Medinan,1,Allāh,6
2,91,Medinan,37,Al-'Alī,11
2,91,Medinan,52,Al-Ḥaqq,16
2,91,Medinan,1,Allāh,25
2,91,Medinan,7,Al-Mu'min,30
2,93,Medinan,7,Al-Mu'min,28
2,94,Medinan,1,Allāh,7
2,95,Medinan,1,Allāh,7
2,95,Medinan,20,Al-'Alīm,8
2,96,Medinan,37,Al-'Alī,3
2,96,Medinan,68,Al-Aḥad,10
2,96,Medinan,1,Allāh,23
2,96,Medinan,28,Al-Baṣīr,24
2,97,Medinan,37,Al-'Alī,7
2,97,Medinan,1,Allāh,10
2,97,Medinan,7,Al-Mu'min,17
2,98,Medinan,1,Allāh,3
2,98,Medinan,1,Allāh,9
2,101,Medinan,1,Allāh,5
2,101,Medinan,1,Allāh,16
2,102,Medinan,37,Al-'Alī,4
2,102,Medinan,37,Al-'Alī,19
2,102,Medinan,4,Al-Malik,20
2,102,Medinan,68,Al-Aḥad,28
2,102,Medinan,68,Al-Aḥad,51
2,102,Medinan,1,Allāh,54
2,103,Medinan,1,Allāh,7
2,105,Medinan,37,Al-'Alī,11
2,105,Medinan,1,Allāh,17
2,105,Medinan,1,Allāh,23
2,105,Medinan,34,Al-'Aẓīm,26
2,106,Medinan,1,Allāh,16
2,106,Medinan,37,Al-'Alī,17
2,107,Medinan,1,Allāh,3
2,107,Medinan,1,Allāh,13
2,107,Medinan,56,Al-Walī,15
2,109,Medinan,52,Al-Ḥaqq,20
2,109,Medinan,1,Allāh,26
2,109,Medinan,1,Allāh,30
2,109,Medinan,37,Al-'Alī,31
2,110,Medinan,1,Allāh,12
2,110,Medinan,1,Allāh,15
2,110,Medinan,28,Al-Baṣīr,18
2,112,Medinan,1,Allāh,4
2,112,Medinan,37,Al-'Alī,13
2,113,Medinan,37,Al-'Alī,4
2,113,Medinan,37,Al-'Alī,10
2,113,Medinan,1,Allāh,24
2,114,Medinan,1,Allāh,5
2,114,Medinan,34,Al-'Aẓīm,31
2,115,Medinan,1,Allāh,0
2,115,Medinan,1,Allāh,8
2,115,Medinan,1,Allāh,11
2,115,Medinan,20,Al-'Alīm,13
2,116,Medinan,1,Allāh,2
2,117,Medinan,96,Al-Badī',0
2,118,Medinan,1,Allāh,6
2,119,Medinan,52,Al-Ḥaqq,2
2,120,Medinan,1,Allāh,13
2,120,Medinan,1,Allāh,29
2,120,Medinan,56,Al-Walī,31
2,121,Medinan,52,Al-Ḥaqq,4
2,122,Medinan,37,Al-'Alī,6
2,122,Medinan,37,Al-'Alī,9
2,123,Medinan,30,Al-'Adl,11
2,126,Medinan,1,Allāh,15
2,127,Medinan,27,Al-Samī',13
2,127,Medinan,20,Al-'Alīm,14
2,128,Medinan,81,Al-Tawwāb,16
2,128,Medinan,3,Al-Raḥīm,17
2,129,Medinan,37,Al-'Alī,6
2,129,Medinan,9,Al-'Azīz,15
2,129,Medinan,47,Al-Ḥakīm,16
2,132,Medinan,1,Allāh,7
2,136,Medinan,1,Allāh,2
2,136,Medinan,68,Al-Aḥad,26
2,137,Medinan,1,Allāh,17
2,137,Medinan,27,Al-Samī',20
2,137,Medinan,20,Al-'Alīm,21
2,138,Medinan,1,Allāh,1
2,138,Medinan,1,Allāh,6
2,139,Medinan,1,Allāh,3
2,140,Medinan,1,Allāh,17
2,140,Medinan,1,Allāh,26
2,140,Medinan,1,Allāh,29
2,142,Medinan,56,Al-Walī,6
2,142,Medinan,37,Al-'Alī,11
2,142,Medinan,1,Allāh,14
2,143,Medinan,37,Al-'Alī,6
2,143,Medinan,37,Al-'Alī,10
2,143,Medinan,37,Al-'Alī,26
2,143,Medinan,38,Al-Kabīr,31
2,143,Medinan,37,Al-'Alī,33
2,143,Medinan,1,Allāh,36
2,143,Medinan,1,Allāh,40
2,143,Medinan,1,Allāh,45
2,143,Medinan,3,Al-Raḥīm,48
2,144,Medinan,52,Al-Ḥaqq,30
2,144,Medinan,1,Allāh,35
2,146,Medinan,52,Al-Ḥaqq,12
2,147,Medinan,52,Al-Ḥaqq,0
2,148,Medinan,1,Allāh,13
2,148,Medinan,1,Allāh,17
2,148,Medinan,37,Al-'Alī,18
2,149,Medinan,1,Allāh,15
2,150,Medinan,37,Al-'Alī,18
2,150,Medinan,37,Al-'Alī,29
2,151,Medinan,37,Al-'Alī,6
2,153,Medinan,1,Allāh,8
2,154,Medinan,1,Allāh,6
2,156,Medinan,1,Allāh,6
2,157,Medinan,37,Al-'Alī,1
2,158,Medinan,1,Allāh,6
2,158,Medinan,1,Allāh,24
2,158,Medinan,105,Al-Shākir,25
2,158,Medinan,20,Al-'Alīm,26
2,159,Medinan,1,Allāh,18
2,160,Medinan,37,Al-'Alī,7
2,160,Medinan,81,Al-Tawwāb,10
2,160,Medinan,3,Al-Raḥīm,11
2,161,Medinan,37,Al-'Alī,7
2,161,Medinan,1,Allāh,9
2,163,Medinan,2,Al-Raḥmān,8
2,163,Medinan,3,Al-Raḥīm,9
2,164,Medinan,1,Allāh,18
2,164,Medinan,63,Al-Ḥayy,23
2,165,Medinan,1,Allāh,6
2,165,Medinan,1,Allāh,10
2,165,Medinan,1,Allāh,16
2,165,Medinan,1,Allāh,27
2,165,Medinan,1,Allāh,30
2,167,Medinan,1,Allāh,15
2,167,Medinan,37,Al-'Alī,18
2,169,Medinan,37,Al-'Alī,6
2,169,Medinan,1,Allāh,7
2,170,Medinan,1,Allāh,6
2,170,Medinan,74,Al-Awwal,15
2,172,Medinan,1,Allāh,9
2,173,Medinan,37,Al-'Alī,2
2,173,Medinan,1,Allāh,11
2,173,Medinan,1,Allāh,24
2,173,Medinan,35,Al-Ghafūr,25
2,173,Medinan,3,Al-Raḥīm,26
2,174,Medinan,1,Allāh,5
2,174,Medinan,1,Allāh,22
2,175,Medinan,37,Al-'Alī,10
2,176,Medinan,1,Allāh,2
2,176,Medinan,52,Al-Ḥaqq,5
2,177,Medinan,80,Al-Barr,2
2,177,Medinan,80,Al-Barr,10
2,177,Medinan,1,Allāh,13
2,177,Medinan,37,Al-'Alī,21
2,178,Medinan,37,Al-'Alī,4
2,180,Medinan,37,Al-'Alī,1
2,180,Medinan,68,Al-Aḥad,4
2,180,Medinan,52,Al-Ḥaqq,14
2,180,Medinan,37,Al-'Alī,15
2,181,Medinan,37,Al-'Alī,7
2,181,Medinan,1,Allāh,12
2,181,Medinan,27,Al-Samī',13
2,181,Medinan,20,Al-'Alīm,14
2,182,Medinan,1,Allāh,14
2,182,Medinan,35,Al-Ghafūr,15
2,182,Medinan,3,Al-Raḥīm,16
2,183,Medinan,37,Al-'Alī,4
2,183,Medinan,37,Al-'Alī,8
2,184,Medinan,37,Al-'Alī,8
2,184,Medinan,75,Al-Ākhir,13
2,185,Medinan,37,Al-'Alī,23
2,185,Medinan,75,Al-Ākhir,28
2,185,Medinan,1,Allāh,31
2,185,Medinan,1,Allāh,41
2,185,Medinan,37,Al-'Alī,42
2,187,Medinan,1,Allāh,16
2,187,Medinan,37,Al-'Alī,22
2,187,Medinan,1,Allāh,31
2,187,Medinan,1,Allāh,62
2,187,Medinan,1,Allāh,68
2,189,Medinan,80,Al-Barr,12
2,189,Medinan,80,Al-Barr,19
2,189,Medinan,1,Allāh,29
2,190,Medinan,1,Allāh,3
2,190,Medinan,1,Allāh,10
2,192,Medinan,1,Allāh,3
2,192,Medinan,35,Al-Ghafūr,4
2,192,Medinan,3,Al-Raḥīm,5
2,193,Medinan,1,Allāh,7
2,193,Medinan,37,Al-'Alī,14
2,194,Medinan,37,Al-'Alī,9
2,194,Medinan,37,Al-'Alī,15
2,194,Medinan,1,Allāh,18
2,194,Medinan,1,Allāh,21
2,195,Medinan,1,Allāh,3
2,195,Medinan,1,Allāh,13
2,196,Medinan,1,Allāh,3
2,196,Medinan,1,Allāh,75
2,196,Medinan,1,Allāh,78
2,197,Medinan,1,Allāh,22
2,198,Medinan,37,Al-'Alī,1
2,198,Medinan,1,Allāh,14
2,199,Medinan,1,Allāh,7
2,199,Medinan,1,Allāh,10
2,199,Medinan,35,Al-Ghafūr,11
2,199,Medinan,3,Al-Raḥīm,12
2,200,Medinan,1,Allāh,4
2,202,Medinan,1,Allāh,6
2,203,Medinan,1,Allāh,2
2,203,Medinan,1,Allāh,24
2,204,Medinan,1,Allāh,9
2,204,Medinan,37,Al-'Alī,10
2,205,Medinan,1,Allāh,11
2,206,Medinan,1,Allāh,4
2,207,Medinan,1,Allāh,7
2,207,Medinan,1,Allāh,9
2,207,Medinan,84,Al-Ra'ūf,10
2,209,Medinan,1,Allāh,9
2,209,Medinan,9,Al-'Azīz,10
2,209,Medinan,47,Al-Ḥakīm,11
2,210,Medinan,1,Allāh,5
2,210,Medinan,78,Al-Wālī,14
2,210,Medinan,1,Allāh,15
2,211,Medinan,1,Allāh,12
2,211,Medinan,1,Allāh,18
2,212,Medinan,1,Allāh,16
2,213,Medinan,1,Allāh,5
2,213,Medinan,52,Al-Ḥaqq,12
2,213,Medinan,1,Allāh,35
2,213,Medinan,52,Al-Ḥaqq,42
2,213,Medinan,1,Allāh,45
2,214,Medinan,1,Allāh,25
2,214,Medinan,1,Allāh,30
2,215,Medinan,1,Allāh,21
2,215,Medinan,20,Al-'Alīm,23
2,216,Medinan,37,Al-'Alī,1
2,216,Medinan,1,Allāh,23
2,217,Medinan,38,Al-Kabīr,10
2,217,Medinan,1,Allāh,15
2,217,Medinan,1,Allāh,25
2,218,Medinan,1,Allāh,8
2,218,Medinan,1,Allāh,12
2,218,Medinan,1,Allāh,14
2,218,Medinan,35,Al-Ghafūr,15
2,218,Medinan,3,Al-Raḥīm,16
2,219,Medinan,38,Al-Kabīr,9
2,219,Medinan,83,Al-'Afūw,21
2,219,Medinan,1,Allāh,25
2,220,Medinan,1,Allāh,17
2,220,Medinan,1,Allāh,25
2,220,Medinan,1,Allāh,29
2,220,Medinan,9,Al-'Azīz,30
2,220,Medinan,47,Al-Ḥakīm,31
2,221,Medinan,7,Al-Mu'min,7
2,221,Medinan,7,Al-Mu'min,21
2,221,Medinan,1,Allāh,33
2,222,Medinan,1,Allāh,23
2,222,Medinan,1,Allāh,26
2,223,Medinan,1,Allāh,12
2,223,Medinan,7,Al-Mu'min,18
2,224,Medinan,1,Allāh,2
2,224,Medinan,1,Allāh,12
2,224,Medinan,27,Al-Samī',13
2,224,Medinan,20,Al-'Alīm,14
2,225,Medinan,1,Allāh,2
2,225,Medinan,1,Allāh,12
2,225,Medinan,35,Al-Ghafūr,13
2,225,Medinan,33,Al-Ḥalīm,14
2,226,Medinan,1,Allāh,11
2,226,Medinan,35,Al-Ghafūr,12
2,226,Medinan,3,Al-Raḥīm,13
2,227,Medinan,1,Allāh,4
2,227,Medinan,27,Al-Samī',5
2,227,Medinan,20,Al-'Alīm,6
2,228,Medinan,1,Allāh,13
2,228,Medinan,1,Allāh,19
2,228,Medinan,37,Al-'Alī,35
2,228,Medinan,37,Al-'Alī,39
2,228,Medinan,1,Allāh,42
2,228,Medinan,9,Al-'Azīz,43
2,228,Medinan,47,Al-Ḥakīm,44
2,229,Medinan,1,Allāh,23
2,229,Medinan,1,Allāh,30
2,229,Medinan,37,Al-'Alī,33
2,229,Medinan,1,Allāh,40
2,229,Medinan,1,Allāh,47
2,230,Medinan,1,Allāh,24
2,230,Medinan,1,Allāh,28
2,231,Medinan,1,Allāh,26
2,231,Medinan,1,Allāh,31
2,231,Medinan,37,Al-'Alī,32
2,231,Medinan,37,Al-'Alī,35
2,231,Medinan,1,Allāh,43
2,231,Medinan,1,Allāh,46
2,231,Medinan,20,Al-'Alīm,49
2,232,Medinan,1,Allāh,22
2,232,Medinan,1,Allāh,31
2,233,Medinan,98,Al-Wārith,36
2,233,Medinan,37,Al-'Alī,49
2,233,Medinan,37,Al-'Alī,58
2,233,Medinan,1,Allāh,66
2,233,Medinan,1,Allāh,69
2,233,Medinan,28,Al-Baṣīr,72
2,234,Medinan,37,Al-'Alī,16
2,234,Medinan,1,Allāh,23
2,234,Medinan,32,Al-Khabīr,26
2,235,Medinan,37,Al-'Alī,2
2,235,Medinan,1,Allāh,15
2,235,Medinan,1,Allāh,39
2,235,Medinan,1,Allāh,48
2,235,Medinan,35,Al-Ghafūr,49
2,235,Medinan,33,Al-Ḥalīm,50
2,236,Medinan,37,Al-'Alī,2
2,236,Medinan,37,Al-'Alī,15
2,236,Medinan,52,Al-Ḥaqq,24
2,236,Medinan,37,Al-'Alī,25
2,237,Medinan,1,Allāh,34
2,237,Medinan,28,Al-Baṣīr,37
2,238,Medinan,37,Al-'Alī,1
2,238,Medinan,1,Allāh,6
2,239,Medinan,1,Allāh,9
2,240,Medinan,37,Al-'Alī,17
2,240,Medinan,1,Allāh,26
2,240,Medinan,9,Al-'Azīz,27
2,240,Medinan,47,Al-Ḥakīm,28
2,241,Medinan,52,Al-Ḥaqq,4
2,241,Medinan,37,Al-'Alī,5
2,242,Medinan,1,Allāh,2
2,243,Medinan,1,Allāh,14
2,243,Medinan,63,Al-Ḥayy,17
2,243,Medinan,1,Allāh,20
2,243,Medinan,37,Al-'Alī,23
2,244,Medinan,1,Allāh,3
2,244,Medinan,1,Allāh,6
2,244,Medinan,27,Al-Samī',7
2,244,Medinan,20,Al-'Alīm,8
2,245,Medinan,1,Allāh,4
2,245,Medinan,1,Allāh,12
2,245,Medinan,78,Al-Wālī,15
2,246,Medinan,1,Allāh,20
2,246,Medinan,37,Al-'Alī,27
2,246,Medinan,1,Allāh,39
2,246,Medinan,37,Al-'Alī,48
2,246,Medinan,1,Allāh,55
2,246,Medinan,20,Al-'Alīm,56
2,247,Medinan,1,Allāh,4
2,247,Medinan,4,Al-Malik,15
2,247,Medinan,37,Al-'Alī,16
2,247,Medinan,4,Al-Malik,19
2,247,Medinan,1,Allāh,29
2,247,Medinan,37,Al-'Alī,31
2,247,Medinan,1,Allāh,38
2,247,Medinan,1,Allāh,44
2,247,Medinan,20,Al-'Alīm,46
2,248,Medinan,7,Al-Mu'min,30
2,249,Medinan,1,Allāh,6
2,249,Medinan,1,Allāh,50
2,249,Medinan,1,Allāh,59
2,249,Medinan,1,Allāh,61
2,250,Medinan,37,Al-'Alī,7
2,250,Medinan,37,Al-'Alī,12
2,251,Medinan,1,Allāh,2
2,251,Medinan,1,Allāh,7
2,251,Medinan,4,Al-Malik,8
2,251,Medinan,1,Allāh,16
2,251,Medinan,1,Allāh,23
2,251,Medinan,37,Al-'Alī,26
2,252,Medinan,1,Allāh,2
2,252,Medinan,37,Al-'Alī,4
2,252,Medinan,52,Al-Ḥaqq,5
2,253,Medinan,37,Al-'Alī,5
2,253,Medinan,1,Allāh,11
2,253,Medinan,1,Allāh,28
2,253,Medinan,1,Allāh,50
2,253,Medinan,1,Allāh,54
2,255,Medinan,1,Allāh,0
2,255,Medinan,63,Al-Ḥayy,5
2,255,Medinan,64,Al-Qayyūm,6
2,255,Medinan,37,Al-'Alī,56
2,255,Medinan,34,Al-'Aẓīm,57
2,256,Medinan,1,Allāh,15
2,256,Medinan,1,Allāh,24
2,256,Medinan,27,Al-Samī',25
2,256,Medinan,20,Al-'Alīm,26
2,257,Medinan,1,Allāh,0
2,257,Medinan,56,Al-Walī,1
2,257,Medinan,94,Al-Nūr,8
2,257,Medinan,94,Al-Nūr,16
2,258,Medinan,1,Allāh,10
2,258,Medinan,4,Al-Malik,11
2,258,Medinan,1,Allāh,27
2,258,Medinan,1,Allāh,40
2,259,Medinan,37,Al-'Alī,3
2,259,Medinan,37,Al-'Alī,7
2,259,Medinan,1,Allāh,13
2,259,Medinan,1,Allāh,18
2,259,Medinan,34,Al-'Aẓīm,56
2,259,Medinan,1,Allāh,69
2,259,Medinan,37,Al-'Alī,70
2,260,Medinan,37,Al-'Alī,28
2,260,Medinan,1,Allāh,40
2,260,Medinan,9,Al-'Azīz,41
2,260,Medinan,47,Al-Ḥakīm,42
2,261,Medinan,1,Allāh,6
2,261,Medinan,1,Allāh,18
2,261,Medinan,1,Allāh,23
2,261,Medinan,20,Al-'Alīm,25
2,262,Medinan,1,Allāh,5
2,262,Medinan,37,Al-'Alī,21
2,263,Medinan,1,Allāh,10
2,263,Medinan,33,Al-Ḥalīm,12
2,264,Medinan,1,Allāh,15
2,264,Medinan,37,Al-'Alī,31
2,264,Medinan,1,Allāh,36
2,265,Medinan,1,Allāh,6
2,265,Medinan,1,Allāh,24
2,265,Medinan,28,Al-Baṣīr,27
2,266,Medinan,68,Al-Aḥad,1
2,266,Medinan,1,Allāh,31
2,267,Medinan,1,Allāh,28
2,267,Medinan,57,Al-Ḥamīd,30
2,268,Medinan,1,Allāh,6
2,268,Medinan,1,Allāh,12
2,268,Medinan,20,Al-'Alīm,14
2,270,Medinan,1,Allāh,9
2,271,Medinan,1,Allāh,19
2,271,Medinan,32,Al-Khabīr,22
2,272,Medinan,37,Al-'Alī,2
2,272,Medinan,1,Allāh,5
2,272,Medinan,1,Allāh,21
2,273,Medinan,1,Allāh,5
2,273,Medinan,1,Allāh,28
2,273,Medinan,20,Al-'Alīm,30
2,274,Medinan,37,Al-'Alī,13
2,275,Medinan,1,Allāh,23
2,275,Medinan,1,Allāh,39
2,276,Medinan,1,Allāh,1
2,276,Medinan,1,Allāh,6
2,277,Medinan,37,Al-'Alī,15
2,278,Medinan,1,Allāh,4
2,278,Medinan,7,Al-Mu'min,12
2,279,Medinan,1,Allāh,6
2,281,Medinan,1,Allāh,5
2,282,Medinan,30,Al-'Adl,14
2,282,Medinan,1,Allāh,23
2,282,Medinan,52,Al-Ḥaqq,29
2,282,Medinan,1,Allāh,31
2,282,Medinan,52,Al-Ḥaqq,42
2,282,Medinan,30,Al-'Adl,54
2,282,Medinan,51,Al-Shahīd,57
2,282,Medinan,68,Al-Aḥad,73
2,282,Medinan,68,Al-Aḥad,75
2,282,Medinan,38,Al-Kabīr,91
2,282,Medinan,1,Allāh,98
2,282,Medinan,37,Al-'Alī,113
2,282,Medinan,51,Al-Shahīd,126
2,282,Medinan,1,Allāh,135
2,282,Medinan,1,Allāh,138
2,282,Medinan,1,Allāh,140
2,282,Medinan,20,Al-'Alīm,143
2,283,Medinan,37,Al-'Alī,3
2,283,Medinan,1,Allāh,20
2,283,Medinan,1,Allāh,33
2,283,Medinan,20,Al-'Alīm,36
2,284,Medinan,1,Allāh,0
2,284,Medinan,1,Allāh,17
2,284,Medinan,1,Allāh,26
2,284,Medinan,37,Al-'Alī,27
2,285,Medinan,7,Al-Mu'min,7
2,285,Medinan,1,Allāh,11
2,285,Medinan,68,Al-Aḥad,18
2,285,Medinan,78,Al-Wālī,28
2,286,Medinan,1,Allāh,2
2,286,Medinan,37,Al-'Alī,10
2,286,Medinan,37,Al-'Alī,29
2,286,Medinan,37,Al-'Alī,52
3,2,Medinan,1,Allāh,0
3,2,Medinan,63,Al-Ḥayy,5
3,2,Medinan,64,Al-Qayyūm,6
3,3,Medinan,37,Al-'Alī,1
3,3,Medinan,52,Al-Ḥaqq,3
3,4,Medinan,1,Allāh,11
3,4,Medinan,1,Allāh,16
3,4,Medinan,9,Al-'Azīz,17
3,5,Medinan,1,Allāh,1
3,6,Medinan,9,Al-'Azīz,12
3,6,Medinan,47,Al-Ḥakīm,13
3,7,Medinan,37,Al-'Alī,3
3,7,Medinan,75,Al-Ākhir,11
3,7,Medinan,1,Allāh,32
3,8,Medinan,17,Al-Wahhāb,15
3,9,Medinan,88,Al-Jāmi',2
3,9,Medinan,1,Allāh,10
3,10,Medinan,1,Allāh,10
3,11,Medinan,1,Allāh,10
3,11,Medinan,1,Allāh,13
3,13,Medinan,1,Allāh,12
3,13,Medinan,75,Al-Ākhir,13
3,13,Medinan,1,Allāh,20
3,14,Medinan,1,Allāh,22
3,15,Medinan,1,Allāh,22
3,15,Medinan,1,Allāh,24
3,15,Medinan,28,Al-Baṣīr,25
3,18,Medinan,1,Allāh,1
3,18,Medinan,9,Al-'Azīz,17
3,18,Medinan,47,Al-Ḥakīm,18
3,19,Medinan,1,Allāh,3
3,19,Medinan,1,Allāh,23
3,19,Medinan,1,Allāh,25
3,20,Medinan,1,Allāh,5
3,20,Medinan,37,Al-'Alī,24
3,20,Medinan,1,Allāh,27
3,20,Medinan,28,Al-Baṣīr,28
3,21,Medinan,1,Allāh,4
3,21,Medinan,52,Al-Ḥaqq,8
3,23,Medinan,1,Allāh,11
3,26,Medinan,4,Al-Malik,3
3,26,Medinan,4,Al-Malik,5
3,26,Medinan,4,Al-Malik,9
3,26,Medinan,37,Al-'Alī,23
3,27,Medinan,63,Al-Ḥayy,10
3,27,Medinan,63,Al-Ḥayy,16
3,28,Medinan,7,Al-Mu'min,2
3,28,Medinan,7,Al-Mu'min,7
3,28,Medinan,1,Allāh,14
3,28,Medinan,1,Allāh,24
3,28,Medinan,78,Al-Wālī,27
3,28,Medinan,1,Allāh,28
3,29,Medinan,1,Allāh,9
3,29,Medinan,1,Allāh,19
3,29,Medinan,37,Al-'Alī,20
3,30,Medinan,1,Allāh,22
3,30,Medinan,1,Allāh,25
3,30,Medinan,84,Al-Ra'ūf,26
3,31,Medinan,1,Allāh,4
3,31,Medinan,1,Allāh,7
3,31,Medinan,1,Allāh,12
3,31,Medinan,35,Al-Ghafūr,13
3,31,Medinan,3,Al-Raḥīm,14
3,32,Medinan,1,Allāh,2
3,32,Medinan,1,Allāh,8
3,33,Medinan,1,Allāh,2
3,33,Medinan,37,Al-'Alī,10
3,34,Medinan,1,Allāh,5
3,34,Medinan,27,Al-Samī',6
3,34,Medinan,20,Al-'Alīm,7
3,35,Medinan,27,Al-Samī',17
3,35,Medinan,20,Al-'Alīm,18
3,36,Medinan,1,Allāh,7
3,37,Medinan,37,Al-'Alī,12
3,37,Medinan,1,Allāh,29
3,37,Medinan,1,Allāh,32
3,38,Medinan,27,Al-Samī',15
3,39,Medinan,1,Allāh,8
3,39,Medinan,1,Allāh,14
3,40,Medinan,1,Allāh,14
3,42,Medinan,1,Allāh,5
3,42,Medinan,37,Al-'Alī,9
3,45,Medinan,1,Allāh,5
3,47,Medinan,1,Allāh,12
3,49,Medinan,1,Allāh,23
3,49,Medinan,1,Allāh,31
3,49,Medinan,7,Al-Mu'min,48
3,50,Medinan,37,Al-'Alī,11
3,50,Medinan,1,Allāh,18
3,51,Medinan,1,Allāh,1
3,52,Medinan,1,Allāh,10
3,52,Medinan,1,Allāh,16
3,52,Medinan,1,Allāh,18
3,54,Medinan,1,Allāh,2
3,54,Medinan,1,Allāh,4
3,55,Medinan,1,Allāh,2
3,55,Medinan,24,Al-Rāfi',6
3,57,Medinan,1,Allāh,8
3,58,Medinan,37,Al-'Alī,2
3,58,Medinan,47,Al-Ḥakīm,6
3,59,Medinan,1,Allāh,4
3,60,Medinan,52,Al-Ḥaqq,0
3,61,Medinan,1,Allāh,22
3,61,Medinan,37,Al-'Alī,23
3,62,Medinan,52,Al-Ḥaqq,4
3,62,Medinan,1,Allāh,10
3,62,Medinan,1,Allāh,13
3,62,Medinan,9,Al-'Azīz,15
3,62,Medinan,47,Al-Ḥakīm,16
3,63,Medinan,1,Allāh,3
3,63,Medinan,20,Al-'Alīm,4
3,64,Medinan,1,Allāh,12
3,64,Medinan,1,Allāh,24
3,66,Medinan,1,Allāh,15
3,68,Medinan,74,Al-Awwal,1
3,68,Medinan,1,Allāh,11
3,68,Medinan,56,Al-Walī,12
3,68,Medinan,7,Al-Mu'min,13
3,70,Medinan,1,Allāh,5
3,71,Medinan,52,Al-Ḥaqq,4
3,71,Medinan,52,Al-Ḥaqq,7
3,72,Medinan,37,Al-'Alī,8
3,73,Medinan,1,Allāh,10
3,73,Medinan,68,Al-Aḥad,13
3,73,Medinan,1,Allāh,26
3,73,Medinan,1,Allāh,31
3,73,Medinan,20,Al-'Alīm,33
3,74,Medinan,1,Allāh,5
3,74,Medinan,34,Al-'Aẓīm,8
3,75,Medinan,37,Al-'Alī,28
3,75,Medinan,37,Al-'Alī,33
3,75,Medinan,1,Allāh,34
3,76,Medinan,1,Allāh,6
3,77,Medinan,1,Allāh,4
3,77,Medinan,1,Allāh,16
3,78,Medinan,1,Allāh,17
3,78,Medinan,1,Allāh,22
3,78,Medinan,37,Al-'Alī,24
3,78,Medinan,1,Allāh,25
3,79,Medinan,1,Allāh,5
3,79,Medinan,1,Allāh,17
3,81,Medinan,1,Allāh,2
3,81,Medinan,37,Al-'Alī,23
3,83,Medinan,1,Allāh,2
3,83,Medinan,78,Al-Wālī,12
3,84,Medinan,1,Allāh,2
3,84,Medinan,37,Al-'Alī,5
3,84,Medinan,37,Al-'Alī,8
3,84,Medinan,68,Al-Aḥad,24
3,86,Medinan,1,Allāh,2
3,86,Medinan,52,Al-Ḥaqq,10
3,86,Medinan,1,Allāh,14
3,87,Medinan,37,Al-'Alī,3
3,87,Medinan,1,Allāh,5
3,89,Medinan,1,Allāh,8
3,89,Medinan,35,Al-Ghafūr,9
3,89,Medinan,3,Al-Raḥīm,10
3,91,Medinan,68,Al-Aḥad,9
3,92,Medinan,80,Al-Barr,2
3,92,Medinan,1,Allāh,13
3,92,Medinan,20,Al-'Alīm,15
3,93,Medinan,37,Al-'Alī,11
3,94,Medinan,37,Al-'Alī,2
3,94,Medinan,1,Allāh,3
3,95,Medinan,1,Allāh,2
3,96,Medinan,74,Al-Awwal,1
3,97,Medinan,1,Allāh,11
3,97,Medinan,37,Al-'Alī,12
3,97,Medinan,1,Allāh,24
3,98,Medinan,1,Allāh,6
3,98,Medinan,1,Allāh,7
3,98,Medinan,51,Al-Shahīd,8
3,98,Medinan,37,Al-'Alī,9
3,99,Medinan,1,Allāh,7
3,99,Medinan,1,Allāh,16
3,101,Medinan,37,Al-'Alī,4
3,101,Medinan,1,Allāh,6
3,101,Medinan,1,Allāh,12
3,102,Medinan,1,Allāh,4
3,102,Medinan,52,Al-Ḥaqq,5
3,103,Medinan,1,Allāh,2
3,103,Medinan,1,Allāh,9
3,103,Medinan,37,Al-'Alī,10
3,103,Medinan,37,Al-'Alī,21
3,103,Medinan,1,Allāh,31
3,104,Medinan,56,Al-Walī,0
3,105,Medinan,34,Al-'Aẓīm,14
3,107,Medinan,1,Allāh,6
3,108,Medinan,1,Allāh,2
3,108,Medinan,37,Al-'Alī,4
3,108,Medinan,52,Al-Ḥaqq,5
3,108,Medinan,1,Allāh,8
3,109,Medinan,1,Allāh,0
3,109,Medinan,78,Al-Wālī,8
3,109,Medinan,1,Allāh,9
3,110,Medinan,1,Allāh,11
3,110,Medinan,7,Al-Mu'min,22
3,111,Medinan,56,Al-Walī,7
3,112,Medinan,37,Al-'Alī,1
3,112,Medinan,1,Allāh,9
3,112,Medinan,1,Allāh,16
3,112,Medinan,37,Al-'Alī,18
3,112,Medinan,1,Allāh,26
3,112,Medinan,52,Al-Ḥaqq,30
3,113,Medinan,1,Allāh,11
3,114,Medinan,1,Allāh,1
3,115,Medinan,1,Allāh,7
3,115,Medinan,20,Al-'Alīm,8
3,116,Medinan,1,Allāh,10
3,117,Medinan,1,Allāh,20
3,119,Medinan,37,Al-'Alī,15
3,119,Medinan,1,Allāh,25
3,119,Medinan,20,Al-'Alīm,26
3,120,Medinan,1,Allāh,19
3,121,Medinan,7,Al-Mu'min,5
3,121,Medinan,1,Allāh,9
3,121,Medinan,27,Al-Samī',10
3,121,Medinan,20,Al-'Alīm,11
3,122,Medinan,1,Allāh,6
3,122,Medinan,56,Al-Walī,7
3,122,Medinan,1,Allāh,10
3,122,Medinan,7,Al-Mu'min,12
3,123,Medinan,1,Allāh,2
3,123,Medinan,1,Allāh,8
3,124,Medinan,7,Al-Mu'min,2
3,126,Medinan,1,Allāh,2
3,126,Medinan,1,Allāh,15
3,126,Medinan,9,Al-'Azīz,16
3,126,Medinan,47,Al-Ḥakīm,17
3,128,Medinan,37,Al-'Alī,7
3,129,Medinan,1,Allāh,0
3,129,Medinan,1,Allāh,15
3,129,Medinan,35,Al-Ghafūr,16
3,129,Medinan,3,Al-Raḥīm,17
3,130,Medinan,1,Allāh,10
3,132,Medinan,1,Allāh,1
3,134,Medinan,1,Allāh,11
3,135,Medinan,1,Allāh,8
3,135,Medinan,1,Allāh,15
3,135,Medinan,37,Al-'Alī,18
3,139,Medinan,7,Al-Mu'min,8
3,140,Medinan,1,Allāh,15
3,140,Medinan,1,Allāh,22
3,141,Medinan,1,Allāh,1
3,142,Medinan,1,Allāh,7
3,144,Medinan,37,Al-'Alī,15
3,144,Medinan,37,Al-'Alī,20
3,144,Medinan,1,Allāh,24
3,144,Medinan,1,Allāh,28
3,145,Medinan,1,Allāh,7
3,146,Medinan,1,Allāh,13
3,146,Medinan,1,Allāh,19
3,147,Medinan,37,Al-'Alī,16
3,148,Medinan,1,Allāh,1
3,148,Medinan,1,Allāh,8
3,149,Medinan,37,Al-'Alī,8
3,150,Medinan,1,Allāh,1
3,151,Medinan,1,Allāh,8
3,152,Medinan,1,Allāh,2
3,152,Medinan,1,Allāh,40
3,152,Medinan,37,Al-'Alī,43
3,152,Medinan,7,Al-Mu'min,44
3,153,Medinan,37,Al-'Alī,5
3,153,Medinan,68,Al-Aḥad,6
3,153,Medinan,75,Al-Ākhir,10
3,153,Medinan,37,Al-'Alī,16
3,153,Medinan,1,Allāh,23
3,153,Medinan,32,Al-Khabīr,24
3,154,Medinan,37,Al-'Alī,2
3,154,Medinan,1,Allāh,17
3,154,Medinan,52,Al-Ḥaqq,19
3,154,Medinan,1,Allāh,35
3,154,Medinan,37,Al-'Alī,64
3,154,Medinan,1,Allāh,70
3,154,Medinan,1,Allāh,79
3,154,Medinan,20,Al-'Alīm,80
3,155,Medinan,1,Allāh,16
3,155,Medinan,1,Allāh,20
3,155,Medinan,35,Al-Ghafūr,21
3,155,Medinan,33,Al-Ḥalīm,22
3,156,Medinan,1,Allāh,24
3,156,Medinan,1,Allāh,30
3,156,Medinan,1,Allāh,34
3,156,Medinan,28,Al-Baṣīr,37
3,157,Medinan,1,Allāh,4
3,157,Medinan,1,Allāh,9
3,158,Medinan,1,Allāh,5
3,159,Medinan,1,Allāh,3
3,159,Medinan,37,Al-'Alī,27
3,159,Medinan,1,Allāh,28
3,159,Medinan,1,Allāh,31
3,160,Medinan,1,Allāh,2
3,160,Medinan,1,Allāh,17
3,160,Medinan,7,Al-Mu'min,19
3,162,Medinan,1,Allāh,3
3,162,Medinan,1,Allāh,8
3,163,Medinan,1,Allāh,3
3,163,Medinan,1,Allāh,5
3,163,Medinan,28,Al-Baṣīr,6
3,164,Medinan,1,Allāh,2
3,164,Medinan,37,Al-'Alī,3
3,164,Medinan,7,Al-Mu'min,4
3,164,Medinan,37,Al-'Alī,12
3,165,Medinan,1,Allāh,17
3,165,Medinan,37,Al-'Alī,18
3,166,Medinan,1,Allāh,6
3,166,Medinan,7,Al-Mu'min,8
3,167,Medinan,1,Allāh,10
3,167,Medinan,1,Allāh,34
3,169,Medinan,1,Allāh,6
3,170,Medinan,1,Allāh,3
3,170,Medinan,37,Al-'Alī,15
3,171,Medinan,1,Allāh,4
3,171,Medinan,1,Allāh,7
3,171,Medinan,7,Al-Mu'min,11
3,172,Medinan,1,Allāh,2
3,172,Medinan,34,Al-'Aẓīm,15
3,173,Medinan,1,Allāh,14
3,173,Medinan,53,Al-Wakīl,16
3,174,Medinan,1,Allāh,3
3,174,Medinan,1,Allāh,10
3,174,Medinan,1,Allāh,12
3,174,Medinan,34,Al-'Aẓīm,15
3,175,Medinan,7,Al-Mu'min,10
3,176,Medinan,1,Allāh,10
3,176,Medinan,1,Allāh,14
3,176,Medinan,34,Al-'Aẓīm,24
3,177,Medinan,1,Allāh,7
3,179,Medinan,1,Allāh,2
3,179,Medinan,7,Al-Mu'min,4
3,179,Medinan,37,Al-'Alī,5
3,179,Medinan,1,Allāh,17
3,179,Medinan,37,Al-'Alī,19
3,179,Medinan,1,Allāh,22
3,179,Medinan,1,Allāh,30
3,179,Medinan,34,Al-'Aẓīm,38
3,180,Medinan,1,Allāh,6
3,180,Medinan,1,Allāh,25
3,180,Medinan,1,Allāh,30
3,180,Medinan,32,Al-Khabīr,33
3,181,Medinan,1,Allāh,2
3,181,Medinan,1,Allāh,7
3,181,Medinan,52,Al-Ḥaqq,18
3,182,Medinan,1,Allāh,5
3,183,Medinan,1,Allāh,3
3,187,Medinan,1,Allāh,2
3,189,Medinan,1,Allāh,0
3,189,Medinan,1,Allāh,5
3,189,Medinan,37,Al-'Alī,6
3,191,Medinan,1,Allāh,2
3,194,Medinan,37,Al-'Alī,4
3,195,Medinan,1,Allāh,40
3,195,Medinan,1,Allāh,42
3,198,Medinan,1,Allāh,15
3,198,Medinan,1,Allāh,19
3,199,Medinan,1,Allāh,6
3,199,Medinan,1,Allāh,14
3,199,Medinan,1,Allāh,18
3,199,Medinan,1,Allāh,29
3,200,Medinan,1,Allāh,7
4,1,Medinan,1,Allāh,19
4,1,Medinan,1,Allāh,26
4,1,Medinan,37,Al-'Alī,28
4,3,Medinan,4,Al-Malik,23
4,5,Medinan,1,Allāh,6
4,6,Medinan,37,Al-'Alī,37
4,6,Medinan,1,Allāh,40
4,9,Medinan,37,Al-'Alī,9
4,9,Medinan,1,Allāh,11
4,11,Medinan,1,Allāh,1
4,11,Medinan,1,Allāh,74
4,11,Medinan,1,Allāh,77
4,11,Medinan,20,Al-'Alīm,79
4,12,Medinan,1,Allāh,94
4,12,Medinan,1,Allāh,96
4,12,Medinan,20,Al-'Alīm,97
4,12,Medinan,33,Al-Ḥalīm,98
4,13,Medinan,1,Allāh,2
4,13,Medinan,1,Allāh,6
4,13,Medinan,34,Al-'Aẓīm,19
4,14,Medinan,1,Allāh,2
4,15,Medinan,37,Al-'Alī,6
4,15,Medinan,1,Allāh,20
4,16,Medinan,1,Allāh,12
4,16,Medinan,3,Al-Raḥīm,15
4,17,Medinan,37,Al-'Alī,2
4,17,Medinan,1,Allāh,3
4,17,Medinan,1,Allāh,14
4,17,Medinan,37,Al-'Alī,15
4,17,Medinan,1,Allāh,18
4,17,Medinan,20,Al-'Alīm,19
4,18,Medinan,68,Al-Aḥad,8
4,19,Medinan,1,Allāh,33
4,20,Medinan,68,Al-Aḥad,7
4,23,Medinan,37,Al-'Alī,1
4,23,Medinan,37,Al-'Alī,35
4,23,Medinan,1,Allāh,51
4,24,Medinan,4,Al-Malik,6
4,24,Medinan,1,Allāh,10
4,24,Medinan,37,Al-'Alī,11
4,24,Medinan,37,Al-'Alī,35
4,24,Medinan,1,Allāh,44
4,24,Medinan,20,Al-'Alīm,46
4,25,Medinan,4,Al-Malik,11
4,25,Medinan,1,Allāh,17
4,25,Medinan,37,Al-'Alī,46
4,25,Medinan,1,Allāh,62
4,25,Medinan,35,Al-Ghafūr,63
4,25,Medinan,3,Al-Raḥīm,64
4,26,Medinan,1,Allāh,1
4,26,Medinan,37,Al-'Alī,10
4,26,Medinan,1,Allāh,12
4,26,Medinan,20,Al-'Alīm,13
4,26,Medinan,47,Al-Ḥakīm,14
4,27,Medinan,1,Allāh,0
4,27,Medinan,37,Al-'Alī,4
4,28,Medinan,1,Allāh,1
4,29,Medinan,1,Allāh,21
4,30,Medinan,37,Al-'Alī,11
4,30,Medinan,1,Allāh,12
4,32,Medinan,1,Allāh,4
4,32,Medinan,37,Al-'Alī,7
4,32,Medinan,1,Allāh,21
4,32,Medinan,1,Allāh,26
4,33,Medinan,1,Allāh,15
4,33,Medinan,37,Al-'Alī,17
4,33,Medinan,51,Al-Shahīd,20
4,34,Medinan,37,Al-'Alī,2
4,34,Medinan,1,Allāh,6
4,34,Medinan,37,Al-'Alī,8
4,34,Medinan,1,Allāh,21
4,34,Medinan,37,Al-'Alī,36
4,34,Medinan,1,Allāh,40
4,35,Medinan,1,Allāh,15
4,35,Medinan,1,Allāh,19
4,35,Medinan,20,Al-'Alīm,21
4,36,Medinan,1,Allāh,2
4,36,Medinan,4,Al-Malik,24
4,36,Medinan,1,Allāh,28
4,37,Medinan,1,Allāh,8
4,38,Medinan,1,Allāh,7
4,39,Medinan,37,Al-'Alī,1
4,39,Medinan,1,Allāh,4
4,39,Medinan,1,Allāh,10
4,39,Medinan,1,Allāh,13
4,39,Medinan,20,Al-'Alīm,15
4,40,Medinan,1,Allāh,1
4,41,Medinan,37,Al-'Alī,9
4,42,Medinan,1,Allāh,12
4,43,Medinan,37,Al-'Alī,24
4,43,Medinan,68,Al-Aḥad,28
4,43,Medinan,1,Allāh,46
4,43,Medinan,35,Al-Ghafūr,49
4,45,Medinan,1,Allāh,0
4,45,Medinan,1,Allāh,5
4,45,Medinan,1,Allāh,8
4,46,Medinan,1,Allāh,33
4,47,Medinan,37,Al-'Alī,16
4,47,Medinan,1,Allāh,27
4,48,Medinan,1,Allāh,1
4,48,Medinan,1,Allāh,16
4,48,Medinan,34,Al-'Aẓīm,20
4,49,Medinan,1,Allāh,8
4,50,Medinan,37,Al-'Alī,3
4,50,Medinan,1,Allāh,4
4,52,Medinan,1,Allāh,3
4,52,Medinan,1,Allāh,7
4,53,Medinan,4,Al-Malik,4
4,54,Medinan,37,Al-'Alī,3
4,54,Medinan,1,Allāh,6
4,54,Medinan,4,Al-Malik,17
4,56,Medinan,1,Allāh,17
4,56,Medinan,9,Al-'Azīz,19
4,58,Medinan,1,Allāh,2
4,58,Medinan,29,Al-Ḥakam,10
4,58,Medinan,30,Al-'Adl,15
4,58,Medinan,1,Allāh,18
4,58,Medinan,1,Allāh,24
4,59,Medinan,1,Allāh,4
4,59,Medinan,1,Allāh,17
4,59,Medinan,1,Allāh,22
4,61,Medinan,1,Allāh,7
4,61,Medinan,78,Al-Wālī,8
4,62,Medinan,1,Allāh,10
4,63,Medinan,1,Allāh,3
4,64,Medinan,1,Allāh,7
4,64,Medinan,1,Allāh,16
4,64,Medinan,1,Allāh,21
4,65,Medinan,29,Al-Ḥakam,5
4,66,Medinan,37,Al-'Alī,3
4,69,Medinan,1,Allāh,2
4,69,Medinan,1,Allāh,8
4,69,Medinan,37,Al-'Alī,9
4,70,Medinan,1,Allāh,3
4,70,Medinan,1,Allāh,6
4,72,Medinan,1,Allāh,10
4,72,Medinan,37,Al-'Alī,11
4,73,Medinan,1,Allāh,4
4,74,Medinan,1,Allāh,4
4,74,Medinan,1,Allāh,15
4,75,Medinan,1,Allāh,6
4,76,Medinan,1,Allāh,5
4,77,Medinan,37,Al-'Alī,14
4,77,Medinan,1,Allāh,22
4,77,Medinan,37,Al-'Alī,31
4,78,Medinan,1,Allāh,17
4,78,Medinan,1,Allāh,31
4,79,Medinan,1,Allāh,5
4,79,Medinan,1,Allāh,19
4,80,Medinan,1,Allāh,5
4,80,Medinan,37,Al-'Alī,11
4,81,Medinan,1,Allāh,13
4,81,Medinan,37,Al-'Alī,21
4,81,Medinan,1,Allāh,22
4,81,Medinan,1,Allāh,25
4,81,Medinan,53,Al-Wakīl,26
4,82,Medinan,1,Allāh,9
4,83,Medinan,78,Al-Wālī,14
4,83,Medinan,1,Allāh,25
4,83,Medinan,37,Al-'Alī,26
4,84,Medinan,1,Allāh,3
4,84,Medinan,7,Al-Mu'min,10
4,84,Medinan,1,Allāh,13
4,84,Medinan,1,Allāh,20
4,85,Medinan,1,Allāh,19
4,85,Medinan,37,Al-'Alī,20
4,86,Medinan,1,Allāh,10
4,86,Medinan,37,Al-'Alī,12
4,86,Medinan,41,Al-Ḥasīb,15
4,87,Medinan,1,Allāh,0
4,87,Medinan,1,Allāh,17
4,88,Medinan,1,Allāh,6
4,88,Medinan,1,Allāh,16
4,88,Medinan,1,Allāh,20
4,89,Medinan,1,Allāh,16
4,90,Medinan,1,Allāh,20
4,90,Medinan,37,Al-'Alī,22
4,90,Medinan,1,Allāh,34
4,90,Medinan,37,Al-'Alī,36
4,91,Medinan,37,Al-'Alī,31
4,92,Medinan,7,Al-Mu'min,2
4,92,Medinan,7,Al-Mu'min,5
4,92,Medinan,7,Al-Mu'min,11
4,92,Medinan,7,Al-Mu'min,31
4,92,Medinan,1,Allāh,59
4,92,Medinan,1,Allāh,62
4,92,Medinan,20,Al-'Alīm,63
4,93,Medinan,1,Allāh,9
4,94,Medinan,1,Allāh,7
4,94,Medinan,1,Allāh,22
4,94,Medinan,1,Allāh,31
4,94,Medinan,37,Al-'Alī,32
4,94,Medinan,1,Allāh,36
4,95,Medinan,7,Al-Mu'min,4
4,95,Medinan,1,Allāh,11
4,95,Medinan,1,Allāh,16
4,95,Medinan,37,Al-'Alī,20
4,95,Medinan,1,Allāh,26
4,95,Medinan,1,Allāh,30
4,95,Medinan,37,Al-'Alī,32
4,96,Medinan,1,Allāh,6
4,96,Medinan,3,Al-Raḥīm,8
4,97,Medinan,1,Allāh,20
4,99,Medinan,1,Allāh,2
4,99,Medinan,1,Allāh,8
4,100,Medinan,1,Allāh,5
4,100,Medinan,1,Allāh,19
4,100,Medinan,37,Al-'Alī,27
4,100,Medinan,1,Allāh,28
4,100,Medinan,1,Allāh,31
4,101,Medinan,37,Al-'Alī,5
4,102,Medinan,75,Al-Ākhir,19
4,102,Medinan,37,Al-'Alī,37
4,102,Medinan,37,Al-'Alī,43
4,102,Medinan,1,Allāh,61
4,103,Medinan,1,Allāh,4
4,103,Medinan,37,Al-'Alī,18
4,103,Medinan,7,Al-Mu'min,19
4,104,Medinan,1,Allāh,16
4,104,Medinan,1,Allāh,22
4,104,Medinan,20,Al-'Alīm,23
4,104,Medinan,47,Al-Ḥakīm,24
4,105,Medinan,52,Al-Ḥaqq,4
4,105,Medinan,1,Allāh,10
4,106,Medinan,1,Allāh,1
4,106,Medinan,1,Allāh,4
4,107,Medinan,1,Allāh,8
4,108,Medinan,1,Allāh,6
4,108,Medinan,1,Allāh,18
4,109,Medinan,1,Allāh,9
4,109,Medinan,37,Al-'Alī,16
4,110,Medinan,1,Allāh,8
4,110,Medinan,1,Allāh,10
4,111,Medinan,37,Al-'Alī,5
4,111,Medinan,1,Allāh,9
4,111,Medinan,20,Al-'Alīm,10
4,113,Medinan,1,Allāh,2
4,113,Medinan,37,Al-'Alī,3
4,113,Medinan,1,Allāh,21
4,113,Medinan,37,Al-'Alī,22
4,113,Medinan,1,Allāh,33
4,113,Medinan,37,Al-'Alī,34
4,114,Medinan,1,Allāh,23
4,115,Medinan,7,Al-Mu'min,12
4,116,Medinan,1,Allāh,1
4,116,Medinan,1,Allāh,16
4,118,Medinan,1,Allāh,1
4,119,Medinan,1,Allāh,9
4,119,Medinan,1,Allāh,17
4,122,Medinan,1,Allāh,15
4,122,Medinan,1,Allāh,21
4,123,Medinan,1,Allāh,17
4,124,Medinan,7,Al-Mu'min,9
4,125,Medinan,1,Allāh,6
4,125,Medinan,1,Allāh,15
4,126,Medinan,1,Allāh,0
4,126,Medinan,1,Allāh,9
4,127,Medinan,1,Allāh,5
4,127,Medinan,37,Al-'Alī,10
4,127,Medinan,1,Allāh,38
4,128,Medinan,1,Allāh,27
4,129,Medinan,1,Allāh,20
4,130,Medinan,89,Al-Ghanī,2
4,130,Medinan,1,Allāh,3
4,130,Medinan,1,Allāh,9
4,131,Medinan,1,Allāh,0
4,131,Medinan,1,Allāh,18
4,131,Medinan,1,Allāh,23
4,131,Medinan,1,Allāh,32
4,131,Medinan,89,Al-Ghanī,33
4,132,Medinan,1,Allāh,0
4,132,Medinan,1,Allāh,9
4,132,Medinan,53,Al-Wakīl,10
4,133,Medinan,1,Allāh,9
4,133,Medinan,37,Al-'Alī,10
4,134,Medinan,1,Allāh,6
4,134,Medinan,1,Allāh,12
4,135,Medinan,1,Allāh,8
4,135,Medinan,37,Al-'Alī,10
4,135,Medinan,89,Al-Ghanī,18
4,135,Medinan,1,Allāh,21
4,135,Medinan,74,Al-Awwal,22
4,135,Medinan,1,Allāh,36
4,136,Medinan,1,Allāh,4
4,136,Medinan,37,Al-'Alī,9
4,136,Medinan,1,Allāh,19
4,137,Medinan,1,Allāh,14
4,139,Medinan,7,Al-Mu'min,6
4,139,Medinan,1,Allāh,13
4,140,Medinan,37,Al-'Alī,2
4,140,Medinan,1,Allāh,9
4,140,Medinan,1,Allāh,28
4,140,Medinan,88,Al-Jāmi',29
4,141,Medinan,1,Allāh,8
4,141,Medinan,37,Al-'Alī,20
4,141,Medinan,7,Al-Mu'min,23
4,141,Medinan,1,Allāh,25
4,141,Medinan,1,Allāh,33
4,141,Medinan,37,Al-'Alī,35
4,141,Medinan,7,Al-Mu'min,36
4,142,Medinan,1,Allāh,3
4,142,Medinan,1,Allāh,16
4,143,Medinan,1,Allāh,12
4,144,Medinan,7,Al-Mu'min,9
4,144,Medinan,1,Allāh,14
4,144,Medinan,37,Al-'Alī,15
4,146,Medinan,1,Allāh,5
4,146,Medinan,1,Allāh,8
4,146,Medinan,7,Al-Mu'min,11
4,146,Medinan,1,Allāh,15
4,146,Medinan,7,Al-Mu'min,16
4,147,Medinan,1,Allāh,2
4,147,Medinan,1,Allāh,9
4,147,Medinan,105,Al-Shākir,10
4,148,Medinan,1,Allāh,3
4,148,Medinan,1,Allāh,13
4,148,Medinan,27,Al-Samī',14
4,148,Medinan,20,Al-'Alīm,15
4,149,Medinan,1,Allāh,10
4,150,Medinan,1,Allāh,3
4,150,Medinan,1,Allāh,9
4,152,Medinan,1,Allāh,2
4,152,Medinan,68,Al-Aḥad,7
4,152,Medinan,1,Allāh,15
4,153,Medinan,37,Al-'Alī,5
4,153,Medinan,1,Allāh,18
4,155,Medinan,1,Allāh,5
4,155,Medinan,52,Al-Ḥaqq,9
4,155,Medinan,1,Allāh,16
4,155,Medinan,37,Al-'Alī,17
4,156,Medinan,37,Al-'Alī,2
4,157,Medinan,1,Allāh,8
4,158,Medinan,1,Allāh,2
4,158,Medinan,1,Allāh,6
4,158,Medinan,9,Al-'Azīz,7
4,159,Medinan,37,Al-'Alī,13
4,160,Medinan,37,Al-'Alī,5
4,160,Medinan,1,Allāh,12
4,162,Medinan,7,Al-Mu'min,5
4,162,Medinan,7,Al-Mu'min,20
4,162,Medinan,1,Allāh,21
4,162,Medinan,34,Al-'Aẓīm,27
4,164,Medinan,37,Al-'Alī,3
4,164,Medinan,37,Al-'Alī,9
4,164,Medinan,1,Allāh,12
4,165,Medinan,37,Al-'Alī,6
4,165,Medinan,1,Allāh,7
4,165,Medinan,1,Allāh,13
4,165,Medinan,9,Al-'Azīz,14
4,166,Medinan,1,Allāh,1
4,166,Medinan,1,Allāh,14
4,166,Medinan,51,Al-Shahīd,15
4,167,Medinan,1,Allāh,6
4,168,Medinan,1,Allāh,6
4,169,Medinan,37,Al-'Alī,9
4,169,Medinan,1,Allāh,10
4,170,Medinan,52,Al-Ḥaqq,5
4,170,Medinan,1,Allāh,15
4,170,Medinan,1,Allāh,22
4,170,Medinan,20,Al-'Alīm,23
4,171,Medinan,37,Al-'Alī,8
4,171,Medinan,1,Allāh,9
4,171,Medinan,52,Al-Ḥaqq,11
4,171,Medinan,1,Allāh,19
4,171,Medinan,1,Allāh,28
4,171,Medinan,1,Allāh,40
4,171,Medinan,1,Allāh,59
4,172,Medinan,1,Allāh,6
4,173,Medinan,1,Allāh,23
4,175,Medinan,1,Allāh,3
4,176,Medinan,1,Allāh,2
4,176,Medinan,1,Allāh,47
4,176,Medinan,1,Allāh,52
4,176,Medinan,20,Al-'Alīm,55
5,1,Medinan,37,Al-'Alī,13
5,1,Medinan,1,Allāh,21
5,2,Medinan,1,Allāh,6
5,2,Medinan,37,Al-'Alī,41
5,2,Medinan,80,Al-Barr,42
5,2,Medinan,37,Al-'Alī,47
5,2,Medinan,1,Allāh,52
5,2,Medinan,1,Allāh,55
5,3,Medinan,37,Al-'Alī,1
5,3,Medinan,1,Allāh,9
5,3,Medinan,37,Al-'Alī,23
5,3,Medinan,37,Al-'Alī,47
5,3,Medinan,1,Allāh,63
5,3,Medinan,35,Al-Ghafūr,64
5,3,Medinan,3,Al-Raḥīm,65
5,4,Medinan,1,Allāh,18
5,4,Medinan,37,Al-'Alī,23
5,4,Medinan,1,Allāh,26
5,4,Medinan,1,Allāh,30
5,4,Medinan,1,Allāh,33
5,6,Medinan,37,Al-'Alī,27
5,6,Medinan,68,Al-Aḥad,31
5,6,Medinan,1,Allāh,51
5,6,Medinan,37,Al-'Alī,53
5,6,Medinan,56,Al-Walī,59
5,6,Medinan,37,Al-'Alī,61
5,7,Medinan,1,Allāh,2
5,7,Medinan,37,Al-'Alī,3
5,7,Medinan,1,Allāh,14
5,7,Medinan,1,Allāh,17
5,7,Medinan,20,Al-'Alīm,18
5,8,Medinan,1,Allāh,5
5,8,Medinan,37,Al-'Alī,13
5,8,Medinan,1,Allāh,23
5,8,Medinan,1,Allāh,26
5,8,Medinan,32,Al-Khabīr,27
5,9,Medinan,1,Allāh,1
5,9,Medinan,34,Al-'Aẓīm,10
5,11,Medinan,1,Allāh,5
5,11,Medinan,37,Al-'Alī,6
5,11,Medinan,1,Allāh,19
5,11,Medinan,1,Allāh,22
5,11,Medinan,7,Al-Mu'min,24
5,12,Medinan,1,Allāh,3
5,12,Medinan,1,Allāh,14
5,12,Medinan,1,Allāh,27
5,13,Medinan,37,Al-'Alī,22
5,13,Medinan,1,Allāh,34
5,14,Medinan,1,Allāh,22
5,15,Medinan,1,Allāh,20
5,15,Medinan,94,Al-Nūr,21
5,16,Medinan,1,Allāh,2
5,16,Medinan,94,Al-Nūr,12
5,17,Medinan,1,Allāh,5
5,17,Medinan,1,Allāh,15
5,17,Medinan,1,Allāh,30
5,17,Medinan,1,Allāh,41
5,17,Medinan,37,Al-'Alī,42
5,18,Medinan,1,Allāh,5
5,18,Medinan,1,Allāh,26
5,18,Medinan,78,Al-Wālī,33
5,19,Medinan,37,Al-'Alī,7
5,19,Medinan,1,Allāh,25
5,19,Medinan,37,Al-'Alī,26
5,20,Medinan,1,Allāh,7
5,20,Medinan,37,Al-'Alī,8
5,21,Medinan,1,Allāh,6
5,21,Medinan,37,Al-'Alī,10
5,22,Medinan,10,Al-Jabbār,5
5,23,Medinan,1,Allāh,6
5,23,Medinan,37,Al-'Alī,7
5,23,Medinan,37,Al-'Alī,9
5,23,Medinan,1,Allāh,17
5,23,Medinan,7,Al-Mu'min,21
5,26,Medinan,37,Al-'Alī,3
5,26,Medinan,37,Al-'Alī,14
5,27,Medinan,37,Al-'Alī,2
5,27,Medinan,52,Al-Ḥaqq,6
5,27,Medinan,68,Al-Aḥad,12
5,27,Medinan,1,Allāh,23
5,28,Medinan,1,Allāh,14
5,31,Medinan,1,Allāh,1
5,32,Medinan,37,Al-'Alī,4
5,32,Medinan,63,Al-Ḥayy,24
5,33,Medinan,1,Allāh,4
5,33,Medinan,34,Al-'Aẓīm,35
5,34,Medinan,37,Al-'Alī,7
5,34,Medinan,1,Allāh,11
5,34,Medinan,35,Al-Ghafūr,12
5,34,Medinan,3,Al-Raḥīm,13
5,35,Medinan,1,Allāh,4
5,38,Medinan,1,Allāh,9
5,38,Medinan,1,Allāh,11
5,38,Medinan,9,Al-'Azīz,12
5,38,Medinan,47,Al-Ḥakīm,13
5,39,Medinan,1,Allāh,7
5,39,Medinan,1,Allāh,12
5,39,Medinan,35,Al-Ghafūr,13
5,39,Medinan,3,Al-Raḥīm,14
5,40,Medinan,1,Allāh,3
5,40,Medinan,1,Allāh,15
5,40,Medinan,37,Al-'Alī,16
5,41,Medinan,1,Allāh,48
5,41,Medinan,1,Allāh,54
5,41,Medinan,1,Allāh,61
5,41,Medinan,34,Al-'Aẓīm,75
5,42,Medinan,29,Al-Ḥakam,21
5,42,Medinan,1,Allāh,27
5,42,Medinan,87,Al-Muqsiṭ,29
5,43,Medinan,29,Al-Ḥakam,1
5,43,Medinan,29,Al-Ḥakam,5
5,43,Medinan,1,Allāh,6
5,43,Medinan,7,Al-Mu'min,15
5,44,Medinan,1,Allāh,20
5,44,Medinan,1,Allāh,40
5,45,Medinan,37,Al-'Alī,1
5,45,Medinan,1,Allāh,29
5,46,Medinan,37,Al-'Alī,1
5,47,Medinan,1,Allāh,5
5,47,Medinan,1,Allāh,13
5,48,Medinan,52,Al-Ḥaqq,3
5,48,Medinan,8,Al-Muhaymin,10
5,48,Medinan,1,Allāh,17
5,48,Medinan,52,Al-Ḥaqq,25
5,48,Medinan,1,Allāh,35
5,48,Medinan,1,Allāh,49
5,49,Medinan,1,Allāh,5
5,49,Medinan,1,Allāh,16
5,49,Medinan,1,Allāh,24
5,50,Medinan,1,Allāh,7
5,51,Medinan,1,Allāh,21
5,52,Medinan,1,Allāh,14
5,52,Medinan,37,Al-'Alī,23
5,53,Medinan,1,Allāh,6
5,54,Medinan,1,Allāh,10
5,54,Medinan,37,Al-'Alī,15
5,54,Medinan,7,Al-Mu'min,16
5,54,Medinan,37,Al-'Alī,18
5,54,Medinan,1,Allāh,23
5,54,Medinan,1,Allāh,31
5,54,Medinan,1,Allāh,36
5,54,Medinan,20,Al-'Alīm,38
5,55,Medinan,56,Al-Walī,1
5,55,Medinan,1,Allāh,2
5,56,Medinan,1,Allāh,2
5,56,Medinan,1,Allāh,8
5,57,Medinan,1,Allāh,20
5,57,Medinan,7,Al-Mu'min,23
5,59,Medinan,1,Allāh,9
5,60,Medinan,1,Allāh,8
5,60,Medinan,1,Allāh,12
5,61,Medinan,1,Allāh,12
5,64,Medinan,1,Allāh,3
5,64,Medinan,1,Allāh,43
5,64,Medinan,1,Allāh,50
5,67,Medinan,1,Allāh,17
5,67,Medinan,1,Allāh,23
5,68,Medinan,37,Al-'Alī,4
5,68,Medinan,37,Al-'Alī,29
5,69,Medinan,1,Allāh,9
5,69,Medinan,37,Al-'Alī,16
5,71,Medinan,1,Allāh,8
5,71,Medinan,37,Al-'Alī,9
5,71,Medinan,1,Allāh,16
5,71,Medinan,28,Al-Baṣīr,17
5,72,Medinan,1,Allāh,5
5,72,Medinan,1,Allāh,16
5,72,Medinan,1,Allāh,23
5,72,Medinan,1,Allāh,26
5,73,Medinan,1,Allāh,5
5,74,Medinan,1,Allāh,3
5,74,Medinan,1,Allāh,6
5,74,Medinan,35,Al-Ghafūr,7
5,74,Medinan,3,Al-Raḥīm,8
5,76,Medinan,1,Allāh,4
5,76,Medinan,1,Allāh,13
5,76,Medinan,27,Al-Samī',15
5,76,Medinan,20,Al-'Alīm,16
5,77,Medinan,52,Al-Ḥaqq,8
5,78,Medinan,37,Al-'Alī,6
5,80,Medinan,1,Allāh,14
5,80,Medinan,37,Al-'Alī,15
5,81,Medinan,1,Allāh,3
5,83,Medinan,52,Al-Ḥaqq,14
5,84,Medinan,1,Allāh,4
5,84,Medinan,52,Al-Ḥaqq,8
5,85,Medinan,1,Allāh,1
5,87,Medinan,1,Allāh,8
5,87,Medinan,1,Allāh,14
5,88,Medinan,1,Allāh,3
5,88,Medinan,1,Allāh,8
5,88,Medinan,7,Al-Mu'min,12
5,89,Medinan,1,Allāh,2
5,89,Medinan,1,Allāh,45
5,91,Medinan,1,Allāh,14
5,92,Medinan,1,Allāh,1
5,92,Medinan,37,Al-'Alī,10
5,93,Medinan,37,Al-'Alī,1
5,93,Medinan,1,Allāh,22
5,94,Medinan,1,Allāh,4
5,94,Medinan,1,Allāh,12
5,95,Medinan,30,Al-'Adl,22
5,95,Medinan,30,Al-'Adl,32
5,95,Medinan,1,Allāh,40
5,95,Medinan,1,Allāh,47
5,95,Medinan,1,Allāh,50
5,95,Medinan,9,Al-'Azīz,51
5,96,Medinan,37,Al-'Alī,10
5,96,Medinan,80,Al-Barr,12
5,96,Medinan,1,Allāh,18
5,97,Medinan,1,Allāh,2
5,97,Medinan,1,Allāh,16
5,97,Medinan,1,Allāh,25
5,97,Medinan,20,Al-'Alīm,28
5,98,Medinan,1,Allāh,2
5,98,Medinan,1,Allāh,6
5,98,Medinan,35,Al-Ghafūr,7
5,98,Medinan,3,Al-Raḥīm,8
5,99,Medinan,37,Al-'Alī,1
5,99,Medinan,1,Allāh,6
5,100,Medinan,1,Allāh,11
5,101,Medinan,1,Allāh,20
5,101,Medinan,1,Allāh,23
5,101,Medinan,35,Al-Ghafūr,24
5,101,Medinan,33,Al-Ḥalīm,25
5,103,Medinan,1,Allāh,2
5,103,Medinan,37,Al-'Alī,16
5,103,Medinan,1,Allāh,17
5,104,Medinan,1,Allāh,7
5,104,Medinan,78,Al-Wālī,8
5,104,Medinan,74,Al-Awwal,17
5,105,Medinan,37,Al-'Alī,3
5,105,Medinan,1,Allāh,14
5,106,Medinan,68,Al-Aḥad,7
5,106,Medinan,30,Al-'Adl,13
5,106,Medinan,1,Allāh,33
5,106,Medinan,1,Allāh,48
5,107,Medinan,37,Al-'Alī,2
5,107,Medinan,37,Al-'Alī,12
5,107,Medinan,74,Al-Awwal,13
5,107,Medinan,1,Allāh,15
5,108,Medinan,37,Al-'Alī,5
5,108,Medinan,1,Allāh,16
5,108,Medinan,1,Allāh,19
5,109,Medinan,1,Allāh,3
5,110,Medinan,1,Allāh,2
5,110,Medinan,37,Al-'Alī,8
5,112,Medinan,37,Al-'Alī,11
5,112,Medinan,1,Allāh,18
5,112,Medinan,7,Al-Mu'min,21
5,113,Medinan,37,Al-'Alī,12
5,114,Medinan,37,Al-'Alī,7
5,114,Medinan,74,Al-Awwal,14
5,115,Medinan,1,Allāh,1
5,115,Medinan,37,Al-'Alī,4
5,116,Medinan,1,Allāh,2
5,116,Medinan,1,Allāh,14
5,116,Medinan,52,Al-Ḥaqq,26
5,117,Medinan,1,Allāh,9
5,117,Medinan,37,Al-'Alī,14
5,117,Medinan,44,Al-Raqīb,24
5,117,Medinan,37,Al-'Alī,25
5,117,Medinan,37,Al-'Alī,28
5,117,Medinan,51,Al-Shahīd,31
5,118,Medinan,9,Al-'Azīz,10
5,118,Medinan,47,Al-Ḥakīm,11
5,119,Medinan,1,Allāh,1
5,119,Medinan,1,Allāh,19
5,119,Medinan,34,Al-'Aẓīm,26
5,120,Medinan,1,Allāh,0
5,120,Medinan,37,Al-'Alī,8
6,1,Meccan,1,Allāh,1
6,1,Meccan,94,Al-Nūr,8
6,1,Meccan,30,Al-'Adl,14
6,3,Meccan,1,Allāh,1
6,5,Meccan,52,Al-Ḥaqq,2
6,6,Meccan,37,Al-'Alī,17
6,7,Meccan,37,Al-'Alī,2
6,8,Meccan,4,Al-Malik,4
6,9,Meccan,37,Al-'Alī,6
6,12,Meccan,1,Allāh,8
6,12,Meccan,37,Al-'Alī,11
6,13,Meccan,27,Al-Samī',9
6,13,Meccan,20,Al-'Alīm,10
6,14,Meccan,1,Allāh,2
6,14,Meccan,74,Al-Awwal,18
6,15,Meccan,34,Al-'Aẓīm,8
6,17,Meccan,1,Allāh,2
6,17,Meccan,37,Al-'Alī,14
6,18,Meccan,47,Al-Ḥakīm,6
6,18,Meccan,32,Al-Khabīr,7
6,19,Meccan,1,Allāh,7
6,19,Meccan,51,Al-Shahīd,9
6,19,Meccan,1,Allāh,26
6,19,Meccan,75,Al-Ākhir,28
6,21,Meccan,37,Al-'Alī,4
6,21,Meccan,1,Allāh,5
6,23,Meccan,1,Allāh,7
6,24,Meccan,37,Al-'Alī,3
6,25,Meccan,37,Al-'Alī,6
6,25,Meccan,74,Al-Awwal,34
6,27,Meccan,37,Al-'Alī,4
6,27,Meccan,7,Al-Mu'min,15
6,30,Meccan,37,Al-'Alī,4
6,30,Meccan,52,Al-Ḥaqq,10
6,31,Meccan,1,Allāh,5
6,31,Meccan,37,Al-'Alī,14
6,31,Meccan,37,Al-'Alī,21
6,33,Meccan,1,Allāh,13
6,34,Meccan,37,Al-'Alī,6
6,34,Meccan,1,Allāh,17
6,35,Meccan,37,Al-'Alī,3
6,35,Meccan,1,Allāh,21
6,35,Meccan,37,Al-'Alī,23
6,36,Meccan,1,Allāh,8
6,37,Meccan,1,Allāh,10
6,37,Meccan,70,Al-Qādir,11
6,37,Meccan,37,Al-'Alī,12
6,39,Meccan,1,Allāh,10
6,39,Meccan,37,Al-'Alī,15
6,40,Meccan,1,Allāh,5
6,40,Meccan,1,Allāh,10
6,44,Meccan,37,Al-'Alī,6
6,45,Meccan,1,Allāh,7
6,46,Meccan,1,Allāh,4
6,46,Meccan,37,Al-'Alī,8
6,46,Meccan,1,Allāh,13
6,47,Meccan,1,Allāh,5
6,48,Meccan,37,Al-'Alī,12
6,50,Meccan,1,Allāh,6
6,50,Meccan,28,Al-Baṣīr,27
6,51,Meccan,56,Al-Walī,13
6,52,Meccan,37,Al-'Alī,11
6,52,Meccan,37,Al-'Alī,19
6,53,Meccan,1,Allāh,7
6,53,Meccan,37,Al-'Alī,8
6,53,Meccan,1,Allāh,13
6,54,Meccan,37,Al-'Alī,7
6,54,Meccan,37,Al-'Alī,11
6,54,Meccan,35,Al-Ghafūr,27
6,54,Meccan,3,Al-Raḥīm,28
6,56,Meccan,1,Allāh,9
6,57,Meccan,37,Al-'Alī,2
6,57,Meccan,1,Allāh,18
6,57,Meccan,52,Al-Ḥaqq,21
6,58,Meccan,1,Allāh,12
6,59,Meccan,80,Al-Barr,12
6,61,Meccan,37,Al-'Alī,6
6,61,Meccan,68,Al-Aḥad,11
6,62,Meccan,1,Allāh,3
6,62,Meccan,52,Al-Ḥaqq,5
6,63,Meccan,80,Al-Barr,5
6,64,Meccan,1,Allāh,1
6,65,Meccan,70,Al-Qādir,2
6,65,Meccan,37,Al-'Alī,3
6,65,Meccan,37,Al-'Alī,6
6,66,Meccan,52,Al-Ḥaqq,4
6,66,Meccan,37,Al-'Alī,8
6,69,Meccan,37,Al-'Alī,1
6,70,Meccan,1,Allāh,21
6,70,Meccan,56,Al-Walī,22
6,70,Meccan,30,Al-'Adl,28
6,71,Meccan,1,Allāh,4
6,71,Meccan,37,Al-'Alī,11
6,71,Meccan,1,Allāh,16
6,71,Meccan,1,Allāh,33
6,73,Meccan,52,Al-Ḥaqq,5
6,73,Meccan,52,Al-Ḥaqq,13
6,73,Meccan,4,Al-Malik,16
6,73,Meccan,47,Al-Ḥakīm,27
6,73,Meccan,32,Al-Khabīr,28
6,80,Meccan,1,Allāh,6
6,81,Meccan,1,Allāh,8
6,81,Meccan,37,Al-'Alī,13
6,83,Meccan,37,Al-'Alī,4
6,83,Meccan,47,Al-Ḥakīm,14
6,83,Meccan,20,Al-'Alīm,15
6,86,Meccan,37,Al-'Alī,7
6,88,Meccan,1,Allāh,2
6,90,Meccan,1,Allāh,3
6,91,Meccan,1,Allāh,2
6,91,Meccan,52,Al-Ḥaqq,3
6,91,Meccan,1,Allāh,9
6,91,Meccan,37,Al-'Alī,10
6,91,Meccan,1,Allāh,42
6,92,Meccan,37,Al-'Alī,21
6,93,Meccan,37,Al-'Alī,4
6,93,Meccan,1,Allāh,5
6,93,Meccan,1,Allāh,21
6,93,Meccan,37,Al-'Alī,43
6,93,Meccan,1,Allāh,44
6,93,Meccan,52,Al-Ḥaqq,46
6,94,Meccan,74,Al-Awwal,5
6,95,Meccan,1,Allāh,2
6,95,Meccan,63,Al-Ḥayy,8
6,95,Meccan,63,Al-Ḥayy,14
6,95,Meccan,1,Allāh,17
6,96,Meccan,9,Al-'Azīz,11
6,96,Meccan,20,Al-'Alīm,12
6,97,Meccan,80,Al-Barr,9
6,100,Meccan,1,Allāh,1
6,101,Meccan,96,Al-Badī',0
6,101,Meccan,20,Al-'Alīm,20
6,102,Meccan,1,Allāh,1
6,102,Meccan,37,Al-'Alī,15
6,102,Meccan,53,Al-Wakīl,18
6,103,Meccan,31,Al-Laṭīf,8
6,103,Meccan,32,Al-Khabīr,9
6,104,Meccan,37,Al-'Alī,16
6,107,Meccan,1,Allāh,2
6,107,Meccan,37,Al-'Alī,8
6,107,Meccan,37,Al-'Alī,13
6,108,Meccan,1,Allāh,6
6,108,Meccan,1,Allāh,8
6,109,Meccan,1,Allāh,1
6,109,Meccan,1,Allāh,14
6,110,Meccan,74,Al-Awwal,7
6,111,Meccan,37,Al-'Alī,9
6,111,Meccan,1,Allāh,19
6,114,Meccan,1,Allāh,1
6,114,Meccan,52,Al-Ḥaqq,19
6,115,Meccan,27,Al-Samī',11
6,115,Meccan,20,Al-'Alīm,12
6,116,Meccan,1,Allāh,9
6,118,Meccan,1,Allāh,4
6,118,Meccan,7,Al-Mu'min,9
6,119,Meccan,1,Allāh,7
6,119,Meccan,37,Al-'Alī,14
6,121,Meccan,1,Allāh,6
6,124,Meccan,1,Allāh,12
6,124,Meccan,1,Allāh,14
6,124,Meccan,1,Allāh,25
6,125,Meccan,1,Allāh,2
6,125,Meccan,1,Allāh,24
6,125,Meccan,37,Al-'Alī,26
6,127,Meccan,56,Al-Walī,8
6,128,Meccan,1,Allāh,32
6,128,Meccan,47,Al-Ḥakīm,36
6,128,Meccan,20,Al-'Alīm,37
6,130,Meccan,37,Al-'Alī,8
6,130,Meccan,37,Al-'Alī,17
6,130,Meccan,37,Al-'Alī,24
6,133,Meccan,89,Al-Ghanī,1
6,135,Meccan,37,Al-'Alī,3
6,136,Meccan,1,Allāh,1
6,136,Meccan,1,Allāh,10
6,136,Meccan,1,Allāh,21
6,136,Meccan,1,Allāh,25
6,136,Meccan,29,Al-Ḥakam,33
6,137,Meccan,37,Al-'Alī,10
6,137,Meccan,1,Allāh,15
6,138,Meccan,1,Allāh,18
6,138,Meccan,37,Al-'Alī,19
6,139,Meccan,37,Al-'Alī,9
6,139,Meccan,47,Al-Ḥakīm,23
6,139,Meccan,20,Al-'Alīm,24
6,140,Meccan,1,Allāh,11
6,140,Meccan,37,Al-'Alī,13
6,140,Meccan,1,Allāh,14
6,142,Meccan,1,Allāh,8
6,143,Meccan,25,Al-Mu'izz,7
6,144,Meccan,1,Allāh,23
6,144,Meccan,37,Al-'Alī,30
6,144,Meccan,1,Allāh,31
6,144,Meccan,1,Allāh,39
6,145,Meccan,37,Al-'Alī,8
6,145,Meccan,1,Allāh,27
6,145,Meccan,35,Al-Ghafūr,38
6,145,Meccan,3,Al-Raḥīm,39
6,146,Meccan,37,Al-'Alī,12
6,148,Meccan,1,Allāh,5
6,150,Meccan,1,Allāh,6
6,150,Meccan,30,Al-'Adl,28
6,151,Meccan,37,Al-'Alī,7
6,151,Meccan,1,Allāh,41
6,151,Meccan,52,Al-Ḥaqq,43
6,152,Meccan,1,Allāh,32
6,154,Meccan,37,Al-'Alī,5
6,156,Meccan,37,Al-'Alī,5
6,157,Meccan,37,Al-'Alī,5
6,157,Meccan,1,Allāh,24
6,159,Meccan,1,Allāh,14
6,162,Meccan,1,Allāh,6
6,163,Meccan,74,Al-Awwal,7
6,164,Meccan,1,Allāh,2
6,164,Meccan,37,Al-'Alī,15
6,164,Meccan,75,Al-Ākhir,21
6,165,Meccan,3,Al-Raḥīm,21
7,2,Meccan,7,Al-Mu'min,12
7,7,Meccan,37,Al-'Alī,1
7,8,Meccan,52,Al-Ḥaqq,2
7,20,Meccan,4,Al-Malik,20
7,22,Meccan,37,Al-'Alī,11
7,25,Meccan,63,Al-Ḥayy,2
7,26,Meccan,37,Al-'Alī,4
7,26,Meccan,1,Allāh,18
7,28,Meccan,1,Allāh,7
7,28,Meccan,1,Allāh,13
7,28,Meccan,37,Al-'Alī,19
7,28,Meccan,1,Allāh,20
7,30,Meccan,52,Al-Ḥaqq,3
7,30,Meccan,37,Al-'Alī,4
7,30,Meccan,1,Allāh,13
7,32,Meccan,1,Allāh,4
7,33,Meccan,52,Al-Ḥaqq,13
7,33,Meccan,1,Allāh,16
7,33,Meccan,37,Al-'Alī,24
7,33,Meccan,1,Allāh,25
7,35,Meccan,37,Al-'Alī,7
7,35,Meccan,37,Al-'Alī,15
7,37,Meccan,37,Al-'Alī,4
7,37,Meccan,1,Allāh,5
7,37,Meccan,1,Allāh,29
7,37,Meccan,37,Al-'Alī,35
7,38,Meccan,75,Al-Ākhir,26
7,38,Meccan,74,Al-Awwal,27
7,39,Meccan,74,Al-Awwal,1
7,39,Meccan,75,Al-Ākhir,2
7,39,Meccan,37,Al-'Alī,6
7,43,Meccan,1,Allāh,13
7,43,Meccan,1,Allāh,23
7,43,Meccan,52,Al-Ḥaqq,29
7,44,Meccan,1,Allāh,27
7,44,Meccan,37,Al-'Alī,28
7,45,Meccan,1,Allāh,4
7,46,Meccan,37,Al-'Alī,15
7,49,Meccan,1,Allāh,5
7,49,Meccan,37,Al-'Alī,12
7,50,Meccan,37,Al-'Alī,7
7,50,Meccan,1,Allāh,13
7,50,Meccan,1,Allāh,17
7,50,Meccan,37,Al-'Alī,19
7,52,Meccan,37,Al-'Alī,4
7,53,Meccan,52,Al-Ḥaqq,17
7,54,Meccan,1,Allāh,2
7,54,Meccan,37,Al-'Alī,12
7,54,Meccan,1,Allāh,31
7,56,Meccan,1,Allāh,12
7,59,Meccan,1,Allāh,8
7,59,Meccan,37,Al-'Alī,16
7,59,Meccan,34,Al-'Aẓīm,19
7,62,Meccan,1,Allāh,7
7,63,Meccan,37,Al-'Alī,6
7,65,Meccan,78,Al-Wālī,1
7,65,Meccan,1,Allāh,9
7,69,Meccan,37,Al-'Alī,6
7,69,Meccan,1,Allāh,26
7,70,Meccan,1,Allāh,3
7,71,Meccan,37,Al-'Alī,3
7,71,Meccan,1,Allāh,17
7,72,Meccan,7,Al-Mu'min,13
7,73,Meccan,78,Al-Wālī,0
7,73,Meccan,1,Allāh,8
7,73,Meccan,1,Allāh,23
7,73,Meccan,1,Allāh,31
7,74,Meccan,1,Allāh,20
7,75,Meccan,7,Al-Mu'min,23
7,80,Meccan,68,Al-Aḥad,10
7,84,Meccan,37,Al-'Alī,1
7,85,Meccan,78,Al-Wālī,0
7,85,Meccan,1,Allāh,8
7,85,Meccan,7,Al-Mu'min,40
7,86,Meccan,1,Allāh,8
7,87,Meccan,1,Allāh,14
7,87,Meccan,29,Al-Ḥakam,19
7,88,Meccan,74,Al-Awwal,20
7,89,Meccan,37,Al-'Alī,2
7,89,Meccan,1,Allāh,3
7,89,Meccan,1,Allāh,12
7,89,Meccan,1,Allāh,24
7,89,Meccan,37,Al-'Alī,33
7,89,Meccan,1,Allāh,34
7,89,Meccan,52,Al-Ḥaqq,42
7,93,Meccan,37,Al-'Alī,13
7,96,Meccan,37,Al-'Alī,7
7,99,Meccan,1,Allāh,2
7,99,Meccan,1,Allāh,7
7,100,Meccan,37,Al-'Alī,15
7,101,Meccan,37,Al-'Alī,3
7,101,Meccan,1,Allāh,21
7,101,Meccan,37,Al-'Alī,22
7,105,Meccan,37,Al-'Alī,1
7,105,Meccan,37,Al-'Alī,5
7,105,Meccan,1,Allāh,6
7,105,Meccan,52,Al-Ḥaqq,8
7,109,Meccan,20,Al-'Alīm,8
7,112,Meccan,20,Al-'Alīm,3
7,116,Meccan,34,Al-'Aẓīm,11
7,118,Meccan,52,Al-Ḥaqq,1
7,126,Meccan,37,Al-'Alī,13
7,128,Meccan,1,Allāh,4
7,128,Meccan,1,Allāh,9
7,131,Meccan,1,Allāh,19
7,132,Meccan,7,Al-Mu'min,11
7,133,Meccan,37,Al-'Alī,1
7,134,Meccan,37,Al-'Alī,2
7,137,Meccan,37,Al-'Alī,16
7,138,Meccan,37,Al-'Alī,5
7,138,Meccan,37,Al-'Alī,8
7,140,Meccan,1,Allāh,2
7,140,Meccan,37,Al-'Alī,7
7,141,Meccan,34,Al-'Aẓīm,19
7,143,Meccan,74,Al-Awwal,42
7,143,Meccan,7,Al-Mu'min,43
7,144,Meccan,37,Al-'Alī,4
7,146,Meccan,52,Al-Ḥaqq,8
7,153,Meccan,3,Al-Raḥīm,13
7,155,Meccan,56,Al-Walī,38
7,157,Meccan,37,Al-'Alī,21
7,157,Meccan,37,Al-'Alī,29
7,157,Meccan,94,Al-Nūr,37
7,158,Meccan,1,Allāh,5
7,158,Meccan,1,Allāh,22
7,158,Meccan,1,Allāh,28
7,159,Meccan,52,Al-Ḥaqq,5
7,159,Meccan,30,Al-'Adl,7
7,160,Meccan,37,Al-'Alī,30
7,160,Meccan,37,Al-'Alī,33
7,162,Meccan,37,Al-'Alī,10
7,164,Meccan,1,Allāh,8
7,167,Meccan,37,Al-'Alī,4
7,167,Meccan,3,Al-Raḥīm,20
7,169,Meccan,37,Al-'Alī,21
7,169,Meccan,37,Al-'Alī,27
7,169,Meccan,1,Allāh,28
7,169,Meccan,52,Al-Ḥaqq,30
7,172,Meccan,37,Al-'Alī,10
7,175,Meccan,37,Al-'Alī,1
7,178,Meccan,1,Allāh,2
7,180,Meccan,1,Allāh,0
7,181,Meccan,52,Al-Ḥaqq,4
7,181,Meccan,30,Al-'Adl,6
7,183,Meccan,55,Al-Matīn,5
7,185,Meccan,1,Allāh,8
7,186,Meccan,1,Allāh,2
7,186,Meccan,95,Al-Hādī,4
7,187,Meccan,1,Allāh,37
7,188,Meccan,1,Allāh,10
7,189,Meccan,1,Allāh,24
7,190,Meccan,1,Allāh,10
7,193,Meccan,37,Al-'Alī,8
7,194,Meccan,1,Allāh,5
7,196,Meccan,56,Al-Walī,1
7,196,Meccan,1,Allāh,2
7,199,Meccan,83,Al-'Afūw,1
7,200,Meccan,1,Allāh,6
7,200,Meccan,27,Al-Samī',9
7,200,Meccan,20,Al-'Alīm,10
8,1,Medinan,1,Allāh,6
8,1,Medinan,1,Allāh,10
8,1,Medinan,1,Allāh,16
8,1,Medinan,7,Al-Mu'min,20
8,2,Medinan,7,Al-Mu'min,1
8,2,Medinan,1,Allāh,5
8,2,Medinan,37,Al-'Alī,10
8,4,Medinan,7,Al-Mu'min,2
8,4,Medinan,43,Al-Karīm,11
8,5,Medinan,52,Al-Ḥaqq,5
8,5,Medinan,7,Al-Mu'min,9
8,6,Medinan,52,Al-Ḥaqq,2
8,7,Medinan,1,Allāh,2
8,7,Medinan,68,Al-Aḥad,3
8,7,Medinan,1,Allāh,15
8,7,Medinan,52,Al-Ḥaqq,18
8,8,Medinan,52,Al-Ḥaqq,1
8,10,Medinan,1,Allāh,2
8,10,Medinan,1,Allāh,14
8,10,Medinan,1,Allāh,17
8,10,Medinan,9,Al-'Azīz,18
8,10,Medinan,47,Al-Ḥakīm,19
8,11,Medinan,37,Al-'Alī,6
8,11,Medinan,37,Al-'Alī,17
8,13,Medinan,1,Allāh,3
8,13,Medinan,1,Allāh,8
8,13,Medinan,1,Allāh,11
8,16,Medinan,56,Al-Walī,1
8,16,Medinan,1,Allāh,15
8,17,Medinan,1,Allāh,3
8,17,Medinan,1,Allāh,11
8,17,Medinan,7,Al-Mu'min,15
8,17,Medinan,1,Allāh,21
8,17,Medinan,27,Al-Samī',22
8,17,Medinan,20,Al-'Alīm,23
8,18,Medinan,1,Allāh,2
8,19,Medinan,1,Allāh,23
8,19,Medinan,7,Al-Mu'min,25
8,20,Medinan,1,Allāh,4
8,22,Medinan,1,Allāh,5
8,23,Medinan,1,Allāh,2
8,24,Medinan,1,Allāh,4
8,24,Medinan,1,Allāh,13
8,25,Medinan,1,Allāh,11
8,27,Medinan,1,Allāh,5
8,28,Medinan,1,Allāh,6
8,28,Medinan,34,Al-'Aẓīm,9
8,29,Medinan,1,Allāh,5
8,29,Medinan,1,Allāh,15
8,29,Medinan,34,Al-'Aẓīm,18
8,30,Medinan,1,Allāh,13
8,30,Medinan,1,Allāh,15
8,31,Medinan,37,Al-'Alī,2
8,31,Medinan,74,Al-Awwal,17
8,32,Medinan,52,Al-Ḥaqq,7
8,32,Medinan,37,Al-'Alī,11
8,33,Medinan,1,Allāh,2
8,33,Medinan,1,Allāh,9
8,34,Medinan,1,Allāh,4
8,36,Medinan,1,Allāh,8
8,36,Medinan,37,Al-'Alī,13
8,37,Medinan,1,Allāh,1
8,37,Medinan,37,Al-'Alī,8
8,38,Medinan,74,Al-Awwal,15
8,39,Medinan,1,Allāh,8
8,39,Medinan,1,Allāh,13
8,39,Medinan,28,Al-Baṣīr,16
8,40,Medinan,1,Allāh,4
8,41,Medinan,1,Allāh,7
8,41,Medinan,1,Allāh,19
8,41,Medinan,37,Al-'Alī,22
8,41,Medinan,1,Allāh,30
8,41,Medinan,37,Al-'Alī,31
8,42,Medinan,1,Allāh,19
8,42,Medinan,63,Al-Ḥayy,30
8,42,Medinan,1,Allāh,35
8,42,Medinan,27,Al-Samī',36
8,42,Medinan,20,Al-'Alīm,37
8,43,Medinan,1,Allāh,2
8,43,Medinan,1,Allāh,15
8,43,Medinan,20,Al-'Alīm,19
8,44,Medinan,1,Allāh,11
8,44,Medinan,78,Al-Wālī,16
8,44,Medinan,1,Allāh,17
8,45,Medinan,1,Allāh,8
8,46,Medinan,1,Allāh,1
8,46,Medinan,1,Allāh,12
8,47,Medinan,1,Allāh,12
8,47,Medinan,1,Allāh,14
8,48,Medinan,37,Al-'Alī,20
8,48,Medinan,1,Allāh,33
8,48,Medinan,1,Allāh,35
8,49,Medinan,37,Al-'Alī,13
8,49,Medinan,1,Allāh,14
8,49,Medinan,1,Allāh,16
8,49,Medinan,9,Al-'Azīz,17
8,49,Medinan,47,Al-Ḥakīm,18
8,51,Medinan,1,Allāh,5
8,52,Medinan,1,Allāh,10
8,52,Medinan,1,Allāh,12
8,52,Medinan,1,Allāh,16
8,52,Medinan,54,Al-Qawī,17
8,53,Medinan,1,Allāh,2
8,53,Medinan,37,Al-'Alī,8
8,53,Medinan,1,Allāh,16
8,53,Medinan,27,Al-Samī',17
8,53,Medinan,20,Al-'Alīm,18
8,55,Medinan,1,Allāh,4
8,58,Medinan,37,Al-'Alī,7
8,58,Medinan,1,Allāh,11
8,60,Medinan,1,Allāh,12
8,60,Medinan,1,Allāh,19
8,60,Medinan,1,Allāh,28
8,61,Medinan,37,Al-'Alī,7
8,61,Medinan,1,Allāh,8
8,61,Medinan,27,Al-Samī',12
8,61,Medinan,20,Al-'Alīm,13
8,62,Medinan,1,Allāh,6
8,62,Medinan,7,Al-Mu'min,12
8,63,Medinan,1,Allāh,15
8,63,Medinan,9,Al-'Azīz,20
8,63,Medinan,47,Al-Ḥakīm,21
8,64,Medinan,1,Allāh,3
8,64,Medinan,7,Al-Mu'min,7
8,65,Medinan,7,Al-Mu'min,3
8,65,Medinan,37,Al-'Alī,4
8,66,Medinan,1,Allāh,2
8,66,Medinan,1,Allāh,24
8,66,Medinan,1,Allāh,26
8,67,Medinan,1,Allāh,15
8,67,Medinan,1,Allāh,19
8,67,Medinan,9,Al-'Azīz,20
8,67,Medinan,47,Al-Ḥakīm,21
8,68,Medinan,1,Allāh,3
8,68,Medinan,34,Al-'Aẓīm,9
8,69,Medinan,1,Allāh,7
8,69,Medinan,1,Allāh,10
8,69,Medinan,35,Al-Ghafūr,11
8,69,Medinan,3,Al-Raḥīm,12
8,70,Medinan,1,Allāh,10
8,70,Medinan,1,Allāh,22
8,70,Medinan,35,Al-Ghafūr,23
8,70,Medinan,3,Al-Raḥīm,24
8,71,Medinan,1,Allāh,5
8,71,Medinan,1,Allāh,11
8,71,Medinan,20,Al-'Alīm,12
8,71,Medinan,47,Al-Ḥakīm,13
8,72,Medinan,1,Allāh,9
8,72,Medinan,56,Al-Walī,25
8,72,Medinan,37,Al-'Alī,38
8,72,Medinan,1,Allāh,44
8,72,Medinan,28,Al-Baṣīr,47
8,73,Medinan,38,Al-Kabīr,13
8,74,Medinan,1,Allāh,6
8,74,Medinan,7,Al-Mu'min,12
8,74,Medinan,43,Al-Karīm,18
8,75,Medinan,74,Al-Awwal,13
8,75,Medinan,1,Allāh,17
8,75,Medinan,1,Allāh,20
8,75,Medinan,20,Al-'Alīm,23
9,1,Medinan,1,Allāh,2
9,2,Medinan,1,Allāh,9
9,2,Medinan,1,Allāh,12
9,3,Medinan,1,Allāh,2
9,3,Medinan,1,Allāh,10
9,3,Medinan,1,Allāh,29
9,4,Medinan,37,Al-'Alī,11
9,4,Medinan,1,Allāh,20
9,5,Medinan,1,Allāh,25
9,5,Medinan,35,Al-Ghafūr,26
9,5,Medinan,3,Al-Raḥīm,27
9,6,Medinan,68,Al-Aḥad,1
9,6,Medinan,1,Allāh,9
9,7,Medinan,1,Allāh,5
9,7,Medinan,1,Allāh,22
9,8,Medinan,37,Al-'Alī,3
9,9,Medinan,1,Allāh,2
9,10,Medinan,7,Al-Mu'min,3
9,13,Medinan,74,Al-Awwal,10
9,13,Medinan,1,Allāh,15
9,13,Medinan,7,Al-Mu'min,21
9,14,Medinan,1,Allāh,2
9,14,Medinan,37,Al-'Alī,6
9,14,Medinan,7,Al-Mu'min,10
9,15,Medinan,1,Allāh,5
9,15,Medinan,37,Al-'Alī,6
9,15,Medinan,1,Allāh,10
9,15,Medinan,20,Al-'Alīm,11
9,15,Medinan,47,Al-Ḥakīm,12
9,16,Medinan,1,Allāh,6
9,16,Medinan,1,Allāh,14
9,16,Medinan,7,Al-Mu'min,18
9,16,Medinan,1,Allāh,21
9,16,Medinan,32,Al-Khabīr,22
9,17,Medinan,1,Allāh,6
9,17,Medinan,37,Al-'Alī,8
9,18,Medinan,1,Allāh,3
9,18,Medinan,1,Allāh,6
9,18,Medinan,1,Allāh,16
9,19,Medinan,1,Allāh,9
9,19,Medinan,1,Allāh,15
9,19,Medinan,1,Allāh,20
9,19,Medinan,1,Allāh,22
9,20,Medinan,1,Allāh,6
9,20,Medinan,1,Allāh,12
9,22,Medinan,1,Allāh,5
9,22,Medinan,34,Al-'Aẓīm,8
9,23,Medinan,37,Al-'Alī,11
9,24,Medinan,1,Allāh,18
9,24,Medinan,1,Allāh,26
9,24,Medinan,1,Allāh,29
9,25,Medinan,1,Allāh,2
9,25,Medinan,89,Al-Ghanī,14
9,25,Medinan,37,Al-'Alī,18
9,25,Medinan,56,Al-Walī,23
9,26,Medinan,1,Allāh,2
9,26,Medinan,37,Al-'Alī,4
9,26,Medinan,7,Al-Mu'min,7
9,27,Medinan,1,Allāh,2
9,27,Medinan,37,Al-'Alī,6
9,27,Medinan,1,Allāh,10
9,27,Medinan,35,Al-Ghafūr,11
9,27,Medinan,3,Al-Raḥīm,12
9,28,Medinan,1,Allāh,19
9,28,Medinan,1,Allāh,26
9,28,Medinan,20,Al-'Alīm,27
9,28,Medinan,47,Al-Ḥakīm,28
9,29,Medinan,1,Allāh,4
9,29,Medinan,1,Allāh,12
9,29,Medinan,52,Al-Ḥaqq,17
9,30,Medinan,1,Allāh,4
9,30,Medinan,1,Allāh,9
9,30,Medinan,1,Allāh,23
9,31,Medinan,1,Allāh,6
9,32,Medinan,94,Al-Nūr,3
9,32,Medinan,1,Allāh,4
9,32,Medinan,1,Allāh,7
9,33,Medinan,52,Al-Ḥaqq,6
9,33,Medinan,37,Al-'Alī,8
9,34,Medinan,1,Allāh,16
9,34,Medinan,1,Allāh,26
9,35,Medinan,37,Al-'Alī,2
9,36,Medinan,1,Allāh,4
9,36,Medinan,1,Allāh,10
9,36,Medinan,1,Allāh,37
9,37,Medinan,1,Allāh,18
9,37,Medinan,1,Allāh,22
9,37,Medinan,1,Allāh,29
9,38,Medinan,1,Allāh,11
9,39,Medinan,1,Allāh,12
9,39,Medinan,37,Al-'Alī,13
9,40,Medinan,1,Allāh,4
9,40,Medinan,1,Allāh,21
9,40,Medinan,1,Allāh,25
9,40,Medinan,1,Allāh,39
9,40,Medinan,1,Allāh,43
9,40,Medinan,9,Al-'Azīz,44
9,40,Medinan,47,Al-Ḥakīm,45
9,41,Medinan,1,Allāh,8
9,42,Medinan,37,Al-'Alī,9
9,42,Medinan,1,Allāh,13
9,42,Medinan,1,Allāh,20
9,43,Medinan,1,Allāh,1
9,44,Medinan,1,Allāh,4
9,44,Medinan,1,Allāh,12
9,44,Medinan,20,Al-'Alīm,13
9,45,Medinan,1,Allāh,5
9,46,Medinan,1,Allāh,9
9,47,Medinan,1,Allāh,15
9,47,Medinan,20,Al-'Alīm,16
9,48,Medinan,52,Al-Ḥaqq,10
9,48,Medinan,1,Allāh,13
9,51,Medinan,1,Allāh,6
9,51,Medinan,1,Allāh,12
9,51,Medinan,7,Al-Mu'min,14
9,52,Medinan,68,Al-Aḥad,5
9,52,Medinan,1,Allāh,13
9,54,Medinan,1,Allāh,9
9,55,Medinan,1,Allāh,8
9,56,Medinan,1,Allāh,1
9,59,Medinan,1,Allāh,5
9,59,Medinan,1,Allāh,9
9,59,Medinan,1,Allāh,11
9,59,Medinan,1,Allāh,17
9,60,Medinan,37,Al-'Alī,6
9,60,Medinan,1,Allāh,14
9,60,Medinan,1,Allāh,20
9,60,Medinan,1,Allāh,22
9,60,Medinan,20,Al-'Alīm,23
9,60,Medinan,47,Al-Ḥakīm,24
9,61,Medinan,1,Allāh,13
9,61,Medinan,7,Al-Mu'min,15
9,61,Medinan,1,Allāh,24
9,62,Medinan,1,Allāh,1
9,62,Medinan,1,Allāh,4
9,62,Medinan,7,Al-Mu'min,11
9,63,Medinan,1,Allāh,5
9,63,Medinan,34,Al-'Aẓīm,16
9,64,Medinan,37,Al-'Alī,4
9,64,Medinan,1,Allāh,14
9,67,Medinan,1,Allāh,15
9,68,Medinan,1,Allāh,1
9,68,Medinan,1,Allāh,14
9,70,Medinan,1,Allāh,22
9,71,Medinan,7,Al-Mu'min,0
9,71,Medinan,1,Allāh,16
9,71,Medinan,1,Allāh,21
9,71,Medinan,1,Allāh,24
9,71,Medinan,9,Al-'Azīz,25
9,71,Medinan,47,Al-Ḥakīm,26
9,72,Medinan,1,Allāh,1
9,72,Medinan,7,Al-Mu'min,2
9,72,Medinan,1,Allāh,19
9,72,Medinan,34,Al-'Aẓīm,25
9,73,Medinan,37,Al-'Alī,6
9,74,Medinan,1,Allāh,1
9,74,Medinan,1,Allāh,21
9,74,Medinan,1,Allāh,35
9,74,Medinan,56,Al-Walī,47
9,75,Medinan,1,Allāh,4
9,77,Medinan,1,Allāh,9
9,78,Medinan,1,Allāh,3
9,78,Medinan,1,Allāh,8
9,79,Medinan,7,Al-Mu'min,4
9,79,Medinan,1,Allāh,16
9,80,Medinan,1,Allāh,13
9,80,Medinan,1,Allāh,19
9,80,Medinan,1,Allāh,22
9,81,Medinan,1,Allāh,5
9,81,Medinan,1,Allāh,13
9,83,Medinan,1,Allāh,2
9,83,Medinan,74,Al-Awwal,21
9,84,Medinan,37,Al-'Alī,2
9,84,Medinan,68,Al-Aḥad,3
9,84,Medinan,37,Al-'Alī,9
9,84,Medinan,1,Allāh,14
9,85,Medinan,1,Allāh,7
9,86,Medinan,1,Allāh,5
9,87,Medinan,37,Al-'Alī,6
9,89,Medinan,1,Allāh,1
9,89,Medinan,34,Al-'Aẓīm,13
9,90,Medinan,1,Allāh,9
9,91,Medinan,37,Al-'Alī,1
9,91,Medinan,37,Al-'Alī,4
9,91,Medinan,37,Al-'Alī,7
9,91,Medinan,1,Allāh,16
9,91,Medinan,37,Al-'Alī,20
9,91,Medinan,1,Allāh,25
9,91,Medinan,35,Al-Ghafūr,26
9,91,Medinan,3,Al-Raḥīm,27
9,92,Medinan,37,Al-'Alī,1
9,93,Medinan,37,Al-'Alī,3
9,93,Medinan,1,Allāh,15
9,93,Medinan,37,Al-'Alī,16
9,94,Medinan,1,Allāh,14
9,94,Medinan,1,Allāh,19
9,95,Medinan,1,Allāh,1
9,96,Medinan,1,Allāh,9
9,97,Medinan,1,Allāh,10
9,97,Medinan,37,Al-'Alī,11
9,97,Medinan,1,Allāh,14
9,97,Medinan,20,Al-'Alīm,15
9,97,Medinan,47,Al-Ḥakīm,16
9,98,Medinan,37,Al-'Alī,11
9,98,Medinan,1,Allāh,15
9,98,Medinan,27,Al-Samī',16
9,98,Medinan,20,Al-'Alīm,17
9,99,Medinan,1,Allāh,4
9,99,Medinan,1,Allāh,12
9,99,Medinan,1,Allāh,22
9,99,Medinan,1,Allāh,27
9,99,Medinan,35,Al-Ghafūr,28
9,99,Medinan,3,Al-Raḥīm,29
9,100,Medinan,74,Al-Awwal,1
9,100,Medinan,1,Allāh,9
9,100,Medinan,34,Al-'Aẓīm,25
9,101,Medinan,37,Al-'Alī,11
9,101,Medinan,34,Al-'Aẓīm,25
9,102,Medinan,1,Allāh,9
9,102,Medinan,37,Al-'Alī,12
9,102,Medinan,1,Allāh,15
9,102,Medinan,35,Al-Ghafūr,16
9,102,Medinan,3,Al-Raḥīm,17
9,103,Medinan,37,Al-'Alī,8
9,103,Medinan,1,Allāh,15
9,103,Medinan,27,Al-Samī',16
9,103,Medinan,20,Al-'Alīm,17
9,104,Medinan,1,Allāh,3
9,104,Medinan,1,Allāh,12
9,104,Medinan,81,Al-Tawwāb,14
9,104,Medinan,3,Al-Raḥīm,15
9,105,Medinan,1,Allāh,3
9,105,Medinan,7,Al-Mu'min,6
9,106,Medinan,1,Allāh,3
9,106,Medinan,37,Al-'Alī,8
9,106,Medinan,1,Allāh,10
9,106,Medinan,20,Al-'Alīm,11
9,106,Medinan,47,Al-Ḥakīm,12
9,107,Medinan,7,Al-Mu'min,7
9,107,Medinan,1,Allāh,11
9,107,Medinan,1,Allāh,22
9,108,Medinan,37,Al-'Alī,7
9,108,Medinan,74,Al-Awwal,10
9,108,Medinan,1,Allāh,23
9,109,Medinan,37,Al-'Alī,3
9,109,Medinan,1,Allāh,6
9,109,Medinan,37,Al-'Alī,13
9,109,Medinan,1,Allāh,23
9,110,Medinan,1,Allāh,13
9,110,Medinan,20,Al-'Alīm,14
9,110,Medinan,47,Al-Ḥakīm,15
9,111,Medinan,1,Allāh,2
9,111,Medinan,7,Al-Mu'min,5
9,111,Medinan,1,Allāh,15
9,111,Medinan,1,Allāh,31
9,111,Medinan,34,Al-'Aẓīm,42
9,112,Medinan,1,Allāh,13
9,112,Medinan,7,Al-Mu'min,16
9,114,Medinan,1,Allāh,15
9,114,Medinan,33,Al-Ḥalīm,22
9,115,Medinan,1,Allāh,2
9,115,Medinan,1,Allāh,15
9,115,Medinan,20,Al-'Alīm,18
9,116,Medinan,1,Allāh,1
9,116,Medinan,1,Allāh,14
9,116,Medinan,56,Al-Walī,16
9,117,Medinan,1,Allāh,2
9,117,Medinan,37,Al-'Alī,3
9,117,Medinan,37,Al-'Alī,22
9,117,Medinan,84,Al-Ra'ūf,26
9,117,Medinan,3,Al-Raḥīm,27
9,118,Medinan,37,Al-'Alī,7
9,118,Medinan,37,Al-'Alī,12
9,118,Medinan,1,Allāh,19
9,118,Medinan,37,Al-'Alī,24
9,118,Medinan,1,Allāh,28
9,118,Medinan,81,Al-Tawwāb,30
9,118,Medinan,3,Al-Raḥīm,31
9,119,Medinan,1,Allāh,4
9,120,Medinan,1,Allāh,12
9,120,Medinan,1,Allāh,30
9,120,Medinan,1,Allāh,49
9,121,Medinan,1,Allāh,13
9,122,Medinan,7,Al-Mu'min,3
9,123,Medinan,56,Al-Walī,5
9,123,Medinan,1,Allāh,14
9,126,Medinan,74,Al-Awwal,0
9,127,Medinan,68,Al-Aḥad,11
9,127,Medinan,1,Allāh,16
9,128,Medinan,9,Al-'Azīz,5
9,128,Medinan,37,Al-'Alī,10
9,128,Medinan,7,Al-Mu'min,11
9,128,Medinan,84,Al-Ra'ūf,12
9,128,Medinan,3,Al-Raḥīm,13
9,129,Medinan,1,Allāh,4
9,129,Medinan,34,Al-'Aẓīm,16
10,1,Meccan,47,Al-Ḥakīm,5
10,3,Meccan,1,Allāh,2
10,3,Meccan,37,Al-'Alī,12
10,3,Meccan,1,Allāh,27
10,4,Meccan,1,Allāh,5
10,4,Meccan,52,Al-Ḥaqq,6
10,5,Meccan,1,Allāh,16
10,5,Meccan,52,Al-Ḥaqq,19
10,6,Meccan,1,Allāh,7
10,10,Meccan,1,Allāh,12
10,11,Meccan,1,Allāh,3
10,15,Meccan,37,Al-'Alī,2
10,15,Meccan,34,Al-'Aẓīm,42
10,16,Meccan,1,Allāh,3
10,16,Meccan,37,Al-'Alī,6
10,17,Meccan,37,Al-'Alī,4
10,17,Meccan,1,Allāh,5
10,18,Meccan,1,Allāh,3
10,18,Meccan,1,Allāh,13
10,18,Meccan,1,Allāh,17
10,20,Meccan,1,Allāh,11
10,21,Meccan,1,Allāh,15
10,22,Meccan,80,Al-Barr,4
10,22,Meccan,1,Allāh,32
10,23,Meccan,52,Al-Ḥaqq,8
10,23,Meccan,37,Al-'Alī,14
10,24,Meccan,89,Al-Ghanī,36
10,25,Meccan,1,Allāh,0
10,27,Meccan,1,Allāh,12
10,29,Meccan,1,Allāh,1
10,30,Meccan,1,Allāh,9
10,30,Meccan,52,Al-Ḥaqq,11
10,31,Meccan,63,Al-Ḥayy,12
10,31,Meccan,63,Al-Ḥayy,18
10,31,Meccan,1,Allāh,24
10,32,Meccan,1,Allāh,1
10,32,Meccan,52,Al-Ḥaqq,3
10,32,Meccan,52,Al-Ḥaqq,7
10,33,Meccan,37,Al-'Alī,4
10,34,Meccan,1,Allāh,11
10,35,Meccan,52,Al-Ḥaqq,7
10,35,Meccan,1,Allāh,10
10,35,Meccan,52,Al-Ḥaqq,17
10,35,Meccan,29,Al-Ḥakam,31
10,36,Meccan,52,Al-Ḥaqq,11
10,36,Meccan,1,Allāh,15
10,36,Meccan,20,Al-'Alīm,16
10,37,Meccan,1,Allāh,8
10,38,Meccan,1,Allāh,13
10,44,Meccan,1,Allāh,1
10,45,Meccan,1,Allāh,17
10,46,Meccan,1,Allāh,10
10,46,Meccan,51,Al-Shahīd,11
10,46,Meccan,37,Al-'Alī,12
10,49,Meccan,1,Allāh,10
10,55,Meccan,1,Allāh,2
10,55,Meccan,1,Allāh,11
10,55,Meccan,52,Al-Ḥaqq,12
10,56,Meccan,78,Al-Wālī,3
10,57,Meccan,7,Al-Mu'min,13
10,58,Meccan,1,Allāh,2
10,59,Meccan,1,Allāh,4
10,59,Meccan,37,Al-'Alī,18
10,59,Meccan,1,Allāh,19
10,60,Meccan,37,Al-'Alī,4
10,60,Meccan,1,Allāh,5
10,60,Meccan,1,Allāh,11
10,60,Meccan,37,Al-'Alī,14
10,61,Meccan,37,Al-'Alī,15
10,62,Meccan,1,Allāh,3
10,62,Meccan,37,Al-'Alī,6
10,64,Meccan,1,Allāh,11
10,64,Meccan,34,Al-'Aẓīm,16
10,65,Meccan,1,Allāh,6
10,65,Meccan,27,Al-Samī',10
10,65,Meccan,20,Al-'Alīm,11
10,66,Meccan,1,Allāh,2
10,66,Meccan,1,Allāh,16
10,68,Meccan,1,Allāh,2
10,68,Meccan,89,Al-Ghanī,8
10,68,Meccan,37,Al-'Alī,25
10,68,Meccan,1,Allāh,26
10,69,Meccan,37,Al-'Alī,4
10,69,Meccan,1,Allāh,5
10,71,Meccan,37,Al-'Alī,2
10,71,Meccan,37,Al-'Alī,12
10,71,Meccan,1,Allāh,16
10,71,Meccan,1,Allāh,18
10,71,Meccan,37,Al-'Alī,27
10,72,Meccan,37,Al-'Alī,10
10,72,Meccan,1,Allāh,11
10,74,Meccan,37,Al-'Alī,20
10,76,Meccan,52,Al-Ḥaqq,2
10,78,Meccan,7,Al-Mu'min,15
10,79,Meccan,20,Al-'Alīm,5
10,81,Meccan,1,Allāh,10
10,81,Meccan,1,Allāh,14
10,82,Meccan,1,Allāh,1
10,82,Meccan,52,Al-Ḥaqq,2
10,83,Meccan,37,Al-'Alī,7
10,84,Meccan,1,Allāh,6
10,85,Meccan,37,Al-'Alī,1
10,85,Meccan,1,Allāh,2
10,87,Meccan,7,Al-Mu'min,16
10,88,Meccan,37,Al-'Alī,19
10,88,Meccan,37,Al-'Alī,22
10,94,Meccan,52,Al-Ḥaqq,16
10,95,Meccan,1,Allāh,6
10,96,Meccan,37,Al-'Alī,3
10,99,Meccan,7,Al-Mu'min,15
10,100,Meccan,1,Allāh,7
10,100,Meccan,37,Al-'Alī,11
10,103,Meccan,52,Al-Ḥaqq,7
10,103,Meccan,37,Al-'Alī,8
10,103,Meccan,7,Al-Mu'min,10
10,104,Meccan,1,Allāh,15
10,104,Meccan,1,Allāh,18
10,104,Meccan,7,Al-Mu'min,26
10,106,Meccan,1,Allāh,4
10,107,Meccan,1,Allāh,2
10,107,Meccan,35,Al-Ghafūr,25
10,107,Meccan,3,Al-Raḥīm,26
10,108,Meccan,52,Al-Ḥaqq,5
10,108,Meccan,37,Al-'Alī,19
10,108,Meccan,37,Al-'Alī,23
10,109,Meccan,1,Allāh,7
10,109,Meccan,29,Al-Ḥakam,11
11,1,Meccan,47,Al-Ḥakīm,9
11,1,Meccan,32,Al-Khabīr,10
11,2,Meccan,1,Allāh,3
11,3,Meccan,37,Al-'Alī,22
11,3,Meccan,38,Al-Kabīr,25
11,4,Meccan,1,Allāh,1
11,4,Meccan,37,Al-'Alī,5
11,5,Meccan,20,Al-'Alīm,18
11,6,Meccan,37,Al-'Alī,7
11,6,Meccan,1,Allāh,8
11,7,Meccan,37,Al-'Alī,10
11,8,Meccan,75,Al-Ākhir,1
11,11,Meccan,38,Al-Kabīr,9
11,12,Meccan,1,Allāh,24
11,12,Meccan,37,Al-'Alī,25
11,12,Meccan,53,Al-Wakīl,28
11,13,Meccan,1,Allāh,15
11,14,Meccan,1,Allāh,7
11,17,Meccan,37,Al-'Alī,2
11,17,Meccan,52,Al-Ḥaqq,35
11,18,Meccan,37,Al-'Alī,4
11,18,Meccan,1,Allāh,5
11,18,Meccan,37,Al-'Alī,10
11,18,Meccan,37,Al-'Alī,17
11,18,Meccan,1,Allāh,22
11,18,Meccan,37,Al-'Alī,23
11,19,Meccan,1,Allāh,4
11,20,Meccan,1,Allāh,11
11,24,Meccan,28,Al-Baṣīr,5
11,24,Meccan,27,Al-Samī',6
11,26,Meccan,1,Allāh,4
11,26,Meccan,37,Al-'Alī,8
11,27,Meccan,37,Al-'Alī,23
11,28,Meccan,37,Al-'Alī,5
11,28,Meccan,37,Al-'Alī,14
11,29,Meccan,37,Al-'Alī,9
11,29,Meccan,1,Allāh,10
11,30,Meccan,1,Allāh,4
11,31,Meccan,1,Allāh,5
11,31,Meccan,4,Al-Malik,12
11,31,Meccan,1,Allāh,20
11,31,Meccan,1,Allāh,23
11,33,Meccan,1,Allāh,4
11,34,Meccan,1,Allāh,10
11,34,Meccan,78,Al-Wālī,17
11,41,Meccan,1,Allāh,5
11,41,Meccan,3,Al-Raḥīm,12
11,43,Meccan,1,Allāh,14
11,44,Meccan,37,Al-'Alī,11
11,45,Meccan,52,Al-Ḥaqq,11
11,45,Meccan,29,Al-Ḥakam,14
11,48,Meccan,37,Al-'Alī,6
11,50,Meccan,78,Al-Wālī,0
11,50,Meccan,1,Allāh,8
11,51,Meccan,37,Al-'Alī,9
11,52,Meccan,37,Al-'Alī,8
11,52,Meccan,54,Al-Qawī,13
11,53,Meccan,7,Al-Mu'min,14
11,54,Meccan,1,Allāh,11
11,56,Meccan,37,Al-'Alī,2
11,56,Meccan,1,Allāh,3
11,56,Meccan,37,Al-'Alī,17
11,57,Meccan,37,Al-'Alī,19
11,57,Meccan,39,Al-Ḥafīẓ,22
11,59,Meccan,10,Al-Jabbār,11
11,61,Meccan,78,Al-Wālī,1
11,61,Meccan,1,Allāh,9
11,61,Meccan,45,Al-Mujīb,30
11,63,Meccan,37,Al-'Alī,5
11,63,Meccan,1,Allāh,15
11,64,Meccan,1,Allāh,3
11,64,Meccan,1,Allāh,10
11,66,Meccan,54,Al-Qawī,17
11,66,Meccan,9,Al-'Azīz,18
11,73,Meccan,1,Allāh,4
11,73,Meccan,1,Allāh,7
11,73,Meccan,37,Al-'Alī,9
11,73,Meccan,57,Al-Ḥamīd,14
11,73,Meccan,49,Al-Majīd,15
11,75,Meccan,33,Al-Ḥalīm,2
11,78,Meccan,1,Allāh,19
11,78,Meccan,99,Al-Rashīd,28
11,79,Meccan,52,Al-Ḥaqq,8
11,81,Meccan,68,Al-Aḥad,17
11,82,Meccan,37,Al-'Alī,4
11,82,Meccan,37,Al-'Alī,7
11,84,Meccan,78,Al-Wālī,1
11,84,Meccan,1,Allāh,9
11,84,Meccan,37,Al-'Alī,26
11,86,Meccan,1,Allāh,1
11,86,Meccan,7,Al-Mu'min,6
11,86,Meccan,37,Al-'Alī,10
11,87,Meccan,33,Al-Ḥalīm,19
11,87,Meccan,99,Al-Rashīd,20
11,88,Meccan,37,Al-'Alī,5
11,88,Meccan,1,Allāh,33
11,88,Meccan,78,Al-Wālī,37
11,90,Meccan,3,Al-Raḥīm,8
11,90,Meccan,48,Al-Wadūd,9
11,91,Meccan,37,Al-'Alī,18
11,92,Meccan,37,Al-'Alī,4
11,92,Meccan,1,Allāh,6
11,93,Meccan,37,Al-'Alī,2
11,93,Meccan,44,Al-Raqīb,20
11,100,Meccan,37,Al-'Alī,5
11,101,Meccan,1,Allāh,14
11,111,Meccan,32,Al-Khabīr,10
11,112,Meccan,28,Al-Baṣīr,12
11,113,Meccan,1,Allāh,11
11,115,Meccan,1,Allāh,2
11,120,Meccan,37,Al-'Alī,2
11,120,Meccan,52,Al-Ḥaqq,14
11,120,Meccan,7,Al-Mu'min,17
11,121,Meccan,37,Al-'Alī,5
11,123,Meccan,1,Allāh,0
11,123,Meccan,78,Al-Wālī,4
12,3,Meccan,37,Al-'Alī,2
12,4,Meccan,68,Al-Aḥad,7
12,5,Meccan,37,Al-'Alī,5
12,6,Meccan,37,Al-'Alī,9
12,6,Meccan,37,Al-'Alī,15
12,6,Meccan,20,Al-'Alīm,24
12,6,Meccan,47,Al-Ḥakīm,25
12,11,Meccan,37,Al-'Alī,6
12,18,Meccan,37,Al-'Alī,1
12,18,Meccan,108,Al-Jamīl,14
12,18,Meccan,1,Allāh,16
12,18,Meccan,37,Al-'Alī,18
12,19,Meccan,1,Allāh,15
12,19,Meccan,20,Al-'Alīm,16
12,21,Meccan,1,Allāh,25
12,21,Meccan,37,Al-'Alī,27
12,23,Meccan,1,Allāh,15
12,24,Meccan,80,Al-Barr,9
12,28,Meccan,34,Al-'Aẓīm,13
12,30,Meccan,9,Al-'Azīz,6
12,31,Meccan,37,Al-'Alī,15
12,31,Meccan,1,Allāh,24
12,31,Meccan,4,Al-Malik,31
12,31,Meccan,43,Al-Karīm,32
12,34,Meccan,27,Al-Samī',9
12,34,Meccan,20,Al-'Alīm,10
12,37,Meccan,1,Allāh,23
12,38,Meccan,1,Allāh,12
12,38,Meccan,1,Allāh,19
12,38,Meccan,37,Al-'Alī,20
12,39,Meccan,1,Allāh,6
12,39,Meccan,16,Al-Qahhār,8
12,40,Meccan,1,Allāh,11
12,40,Meccan,1,Allāh,19
12,41,Meccan,68,Al-Aḥad,3
12,43,Meccan,4,Al-Malik,1
12,43,Meccan,75,Al-Ākhir,13
12,46,Meccan,75,Al-Ākhir,14
12,50,Meccan,4,Al-Malik,1
12,50,Meccan,20,Al-'Alīm,23
12,51,Meccan,1,Allāh,11
12,51,Meccan,9,Al-'Azīz,20
12,51,Meccan,52,Al-Ḥaqq,23
12,52,Meccan,1,Allāh,7
12,53,Meccan,35,Al-Ghafūr,16
12,53,Meccan,3,Al-Raḥīm,17
12,54,Meccan,4,Al-Malik,1
12,55,Meccan,37,Al-'Alī,2
12,55,Meccan,39,Al-Ḥafīẓ,7
12,55,Meccan,20,Al-'Alīm,8
12,64,Meccan,37,Al-'Alī,7
12,64,Meccan,1,Allāh,12
12,66,Meccan,1,Allāh,8
12,66,Meccan,1,Allāh,20
12,66,Meccan,37,Al-'Alī,21
12,66,Meccan,53,Al-Wakīl,24
12,67,Meccan,1,Allāh,16
12,67,Meccan,1,Allāh,23
12,68,Meccan,1,Allāh,11
12,69,Meccan,37,Al-'Alī,2
12,71,Meccan,37,Al-'Alī,2
12,72,Meccan,4,Al-Malik,3
12,76,Meccan,4,Al-Malik,21
12,76,Meccan,1,Allāh,25
12,76,Meccan,20,Al-'Alīm,36
12,77,Meccan,1,Allāh,24
12,78,Meccan,9,Al-'Azīz,2
12,78,Meccan,68,Al-Aḥad,9
12,79,Meccan,1,Allāh,2
12,80,Meccan,38,Al-Kabīr,7
12,80,Meccan,37,Al-'Alī,14
12,80,Meccan,1,Allāh,17
12,80,Meccan,1,Allāh,34
12,80,Meccan,29,Al-Ḥakam,39
12,83,Meccan,108,Al-Jamīl,8
12,83,Meccan,1,Allāh,11
12,83,Meccan,20,Al-'Alīm,19
12,83,Meccan,47,Al-Ḥakīm,20
12,84,Meccan,37,Al-'Alī,4
12,86,Meccan,1,Allāh,6
12,86,Meccan,1,Allāh,9
12,87,Meccan,1,Allāh,10
12,87,Meccan,1,Allāh,17
12,88,Meccan,9,Al-'Azīz,5
12,88,Meccan,1,Allāh,19
12,90,Meccan,1,Allāh,13
12,90,Meccan,1,Allāh,21
12,91,Meccan,1,Allāh,4
12,91,Meccan,37,Al-'Alī,5
12,92,Meccan,37,Al-'Alī,3
12,92,Meccan,1,Allāh,7
12,93,Meccan,37,Al-'Alī,4
12,96,Meccan,37,Al-'Alī,5
12,96,Meccan,1,Allāh,17
12,98,Meccan,35,Al-Ghafūr,8
12,98,Meccan,3,Al-Raḥīm,9
12,99,Meccan,37,Al-'Alī,2
12,99,Meccan,1,Allāh,12
12,100,Meccan,37,Al-'Alī,2
12,100,Meccan,31,Al-Laṭīf,42
12,100,Meccan,20,Al-'Alīm,48
12,100,Meccan,47,Al-Ḥakīm,49
12,101,Meccan,4,Al-Malik,5
12,101,Meccan,56,Al-Walī,15
12,101,Meccan,52,Al-Ḥaqq,22
12,103,Meccan,7,Al-Mu'min,5
12,105,Meccan,37,Al-'Alī,7
12,106,Meccan,1,Allāh,3
12,107,Meccan,1,Allāh,6
12,108,Meccan,1,Allāh,5
12,108,Meccan,37,Al-'Alī,7
12,108,Meccan,1,Allāh,14
13,1,Medinan,52,Al-Ḥaqq,11
13,2,Medinan,1,Allāh,0
13,2,Medinan,37,Al-'Alī,10
13,4,Medinan,37,Al-'Alī,17
13,6,Medinan,37,Al-'Alī,15
13,7,Medinan,95,Al-Hādī,16
13,8,Medinan,1,Allāh,0
13,9,Medinan,38,Al-Kabīr,3
13,11,Medinan,1,Allāh,10
13,11,Medinan,1,Allāh,13
13,11,Medinan,1,Allāh,25
13,11,Medinan,78,Al-Wālī,37
13,13,Medinan,1,Allāh,15
13,14,Medinan,52,Al-Ḥaqq,2
13,15,Medinan,1,Allāh,0
13,16,Medinan,1,Allāh,6
13,16,Medinan,4,Al-Malik,14
13,16,Medinan,28,Al-Baṣīr,24
13,16,Medinan,94,Al-Nūr,29
13,16,Medinan,1,Allāh,33
13,16,Medinan,37,Al-'Alī,39
13,16,Medinan,1,Allāh,42
13,17,Medinan,1,Allāh,26
13,17,Medinan,52,Al-Ḥaqq,27
13,17,Medinan,1,Allāh,45
13,19,Medinan,52,Al-Ḥaqq,8
13,20,Medinan,1,Allāh,3
13,21,Medinan,1,Allāh,4
13,23,Medinan,37,Al-'Alī,12
13,24,Medinan,37,Al-'Alī,1
13,25,Medinan,1,Allāh,3
13,25,Medinan,1,Allāh,10
13,26,Medinan,1,Allāh,0
13,27,Medinan,1,Allāh,12
13,28,Medinan,1,Allāh,5
13,28,Medinan,1,Allāh,9
13,30,Medinan,37,Al-'Alī,10
13,30,Medinan,2,Al-Raḥmān,16
13,30,Medinan,78,Al-Wālī,27
13,31,Medinan,1,Allāh,16
13,31,Medinan,1,Allāh,27
13,31,Medinan,1,Allāh,48
13,31,Medinan,1,Allāh,51
13,33,Medinan,37,Al-'Alī,3
13,33,Medinan,1,Allāh,10
13,33,Medinan,1,Allāh,38
13,34,Medinan,1,Allāh,13
13,36,Medinan,1,Allāh,19
13,36,Medinan,78,Al-Wālī,26
13,37,Medinan,29,Al-Ḥakam,2
13,37,Medinan,1,Allāh,16
13,37,Medinan,56,Al-Walī,18
13,38,Medinan,1,Allāh,18
13,39,Medinan,1,Allāh,1
13,40,Medinan,37,Al-'Alī,9
13,40,Medinan,37,Al-'Alī,11
13,41,Medinan,1,Allāh,9
13,43,Medinan,1,Allāh,8
14,1,Meccan,94,Al-Nūr,10
14,1,Meccan,9,Al-'Azīz,15
14,1,Meccan,57,Al-Ḥamīd,16
14,2,Meccan,1,Allāh,0
14,3,Meccan,37,Al-'Alī,4
14,3,Meccan,1,Allāh,9
14,4,Meccan,1,Allāh,11
14,4,Meccan,9,Al-'Azīz,19
14,4,Meccan,47,Al-Ḥakīm,20
14,5,Meccan,94,Al-Nūr,10
14,5,Meccan,1,Allāh,13
14,5,Meccan,36,Al-Shakūr,21
14,6,Meccan,1,Allāh,6
14,6,Meccan,37,Al-'Alī,7
14,6,Meccan,34,Al-'Aẓīm,26
14,8,Meccan,1,Allāh,10
14,8,Meccan,57,Al-Ḥamīd,12
14,9,Meccan,1,Allāh,18
14,10,Meccan,1,Allāh,4
14,11,Meccan,1,Allāh,9
14,11,Meccan,37,Al-'Alī,11
14,11,Meccan,1,Allāh,25
14,11,Meccan,1,Allāh,28
14,11,Meccan,7,Al-Mu'min,30
14,12,Meccan,37,Al-'Alī,4
14,12,Meccan,1,Allāh,5
14,12,Meccan,37,Al-'Alī,11
14,12,Meccan,1,Allāh,16
14,15,Meccan,10,Al-Jabbār,3
14,18,Meccan,37,Al-'Alī,18
14,19,Meccan,1,Allāh,3
14,19,Meccan,52,Al-Ḥaqq,7
14,20,Meccan,37,Al-'Alī,2
14,20,Meccan,1,Allāh,3
14,21,Meccan,1,Allāh,1
14,21,Meccan,1,Allāh,17
14,21,Meccan,1,Allāh,24
14,22,Meccan,1,Allāh,6
14,22,Meccan,52,Al-Ḥaqq,9
14,22,Meccan,37,Al-'Alī,16
14,24,Meccan,1,Allāh,4
14,25,Meccan,1,Allāh,8
14,27,Meccan,1,Allāh,1
14,27,Meccan,1,Allāh,13
14,27,Meccan,1,Allāh,17
14,28,Meccan,1,Allāh,7
14,30,Meccan,1,Allāh,1
14,32,Meccan,1,Allāh,0
14,34,Meccan,1,Allāh,9
14,36,Meccan,35,Al-Ghafūr,15
14,36,Meccan,3,Al-Raḥīm,16
14,38,Meccan,37,Al-'Alī,10
14,38,Meccan,1,Allāh,11
14,39,Meccan,1,Allāh,1
14,39,Meccan,37,Al-'Alī,5
14,39,Meccan,27,Al-Samī',12
14,41,Meccan,7,Al-Mu'min,4
14,42,Meccan,1,Allāh,2
14,46,Meccan,1,Allāh,4
14,47,Meccan,1,Allāh,2
14,47,Meccan,1,Allāh,8
14,47,Meccan,9,Al-'Azīz,9
14,48,Meccan,1,Allāh,8
14,48,Meccan,16,Al-Qahhār,10
14,51,Meccan,1,Allāh,1
14,51,Meccan,1,Allāh,8
15,8,Meccan,52,Al-Ḥaqq,4
15,10,Meccan,74,Al-Awwal,6
15,13,Meccan,74,Al-Awwal,7
15,14,Meccan,37,Al-'Alī,2
15,25,Meccan,47,Al-Ḥakīm,6
15,25,Meccan,20,Al-'Alīm,7
15,35,Meccan,37,Al-'Alī,1
15,41,Meccan,37,Al-'Alī,3
15,42,Meccan,37,Al-'Alī,4
15,47,Meccan,37,Al-'Alī,7
15,49,Meccan,35,Al-Ghafūr,5
15,49,Meccan,3,Al-Raḥīm,6
15,53,Meccan,20,Al-'Alīm,6
15,54,Meccan,37,Al-'Alī,2
15,55,Meccan,52,Al-Ḥaqq,2
15,64,Meccan,52,Al-Ḥaqq,1
15,65,Meccan,68,Al-Aḥad,10
15,69,Meccan,1,Allāh,1
15,74,Meccan,37,Al-'Alī,1
15,74,Meccan,37,Al-'Alī,4
15,77,Meccan,7,Al-Mu'min,4
15,85,Meccan,52,Al-Ḥaqq,7
15,85,Meccan,108,Al-Jamīl,15
15,86,Meccan,20,Al-'Alīm,4
15,87,Meccan,34,Al-'Aẓīm,6
15,88,Meccan,37,Al-'Alī,11
15,88,Meccan,7,Al-Mu'min,14
15,90,Meccan,37,Al-'Alī,2
15,96,Meccan,1,Allāh,3
16,1,Meccan,1,Allāh,2
16,2,Meccan,37,Al-'Alī,5
16,3,Meccan,52,Al-Ḥaqq,3
16,7,Meccan,3,Al-Raḥīm,14
16,9,Meccan,1,Allāh,1
16,18,Meccan,1,Allāh,3
16,18,Meccan,1,Allāh,8
16,18,Meccan,3,Al-Raḥīm,10
16,19,Meccan,1,Allāh,0
16,20,Meccan,1,Allāh,4
16,23,Meccan,1,Allāh,3
16,24,Meccan,74,Al-Awwal,9
16,26,Meccan,1,Allāh,6
16,26,Meccan,37,Al-'Alī,11
16,27,Meccan,37,Al-'Alī,20
16,28,Meccan,1,Allāh,16
16,28,Meccan,20,Al-'Alīm,17
16,29,Meccan,11,Al-Mutakabbir,8
16,31,Meccan,1,Allāh,15
16,32,Meccan,37,Al-'Alī,7
16,33,Meccan,1,Allāh,19
16,35,Meccan,1,Allāh,5
16,35,Meccan,37,Al-'Alī,29
16,36,Meccan,1,Allāh,8
16,36,Meccan,1,Allāh,15
16,37,Meccan,37,Al-'Alī,2
16,37,Meccan,1,Allāh,5
16,38,Meccan,1,Allāh,1
16,38,Meccan,1,Allāh,7
16,41,Meccan,1,Allāh,3
16,45,Meccan,1,Allāh,6
16,47,Meccan,37,Al-'Alī,2
16,47,Meccan,3,Al-Raḥīm,7
16,48,Meccan,1,Allāh,5
16,48,Meccan,1,Allāh,14
16,49,Meccan,1,Allāh,0
16,51,Meccan,1,Allāh,2
16,52,Meccan,1,Allāh,10
16,53,Meccan,1,Allāh,5
16,57,Meccan,1,Allāh,1
16,58,Meccan,68,Al-Aḥad,2
16,59,Meccan,37,Al-'Alī,10
16,59,Meccan,29,Al-Ḥakam,20
16,60,Meccan,1,Allāh,7
16,60,Meccan,9,Al-'Azīz,12
16,60,Meccan,47,Al-Ḥakīm,13
16,61,Meccan,1,Allāh,2
16,61,Meccan,37,Al-'Alī,7
16,62,Meccan,1,Allāh,1
16,63,Meccan,56,Al-Walī,12
16,64,Meccan,37,Al-'Alī,2
16,65,Meccan,1,Allāh,0
16,65,Meccan,63,Al-Ḥayy,5
16,70,Meccan,1,Allāh,0
16,70,Meccan,1,Allāh,19
16,70,Meccan,20,Al-'Alīm,20
16,71,Meccan,1,Allāh,0
16,71,Meccan,37,Al-'Alī,3
16,71,Meccan,37,Al-'Alī,13
16,71,Meccan,4,Al-Malik,15
16,71,Meccan,1,Allāh,22
16,72,Meccan,1,Allāh,0
16,72,Meccan,1,Allāh,19
16,73,Meccan,1,Allāh,3
16,74,Meccan,1,Allāh,2
16,74,Meccan,1,Allāh,6
16,75,Meccan,1,Allāh,2
16,75,Meccan,37,Al-'Alī,8
16,75,Meccan,1,Allāh,25
16,76,Meccan,1,Allāh,1
16,76,Meccan,37,Al-'Alī,8
16,76,Meccan,37,Al-'Alī,12
16,76,Meccan,30,Al-'Adl,25
16,76,Meccan,37,Al-'Alī,28
16,77,Meccan,1,Allāh,0
16,77,Meccan,1,Allāh,16
16,77,Meccan,37,Al-'Alī,17
16,78,Meccan,1,Allāh,0
16,79,Meccan,1,Allāh,11
16,80,Meccan,1,Allāh,0
16,81,Meccan,1,Allāh,0
16,81,Meccan,37,Al-'Alī,23
16,82,Meccan,37,Al-'Alī,3
16,83,Meccan,1,Allāh,2
16,87,Meccan,1,Allāh,2
16,88,Meccan,1,Allāh,5
16,89,Meccan,51,Al-Shahīd,5
16,89,Meccan,37,Al-'Alī,6
16,89,Meccan,51,Al-Shahīd,12
16,89,Meccan,37,Al-'Alī,13
16,89,Meccan,37,Al-'Alī,17
16,90,Meccan,1,Allāh,2
16,90,Meccan,30,Al-'Adl,4
16,91,Meccan,1,Allāh,2
16,91,Meccan,1,Allāh,12
16,91,Meccan,37,Al-'Alī,13
16,91,Meccan,1,Allāh,17
16,92,Meccan,1,Allāh,23
16,93,Meccan,1,Allāh,2
16,94,Meccan,1,Allāh,15
16,94,Meccan,34,Al-'Aẓīm,19
16,95,Meccan,1,Allāh,3
16,95,Meccan,1,Allāh,9
16,96,Meccan,1,Allāh,6
16,97,Meccan,7,Al-Mu'min,8
16,98,Meccan,1,Allāh,4
16,99,Meccan,37,Al-'Alī,4
16,100,Meccan,37,Al-'Alī,2
16,101,Meccan,1,Allāh,6
16,102,Meccan,52,Al-Ḥaqq,6
16,104,Meccan,1,Allāh,5
16,104,Meccan,1,Allāh,8
16,105,Meccan,1,Allāh,7
16,106,Meccan,1,Allāh,2
16,106,Meccan,1,Allāh,20
16,106,Meccan,34,Al-'Aẓīm,23
16,107,Meccan,37,Al-'Alī,5
16,107,Meccan,1,Allāh,8
16,108,Meccan,1,Allāh,3
16,108,Meccan,37,Al-'Alī,4
16,110,Meccan,3,Al-Raḥīm,17
16,112,Meccan,1,Allāh,1
16,112,Meccan,1,Allāh,15
16,112,Meccan,1,Allāh,17
16,114,Meccan,1,Allāh,3
16,114,Meccan,1,Allāh,8
16,115,Meccan,37,Al-'Alī,2
16,115,Meccan,1,Allāh,10
16,115,Meccan,1,Allāh,20
16,115,Meccan,35,Al-Ghafūr,21
16,115,Meccan,3,Al-Raḥīm,22
16,116,Meccan,37,Al-'Alī,11
16,116,Meccan,1,Allāh,12
16,116,Meccan,37,Al-'Alī,18
16,116,Meccan,1,Allāh,19
16,118,Meccan,37,Al-'Alī,6
16,119,Meccan,3,Al-Raḥīm,18
16,120,Meccan,1,Allāh,5
16,124,Meccan,37,Al-'Alī,3
16,127,Meccan,1,Allāh,4
16,127,Meccan,37,Al-'Alī,8
16,128,Meccan,1,Allāh,1
17,1,Meccan,27,Al-Samī',20
17,1,Meccan,28,Al-Baṣīr,21
17,5,Meccan,74,Al-Awwal,3
17,5,Meccan,37,Al-'Alī,5
17,6,Meccan,37,Al-'Alī,4
17,7,Meccan,74,Al-Awwal,19
17,9,Meccan,7,Al-Mu'min,8
17,14,Meccan,37,Al-'Alī,5
17,15,Meccan,37,Al-'Alī,10
17,15,Meccan,75,Al-Ākhir,16
17,16,Meccan,52,Al-Ḥaqq,9
17,16,Meccan,37,Al-'Alī,10
17,19,Meccan,7,Al-Mu'min,7
17,21,Meccan,37,Al-'Alī,4
17,22,Meccan,1,Allāh,3
17,33,Meccan,1,Allāh,5
17,33,Meccan,52,Al-Ḥaqq,7
17,39,Meccan,1,Allāh,11
17,44,Meccan,33,Al-Ḥalīm,21
17,46,Meccan,37,Al-'Alī,1
17,46,Meccan,37,Al-'Alī,17
17,51,Meccan,74,Al-Awwal,14
17,54,Meccan,37,Al-'Alī,14
17,55,Meccan,37,Al-'Alī,11
17,56,Meccan,4,Al-Malik,7
17,59,Meccan,74,Al-Awwal,9
17,62,Meccan,37,Al-'Alī,5
17,64,Meccan,37,Al-'Alī,6
17,65,Meccan,37,Al-'Alī,4
17,67,Meccan,80,Al-Barr,14
17,68,Meccan,80,Al-Barr,5
17,68,Meccan,37,Al-'Alī,8
17,68,Meccan,53,Al-Wakīl,14
17,69,Meccan,75,Al-Ākhir,6
17,69,Meccan,37,Al-'Alī,8
17,69,Meccan,37,Al-'Alī,20
17,70,Meccan,80,Al-Barr,7
17,70,Meccan,37,Al-'Alī,13
17,73,Meccan,37,Al-'Alī,8
17,75,Meccan,37,Al-'Alī,10
17,81,Meccan,52,Al-Ḥaqq,2
17,82,Meccan,7,Al-Mu'min,7
17,83,Meccan,37,Al-'Alī,2
17,84,Meccan,37,Al-'Alī,3
17,86,Meccan,37,Al-'Alī,11
17,86,Meccan,53,Al-Wakīl,12
17,87,Meccan,37,Al-'Alī,8
17,88,Meccan,37,Al-'Alī,5
17,92,Meccan,37,Al-'Alī,5
17,92,Meccan,1,Allāh,9
17,93,Meccan,37,Al-'Alī,15
17,94,Meccan,1,Allāh,12
17,95,Meccan,37,Al-'Alī,9
17,96,Meccan,1,Allāh,2
17,97,Meccan,1,Allāh,2
17,97,Meccan,37,Al-'Alī,18
17,99,Meccan,1,Allāh,4
17,99,Meccan,70,Al-Qādir,9
17,99,Meccan,37,Al-'Alī,10
17,100,Meccan,4,Al-Malik,3
17,105,Meccan,52,Al-Ḥaqq,0
17,105,Meccan,52,Al-Ḥaqq,2
17,106,Meccan,37,Al-'Alī,3
17,106,Meccan,37,Al-'Alī,5
17,107,Meccan,37,Al-'Alī,15
17,110,Meccan,1,Allāh,2
17,110,Meccan,2,Al-Raḥmān,5
17,111,Meccan,1,Allāh,2
17,111,Meccan,4,Al-Malik,12
17,111,Meccan,56,Al-Walī,16
18,1,Meccan,1,Allāh,1
18,1,Meccan,37,Al-'Alī,4
18,2,Meccan,7,Al-Mu'min,7
18,4,Meccan,1,Allāh,4
18,6,Meccan,37,Al-'Alī,3
18,7,Meccan,37,Al-'Alī,3
18,8,Meccan,37,Al-'Alī,3
18,11,Meccan,37,Al-'Alī,1
18,13,Meccan,37,Al-'Alī,2
18,13,Meccan,52,Al-Ḥaqq,4
18,14,Meccan,37,Al-'Alī,1
18,15,Meccan,37,Al-'Alī,9
18,15,Meccan,37,Al-'Alī,17
18,15,Meccan,1,Allāh,18
18,16,Meccan,1,Allāh,5
18,17,Meccan,1,Allāh,23
18,17,Meccan,1,Allāh,27
18,18,Meccan,37,Al-'Alī,18
18,18,Meccan,56,Al-Walī,19
18,19,Meccan,68,Al-Aḥad,24
18,19,Meccan,68,Al-Aḥad,40
18,20,Meccan,37,Al-'Alī,3
18,21,Meccan,37,Al-'Alī,2
18,21,Meccan,1,Allāh,6
18,21,Meccan,52,Al-Ḥaqq,7
18,21,Meccan,37,Al-'Alī,20
18,21,Meccan,37,Al-'Alī,30
18,21,Meccan,37,Al-'Alī,33
18,24,Meccan,1,Allāh,3
18,26,Meccan,1,Allāh,1
18,26,Meccan,56,Al-Walī,20
18,29,Meccan,52,Al-Ḥaqq,1
18,31,Meccan,37,Al-'Alī,22
18,32,Meccan,68,Al-Aḥad,6
18,38,Meccan,1,Allāh,2
18,39,Meccan,1,Allāh,7
18,39,Meccan,1,Allāh,11
18,40,Meccan,37,Al-'Alī,8
18,42,Meccan,37,Al-'Alī,5
18,42,Meccan,37,Al-'Alī,11
18,43,Meccan,1,Allāh,7
18,44,Meccan,1,Allāh,2
18,44,Meccan,52,Al-Ḥaqq,3
18,45,Meccan,1,Allāh,19
18,45,Meccan,37,Al-'Alī,20
18,45,Meccan,71,Al-Muqtadir,23
18,48,Meccan,37,Al-'Alī,1
18,48,Meccan,74,Al-Awwal,8
18,49,Meccan,38,Al-Kabīr,16
18,55,Meccan,74,Al-Awwal,14
18,56,Meccan,52,Al-Ḥaqq,13
18,57,Meccan,37,Al-'Alī,15
18,58,Meccan,35,Al-Ghafūr,1
18,64,Meccan,37,Al-'Alī,7
18,66,Meccan,37,Al-'Alī,5
18,68,Meccan,37,Al-'Alī,2
18,69,Meccan,1,Allāh,4
18,79,Meccan,4,Al-Malik,12
18,80,Meccan,7,Al-Mu'min,4
18,83,Meccan,37,Al-'Alī,7
18,90,Meccan,37,Al-'Alī,7
18,94,Meccan,37,Al-'Alī,13
19,9,Meccan,37,Al-'Alī,5
19,11,Meccan,37,Al-'Alī,1
19,14,Meccan,10,Al-Jabbār,4
19,18,Meccan,2,Al-Raḥmān,3
19,21,Meccan,37,Al-'Alī,5
19,25,Meccan,37,Al-'Alī,5
19,26,Meccan,2,Al-Raḥmān,13
19,30,Meccan,1,Allāh,3
19,33,Meccan,37,Al-'Alī,1
19,34,Meccan,52,Al-Ḥaqq,6
19,35,Meccan,1,Allāh,2
19,36,Meccan,1,Allāh,1
19,37,Meccan,34,Al-'Aẓīm,11
19,40,Meccan,37,Al-'Alī,5
19,40,Meccan,78,Al-Wālī,6
19,44,Meccan,2,Al-Raḥmān,8
19,45,Meccan,2,Al-Raḥmān,7
19,47,Meccan,37,Al-'Alī,2
19,48,Meccan,1,Allāh,5
19,49,Meccan,1,Allāh,6
19,57,Meccan,37,Al-'Alī,2
19,58,Meccan,1,Allāh,3
19,58,Meccan,37,Al-'Alī,4
19,58,Meccan,37,Al-'Alī,24
19,58,Meccan,2,Al-Raḥmān,26
19,61,Meccan,2,Al-Raḥmān,4
19,66,Meccan,63,Al-Ḥayy,7
19,67,Meccan,74,Al-Awwal,0
19,69,Meccan,37,Al-'Alī,7
19,69,Meccan,2,Al-Raḥmān,8
19,70,Meccan,74,Al-Awwal,5
19,71,Meccan,37,Al-'Alī,6
19,73,Meccan,37,Al-'Alī,2
19,75,Meccan,2,Al-Raḥmān,7
19,76,Meccan,1,Allāh,1
19,78,Meccan,2,Al-Raḥmān,5
19,81,Meccan,1,Allāh,3
19,82,Meccan,37,Al-'Alī,5
19,83,Meccan,37,Al-'Alī,5
19,84,Meccan,37,Al-'Alī,2
19,85,Meccan,2,Al-Raḥmān,4
19,87,Meccan,4,Al-Malik,1
19,87,Meccan,2,Al-Raḥmān,7
19,88,Meccan,2,Al-Raḥmān,2
19,91,Meccan,2,Al-Raḥmān,2
19,92,Meccan,2,Al-Raḥmān,2
19,93,Meccan,2,Al-Raḥmān,8
19,96,Meccan,2,Al-Raḥmān,7
19,98,Meccan,68,Al-Aḥad,9
20,2,Meccan,37,Al-'Alī,2
20,4,Meccan,37,Al-'Alī,5
20,5,Meccan,2,Al-Raḥmān,0
20,5,Meccan,37,Al-'Alī,1
20,8,Meccan,1,Allāh,0
20,10,Meccan,37,Al-'Alī,15
20,14,Meccan,1,Allāh,2
20,18,Meccan,37,Al-'Alī,4
20,18,Meccan,37,Al-'Alī,7
20,18,Meccan,56,Al-Walī,9
20,18,Meccan,75,Al-Ākhir,12
20,22,Meccan,75,Al-Ākhir,10
20,37,Meccan,37,Al-'Alī,2
20,39,Meccan,37,Al-'Alī,17
20,39,Meccan,37,Al-'Alī,21
20,40,Meccan,37,Al-'Alī,6
20,40,Meccan,37,Al-'Alī,34
20,47,Meccan,37,Al-'Alī,19
20,48,Meccan,37,Al-'Alī,6
20,55,Meccan,75,Al-Ākhir,8
20,61,Meccan,37,Al-'Alī,6
20,61,Meccan,1,Allāh,7
20,65,Meccan,74,Al-Awwal,8
20,71,Meccan,38,Al-Kabīr,9
20,72,Meccan,37,Al-'Alī,3
20,73,Meccan,1,Allāh,12
20,75,Meccan,37,Al-'Alī,9
20,80,Meccan,37,Al-'Alī,11
20,81,Meccan,37,Al-'Alī,9
20,84,Meccan,37,Al-'Alī,3
20,86,Meccan,37,Al-'Alī,16
20,86,Meccan,37,Al-'Alī,22
20,87,Meccan,4,Al-Malik,4
20,90,Meccan,2,Al-Raḥmān,13
20,98,Meccan,1,Allāh,2
20,99,Meccan,37,Al-'Alī,2
20,108,Meccan,2,Al-Raḥmān,9
20,109,Meccan,2,Al-Raḥmān,8
20,111,Meccan,64,Al-Qayyūm,4
20,112,Meccan,7,Al-Mu'min,5
20,114,Meccan,1,Allāh,1
20,114,Meccan,4,Al-Malik,2
20,114,Meccan,52,Al-Ḥaqq,3
20,120,Meccan,37,Al-'Alī,7
20,121,Meccan,37,Al-'Alī,7
20,130,Meccan,37,Al-'Alī,1
20,132,Meccan,37,Al-'Alī,4
21,4,Meccan,27,Al-Samī',9
21,4,Meccan,20,Al-'Alīm,10
21,5,Meccan,74,Al-Awwal,13
21,18,Meccan,52,Al-Ḥaqq,2
21,18,Meccan,37,Al-'Alī,3
21,22,Meccan,1,Allāh,5
21,22,Meccan,1,Allāh,9
21,24,Meccan,52,Al-Ḥaqq,22
21,26,Meccan,2,Al-Raḥmān,2
21,30,Meccan,63,Al-Ḥayy,16
21,35,Meccan,78,Al-Wālī,10
21,36,Meccan,2,Al-Raḥmān,14
21,42,Meccan,2,Al-Raḥmān,6
21,44,Meccan,37,Al-'Alī,6
21,55,Meccan,52,Al-Ḥaqq,2
21,56,Meccan,37,Al-'Alī,9
21,61,Meccan,37,Al-'Alī,3
21,63,Meccan,38,Al-Kabīr,3
21,65,Meccan,37,Al-'Alī,2
21,66,Meccan,1,Allāh,4
21,67,Meccan,1,Allāh,6
21,69,Meccan,37,Al-'Alī,5
21,76,Meccan,34,Al-'Aẓīm,11
21,78,Meccan,29,Al-Ḥakam,3
21,78,Meccan,29,Al-Ḥakam,12
21,88,Meccan,7,Al-Mu'min,8
21,94,Meccan,7,Al-Mu'min,5
21,95,Meccan,37,Al-'Alī,1
21,97,Meccan,52,Al-Ḥaqq,2
21,98,Meccan,1,Allāh,5
21,104,Meccan,74,Al-Awwal,9
21,109,Meccan,37,Al-'Alī,4
21,112,Meccan,52,Al-Ḥaqq,3
21,112,Meccan,2,Al-Raḥmān,6
21,112,Meccan,37,Al-'Alī,8
22,1,Medinan,34,Al-'Aẓīm,9
22,2,Medinan,1,Allāh,20
22,3,Medinan,1,Allāh,5
22,5,Medinan,37,Al-'Alī,63
22,6,Medinan,1,Allāh,2
22,6,Medinan,52,Al-Ḥaqq,4
22,6,Medinan,37,Al-'Alī,9
22,7,Medinan,1,Allāh,7
22,8,Medinan,1,Allāh,5
22,9,Medinan,1,Allāh,5
22,10,Medinan,1,Allāh,5
22,11,Medinan,1,Allāh,4
22,11,Medinan,37,Al-'Alī,5
22,11,Medinan,37,Al-'Alī,18
22,12,Medinan,1,Allāh,3
22,14,Medinan,1,Allāh,1
22,14,Medinan,1,Allāh,14
22,15,Medinan,1,Allāh,6
22,16,Medinan,1,Allāh,5
22,17,Medinan,1,Allāh,11
22,17,Medinan,1,Allāh,18
22,17,Medinan,37,Al-'Alī,19
22,17,Medinan,51,Al-Shahīd,22
22,18,Medinan,1,Allāh,3
22,18,Medinan,52,Al-Ḥaqq,23
22,18,Medinan,1,Allāh,29
22,18,Medinan,1,Allāh,36
22,23,Medinan,1,Allāh,1
22,24,Medinan,57,Al-Ḥamīd,8
22,25,Medinan,1,Allāh,6
22,28,Medinan,1,Allāh,5
22,28,Medinan,37,Al-'Alī,9
22,30,Medinan,1,Allāh,4
22,30,Medinan,37,Al-'Alī,17
22,31,Medinan,1,Allāh,1
22,31,Medinan,1,Allāh,8
22,32,Medinan,1,Allāh,4
22,34,Medinan,1,Allāh,6
22,34,Medinan,37,Al-'Alī,7
22,35,Medinan,1,Allāh,3
22,35,Medinan,37,Al-'Alī,7
22,36,Medinan,1,Allāh,5
22,36,Medinan,1,Allāh,12
22,36,Medinan,37,Al-'Alī,13
22,37,Medinan,1,Allāh,2
22,37,Medinan,1,Allāh,15
22,37,Medinan,37,Al-'Alī,16
22,38,Medinan,1,Allāh,2
22,38,Medinan,1,Allāh,9
22,39,Medinan,1,Allāh,7
22,39,Medinan,37,Al-'Alī,8
22,40,Medinan,52,Al-Ḥaqq,5
22,40,Medinan,1,Allāh,10
22,40,Medinan,1,Allāh,14
22,40,Medinan,1,Allāh,26
22,40,Medinan,1,Allāh,30
22,40,Medinan,1,Allāh,35
22,40,Medinan,54,Al-Qawī,36
22,40,Medinan,9,Al-'Azīz,37
22,41,Medinan,1,Allāh,15
22,45,Medinan,37,Al-'Alī,8
22,47,Medinan,1,Allāh,4
22,48,Medinan,78,Al-Wālī,9
22,50,Medinan,43,Al-Karīm,7
22,52,Medinan,1,Allāh,16
22,52,Medinan,1,Allāh,22
22,52,Medinan,1,Allāh,25
22,52,Medinan,20,Al-'Alīm,26
22,52,Medinan,47,Al-Ḥakīm,27
22,54,Medinan,52,Al-Ḥaqq,5
22,54,Medinan,1,Allāh,15
22,56,Medinan,4,Al-Malik,0
22,56,Medinan,1,Allāh,2
22,58,Medinan,1,Allāh,4
22,58,Medinan,1,Allāh,10
22,58,Medinan,1,Allāh,15
22,59,Medinan,1,Allāh,5
22,59,Medinan,20,Al-'Alīm,6
22,59,Medinan,33,Al-Ḥalīm,7
22,60,Medinan,1,Allāh,12
22,60,Medinan,1,Allāh,15
22,60,Medinan,83,Al-'Afūw,16
22,60,Medinan,35,Al-Ghafūr,17
22,61,Medinan,1,Allāh,2
22,61,Medinan,1,Allāh,12
22,61,Medinan,27,Al-Samī',13
22,61,Medinan,28,Al-Baṣīr,14
22,62,Medinan,1,Allāh,2
22,62,Medinan,52,Al-Ḥaqq,4
22,62,Medinan,1,Allāh,13
22,62,Medinan,37,Al-'Alī,15
22,62,Medinan,38,Al-Kabīr,16
22,63,Medinan,1,Allāh,3
22,63,Medinan,1,Allāh,13
22,63,Medinan,31,Al-Laṭīf,14
22,63,Medinan,32,Al-Khabīr,15
22,64,Medinan,1,Allāh,9
22,64,Medinan,89,Al-Ghanī,11
22,64,Medinan,57,Al-Ḥamīd,12
22,65,Medinan,1,Allāh,3
22,65,Medinan,37,Al-'Alī,18
22,65,Medinan,1,Allāh,24
22,65,Medinan,3,Al-Raḥīm,27
22,68,Medinan,1,Allāh,3
22,69,Medinan,1,Allāh,0
22,70,Medinan,1,Allāh,3
22,70,Medinan,37,Al-'Alī,17
22,70,Medinan,1,Allāh,18
22,71,Medinan,1,Allāh,3
22,72,Medinan,37,Al-'Alī,2
22,72,Medinan,37,Al-'Alī,16
22,72,Medinan,1,Allāh,27
22,73,Medinan,1,Allāh,12
22,74,Medinan,1,Allāh,2
22,74,Medinan,52,Al-Ḥaqq,3
22,74,Medinan,1,Allāh,7
22,74,Medinan,54,Al-Qawī,8
22,74,Medinan,9,Al-'Azīz,9
22,75,Medinan,1,Allāh,0
22,75,Medinan,1,Allāh,9
22,75,Medinan,27,Al-Samī',10
22,75,Medinan,28,Al-Baṣīr,11
22,76,Medinan,78,Al-Wālī,7
22,76,Medinan,1,Allāh,8
22,78,Medinan,1,Allāh,2
22,78,Medinan,52,Al-Ḥaqq,3
22,78,Medinan,37,Al-'Alī,10
22,78,Medinan,51,Al-Shahīd,29
22,78,Medinan,37,Al-'Alī,30
22,78,Medinan,37,Al-'Alī,33
22,78,Medinan,1,Allāh,41
23,1,Meccan,7,Al-Mu'min,2
23,6,Meccan,37,Al-'Alī,1
23,6,Meccan,4,Al-Malik,5
23,9,Meccan,37,Al-'Alī,2
23,14,Meccan,1,Allāh,19
23,18,Meccan,37,Al-'Alī,10
23,22,Meccan,37,Al-'Alī,0
23,23,Meccan,1,Allāh,8
23,24,Meccan,37,Al-'Alī,14
23,24,Meccan,1,Allāh,17
23,24,Meccan,74,Al-Awwal,25
23,28,Meccan,37,Al-'Alī,5
23,28,Meccan,1,Allāh,9
23,32,Meccan,1,Allāh,6
23,38,Meccan,37,Al-'Alī,5
23,38,Meccan,1,Allāh,6
23,38,Meccan,7,Al-Mu'min,11
23,41,Meccan,52,Al-Ḥaqq,2
23,51,Meccan,20,Al-'Alīm,11
23,62,Meccan,52,Al-Ḥaqq,9
23,66,Meccan,37,Al-'Alī,4
23,66,Meccan,37,Al-'Alī,6
23,68,Meccan,74,Al-Awwal,9
23,70,Meccan,52,Al-Ḥaqq,7
23,71,Meccan,52,Al-Ḥaqq,2
23,77,Meccan,37,Al-'Alī,3
23,79,Meccan,78,Al-Wālī,5
23,81,Meccan,74,Al-Awwal,5
23,83,Meccan,74,Al-Awwal,11
23,85,Meccan,1,Allāh,1
23,86,Meccan,34,Al-'Aẓīm,7
23,87,Meccan,1,Allāh,1
23,89,Meccan,1,Allāh,1
23,90,Meccan,52,Al-Ḥaqq,2
23,91,Meccan,1,Allāh,2
23,91,Meccan,37,Al-'Alī,19
23,91,Meccan,1,Allāh,23
23,95,Meccan,37,Al-'Alī,1
23,99,Meccan,68,Al-Aḥad,3
23,105,Meccan,37,Al-'Alī,4
23,106,Meccan,37,Al-'Alī,3
23,116,Meccan,1,Allāh,1
23,116,Meccan,4,Al-Malik,2
23,116,Meccan,52,Al-Ḥaqq,3
23,116,Meccan,43,Al-Karīm,11
23,117,Meccan,1,Allāh,3
23,117,Meccan,80,Al-Barr,7
24,2,Medinan,1,Allāh,15
24,2,Medinan,1,Allāh,19
24,2,Medinan,7,Al-Mu'min,27
24,3,Medinan,37,Al-'Alī,17
24,3,Medinan,7,Al-Mu'min,18
24,5,Medinan,1,Allāh,8
24,5,Medinan,35,Al-Ghafūr,9
24,5,Medinan,3,Al-Raḥīm,10
24,6,Medinan,68,Al-Aḥad,10
24,6,Medinan,1,Allāh,13
24,7,Medinan,1,Allāh,3
24,8,Medinan,1,Allāh,7
24,9,Medinan,1,Allāh,3
24,10,Medinan,1,Allāh,2
24,10,Medinan,37,Al-'Alī,3
24,10,Medinan,1,Allāh,6
24,10,Medinan,81,Al-Tawwāb,7
24,10,Medinan,47,Al-Ḥakīm,8
24,11,Medinan,34,Al-'Aẓīm,31
24,12,Medinan,7,Al-Mu'min,4
24,13,Medinan,1,Allāh,12
24,14,Medinan,1,Allāh,2
24,14,Medinan,37,Al-'Alī,3
24,14,Medinan,34,Al-'Aẓīm,14
24,15,Medinan,1,Allāh,14
24,15,Medinan,34,Al-'Aẓīm,15
24,16,Medinan,34,Al-'Aẓīm,13
24,17,Medinan,1,Allāh,1
24,17,Medinan,7,Al-Mu'min,8
24,18,Medinan,1,Allāh,1
24,18,Medinan,1,Allāh,5
24,18,Medinan,20,Al-'Alīm,6
24,18,Medinan,47,Al-Ḥakīm,7
24,19,Medinan,1,Allāh,16
24,20,Medinan,1,Allāh,2
24,20,Medinan,37,Al-'Alī,3
24,20,Medinan,1,Allāh,6
24,20,Medinan,84,Al-Ra'ūf,7
24,20,Medinan,3,Al-Raḥīm,8
24,21,Medinan,1,Allāh,20
24,21,Medinan,37,Al-'Alī,21
24,21,Medinan,68,Al-Aḥad,27
24,21,Medinan,1,Allāh,30
24,21,Medinan,1,Allāh,35
24,21,Medinan,27,Al-Samī',36
24,21,Medinan,20,Al-'Alīm,37
24,22,Medinan,1,Allāh,14
24,22,Medinan,1,Allāh,23
24,22,Medinan,1,Allāh,26
24,22,Medinan,35,Al-Ghafūr,27
24,22,Medinan,3,Al-Raḥīm,28
24,23,Medinan,34,Al-'Aẓīm,12
24,24,Medinan,37,Al-'Alī,2
24,25,Medinan,1,Allāh,2
24,25,Medinan,52,Al-Ḥaqq,4
24,25,Medinan,1,Allāh,7
24,25,Medinan,52,Al-Ḥaqq,9
24,26,Medinan,43,Al-Karīm,18
24,27,Medinan,37,Al-'Alī,11
24,28,Medinan,1,Allāh,21
24,28,Medinan,20,Al-'Alīm,24
24,29,Medinan,37,Al-'Alī,1
24,29,Medinan,1,Allāh,12
24,30,Medinan,7,Al-Mu'min,1
24,30,Medinan,1,Allāh,13
24,30,Medinan,32,Al-Khabīr,14
24,31,Medinan,37,Al-'Alī,17
24,31,Medinan,4,Al-Malik,47
24,31,Medinan,37,Al-'Alī,61
24,31,Medinan,1,Allāh,76
24,31,Medinan,7,Al-Mu'min,79
24,32,Medinan,89,Al-Ghanī,11
24,32,Medinan,1,Allāh,12
24,32,Medinan,1,Allāh,16
24,32,Medinan,20,Al-'Alīm,18
24,33,Medinan,1,Allāh,7
24,33,Medinan,4,Al-Malik,15
24,33,Medinan,1,Allāh,26
24,33,Medinan,37,Al-'Alī,33
24,33,Medinan,1,Allāh,46
24,33,Medinan,35,Al-Ghafūr,50
24,33,Medinan,3,Al-Raḥīm,51
24,35,Medinan,1,Allāh,1
24,35,Medinan,94,Al-Nūr,2
24,35,Medinan,94,Al-Nūr,37
24,35,Medinan,37,Al-'Alī,38
24,35,Medinan,94,Al-Nūr,39
24,35,Medinan,1,Allāh,42
24,35,Medinan,1,Allāh,48
24,35,Medinan,1,Allāh,52
24,35,Medinan,20,Al-'Alīm,55
24,36,Medinan,1,Allāh,3
24,37,Medinan,1,Allāh,8
24,38,Medinan,1,Allāh,1
24,38,Medinan,1,Allāh,9
24,39,Medinan,1,Allāh,15
24,39,Medinan,1,Allāh,20
24,40,Medinan,1,Allāh,28
24,40,Medinan,94,Al-Nūr,34
24,41,Medinan,1,Allāh,3
24,41,Medinan,1,Allāh,19
24,41,Medinan,20,Al-'Alīm,20
24,42,Medinan,1,Allāh,0
24,42,Medinan,78,Al-Wālī,5
24,42,Medinan,1,Allāh,6
24,43,Medinan,1,Allāh,3
24,44,Medinan,1,Allāh,1
24,45,Medinan,1,Allāh,0
24,45,Medinan,37,Al-'Alī,10
24,45,Medinan,37,Al-'Alī,15
24,45,Medinan,37,Al-'Alī,20
24,45,Medinan,1,Allāh,24
24,45,Medinan,1,Allāh,29
24,45,Medinan,37,Al-'Alī,30
24,46,Medinan,1,Allāh,5
24,47,Medinan,1,Allāh,2
24,47,Medinan,7,Al-Mu'min,15
24,48,Medinan,1,Allāh,3
24,49,Medinan,52,Al-Ḥaqq,3
24,50,Medinan,1,Allāh,9
24,50,Medinan,37,Al-'Alī,10
24,51,Medinan,7,Al-Mu'min,3
24,51,Medinan,1,Allāh,7
24,52,Medinan,1,Allāh,2
24,52,Medinan,1,Allāh,5
24,53,Medinan,1,Allāh,2
24,53,Medinan,1,Allāh,17
24,53,Medinan,32,Al-Khabīr,18
24,54,Medinan,1,Allāh,2
24,54,Medinan,37,Al-'Alī,12
24,54,Medinan,37,Al-'Alī,21
24,55,Medinan,1,Allāh,1
24,58,Medinan,4,Al-Malik,5
24,58,Medinan,37,Al-'Alī,34
24,58,Medinan,37,Al-'Alī,36
24,58,Medinan,37,Al-'Alī,41
24,58,Medinan,37,Al-'Alī,43
24,58,Medinan,1,Allāh,48
24,58,Medinan,1,Allāh,52
24,58,Medinan,20,Al-'Alīm,53
24,58,Medinan,47,Al-Ḥakīm,54
24,59,Medinan,1,Allāh,14
24,59,Medinan,1,Allāh,18
24,59,Medinan,20,Al-'Alīm,19
24,59,Medinan,47,Al-Ḥakīm,20
24,60,Medinan,37,Al-'Alī,8
24,60,Medinan,1,Allāh,22
24,60,Medinan,27,Al-Samī',23
24,60,Medinan,20,Al-'Alīm,24
24,61,Medinan,37,Al-'Alī,1
24,61,Medinan,37,Al-'Alī,5
24,61,Medinan,37,Al-'Alī,9
24,61,Medinan,37,Al-'Alī,13
24,61,Medinan,4,Al-Malik,45
24,61,Medinan,37,Al-'Alī,51
24,61,Medinan,37,Al-'Alī,63
24,61,Medinan,1,Allāh,68
24,61,Medinan,1,Allāh,74
24,62,Medinan,7,Al-Mu'min,1
24,62,Medinan,1,Allāh,4
24,62,Medinan,37,Al-'Alī,9
24,62,Medinan,88,Al-Jāmi',11
24,62,Medinan,1,Allāh,23
24,62,Medinan,1,Allāh,36
24,62,Medinan,1,Allāh,39
24,62,Medinan,35,Al-Ghafūr,40
24,62,Medinan,3,Al-Raḥīm,41
24,63,Medinan,1,Allāh,11
24,64,Medinan,1,Allāh,2
24,64,Medinan,1,Allāh,20
24,64,Medinan,20,Al-'Alīm,23
25,1,Meccan,37,Al-'Alī,4
25,2,Meccan,4,Al-Malik,13
25,3,Meccan,4,Al-Malik,10
25,3,Meccan,4,Al-Malik,16
25,5,Meccan,74,Al-Awwal,2
25,7,Meccan,4,Al-Malik,13
25,16,Meccan,37,Al-'Alī,7
25,17,Meccan,1,Allāh,6
25,21,Meccan,37,Al-'Alī,8
25,26,Meccan,4,Al-Malik,0
25,26,Meccan,52,Al-Ḥaqq,2
25,26,Meccan,2,Al-Raḥmān,3
25,26,Meccan,37,Al-'Alī,7
25,27,Meccan,37,Al-'Alī,3
25,33,Meccan,52,Al-Ḥaqq,5
25,34,Meccan,37,Al-'Alī,2
25,40,Meccan,37,Al-'Alī,2
25,41,Meccan,1,Allāh,9
25,42,Meccan,37,Al-'Alī,8
25,43,Meccan,53,Al-Wakīl,8
25,55,Meccan,1,Allāh,3
25,55,Meccan,37,Al-'Alī,12
25,58,Meccan,37,Al-'Alī,1
25,58,Meccan,63,Al-Ḥayy,2
25,58,Meccan,32,Al-Khabīr,13
25,59,Meccan,37,Al-'Alī,11
25,59,Meccan,2,Al-Raḥmān,14
25,60,Meccan,2,Al-Raḥmān,4
25,60,Meccan,2,Al-Raḥmān,7
25,63,Meccan,2,Al-Raḥmān,1
25,63,Meccan,37,Al-'Alī,4
25,68,Meccan,1,Allāh,4
25,68,Meccan,1,Allāh,12
25,68,Meccan,52,Al-Ḥaqq,14
25,70,Meccan,1,Allāh,9
25,70,Meccan,1,Allāh,14
25,71,Meccan,1,Allāh,7
25,73,Meccan,37,Al-'Alī,7
26,3,Meccan,7,Al-Mu'min,5
26,4,Meccan,37,Al-'Alī,3
26,5,Meccan,2,Al-Raḥmān,5
26,7,Meccan,43,Al-Karīm,10
26,8,Meccan,7,Al-Mu'min,8
26,9,Meccan,9,Al-'Azīz,3
26,9,Meccan,3,Al-Raḥīm,4
26,14,Meccan,37,Al-'Alī,1
26,22,Meccan,37,Al-'Alī,3
26,26,Meccan,74,Al-Awwal,4
26,30,Meccan,74,Al-Awwal,1
26,34,Meccan,20,Al-'Alīm,6
26,37,Meccan,20,Al-'Alīm,3
26,49,Meccan,38,Al-Kabīr,9
26,51,Meccan,74,Al-Awwal,9
26,51,Meccan,7,Al-Mu'min,10
26,58,Meccan,43,Al-Karīm,2
26,63,Meccan,34,Al-'Aẓīm,13
26,67,Meccan,7,Al-Mu'min,8
26,68,Meccan,9,Al-'Azīz,3
26,68,Meccan,3,Al-Raḥīm,4
26,69,Meccan,37,Al-'Alī,1
26,83,Meccan,52,Al-Ḥaqq,4
26,89,Meccan,1,Allāh,3
26,93,Meccan,1,Allāh,2
26,102,Meccan,7,Al-Mu'min,6
26,103,Meccan,7,Al-Mu'min,8
26,104,Meccan,9,Al-'Azīz,3
26,104,Meccan,3,Al-Raḥīm,4
26,108,Meccan,1,Allāh,1
26,109,Meccan,37,Al-'Alī,9
26,110,Meccan,1,Allāh,1
26,113,Meccan,37,Al-'Alī,3
26,114,Meccan,7,Al-Mu'min,3
26,118,Meccan,7,Al-Mu'min,8
26,120,Meccan,97,Al-Bāqī,3
26,121,Meccan,7,Al-Mu'min,8
26,122,Meccan,9,Al-'Azīz,3
26,122,Meccan,3,Al-Raḥīm,4
26,126,Meccan,1,Allāh,1
26,127,Meccan,37,Al-'Alī,9
26,130,Meccan,10,Al-Jabbār,3
26,131,Meccan,1,Allāh,1
26,135,Meccan,37,Al-'Alī,2
26,135,Meccan,34,Al-'Aẓīm,5
26,137,Meccan,74,Al-Awwal,4
26,139,Meccan,7,Al-Mu'min,11
26,140,Meccan,9,Al-'Azīz,3
26,140,Meccan,3,Al-Raḥīm,4
26,144,Meccan,1,Allāh,1
26,145,Meccan,37,Al-'Alī,9
26,150,Meccan,1,Allāh,1
26,156,Meccan,34,Al-'Aẓīm,6
26,158,Meccan,7,Al-Mu'min,11
26,159,Meccan,9,Al-'Azīz,3
26,159,Meccan,3,Al-Raḥīm,4
26,163,Meccan,1,Allāh,1
26,164,Meccan,37,Al-'Alī,9
26,173,Meccan,37,Al-'Alī,1
26,174,Meccan,7,Al-Mu'min,8
26,175,Meccan,9,Al-'Azīz,3
26,175,Meccan,3,Al-Raḥīm,4
26,179,Meccan,1,Allāh,1
26,180,Meccan,37,Al-'Alī,9
26,184,Meccan,74,Al-Awwal,4
26,187,Meccan,37,Al-'Alī,1
26,189,Meccan,34,Al-'Aẓīm,10
26,190,Meccan,7,Al-Mu'min,8
26,191,Meccan,9,Al-'Azīz,3
26,191,Meccan,3,Al-Raḥīm,4
26,194,Meccan,37,Al-'Alī,0
26,196,Meccan,74,Al-Awwal,3
26,198,Meccan,37,Al-'Alī,2
26,199,Meccan,37,Al-'Alī,1
26,199,Meccan,7,Al-Mu'min,5
26,213,Meccan,1,Allāh,3
26,215,Meccan,7,Al-Mu'min,5
26,217,Meccan,37,Al-'Alī,1
26,217,Meccan,9,Al-'Azīz,2
26,217,Meccan,3,Al-Raḥīm,3
26,220,Meccan,27,Al-Samī',2
26,220,Meccan,20,Al-'Alīm,3
26,221,Meccan,37,Al-'Alī,2
26,222,Meccan,37,Al-'Alī,1
26,227,Meccan,1,Allāh,6
27,2,Meccan,7,Al-Mu'min,2
27,6,Meccan,47,Al-Ḥakīm,5
27,6,Meccan,20,Al-'Alīm,6
27,8,Meccan,1,Allāh,11
27,9,Meccan,1,Allāh,3
27,9,Meccan,9,Al-'Azīz,4
27,9,Meccan,47,Al-Ḥakīm,5
27,10,Meccan,56,Al-Walī,8
27,11,Meccan,35,Al-Ghafūr,9
27,11,Meccan,3,Al-Raḥīm,10
27,15,Meccan,1,Allāh,8
27,15,Meccan,37,Al-'Alī,11
27,15,Meccan,7,Al-Mu'min,15
27,18,Meccan,37,Al-'Alī,3
27,19,Meccan,37,Al-'Alī,12
27,23,Meccan,34,Al-'Aẓīm,10
27,24,Meccan,1,Allāh,6
27,25,Meccan,1,Allāh,2
27,26,Meccan,1,Allāh,0
27,26,Meccan,34,Al-'Aẓīm,7
27,29,Meccan,43,Al-Karīm,7
27,30,Meccan,1,Allāh,5
27,30,Meccan,2,Al-Raḥmān,6
27,30,Meccan,3,Al-Raḥīm,7
27,31,Meccan,37,Al-'Alī,2
27,34,Meccan,4,Al-Malik,2
27,36,Meccan,1,Allāh,8
27,39,Meccan,54,Al-Qawī,15
27,40,Meccan,89,Al-Ghanī,39
27,40,Meccan,43,Al-Karīm,40
27,43,Meccan,1,Allāh,6
27,44,Meccan,1,Allāh,28
27,45,Meccan,1,Allāh,8
27,46,Meccan,1,Allāh,10
27,47,Meccan,1,Allāh,9
27,49,Meccan,1,Allāh,2
27,58,Meccan,37,Al-'Alī,1
27,59,Meccan,1,Allāh,2
27,59,Meccan,37,Al-'Alī,4
27,60,Meccan,1,Allāh,23
27,60,Meccan,30,Al-'Adl,28
27,61,Meccan,1,Allāh,17
27,62,Meccan,1,Allāh,13
27,63,Meccan,80,Al-Barr,4
27,63,Meccan,1,Allāh,16
27,63,Meccan,1,Allāh,19
27,64,Meccan,1,Allāh,13
27,65,Meccan,1,Allāh,9
27,68,Meccan,74,Al-Awwal,11
27,70,Meccan,37,Al-'Alī,2
27,73,Meccan,37,Al-'Alī,4
27,76,Meccan,37,Al-'Alī,4
27,77,Meccan,7,Al-Mu'min,3
27,78,Meccan,9,Al-'Azīz,7
27,78,Meccan,20,Al-'Alīm,8
27,79,Meccan,37,Al-'Alī,1
27,79,Meccan,1,Allāh,2
27,79,Meccan,37,Al-'Alī,5
27,79,Meccan,52,Al-Ḥaqq,6
27,82,Meccan,37,Al-'Alī,4
27,85,Meccan,37,Al-'Alī,2
27,87,Meccan,1,Allāh,14
27,88,Meccan,1,Allāh,10
27,88,Meccan,32,Al-Khabīr,17
27,93,Meccan,1,Allāh,2
28,3,Meccan,37,Al-'Alī,1
28,3,Meccan,52,Al-Ḥaqq,6
28,5,Meccan,37,Al-'Alī,3
28,10,Meccan,37,Al-'Alī,13
28,10,Meccan,7,Al-Mu'min,17
28,12,Meccan,37,Al-'Alī,9
28,13,Meccan,1,Allāh,11
28,13,Meccan,52,Al-Ḥaqq,12
28,15,Meccan,37,Al-'Alī,2
28,15,Meccan,37,Al-'Alī,22
28,16,Meccan,35,Al-Ghafūr,12
28,16,Meccan,3,Al-Raḥīm,13
28,17,Meccan,37,Al-'Alī,4
28,23,Meccan,38,Al-Kabīr,29
28,25,Meccan,68,Al-Aḥad,1
28,25,Meccan,37,Al-'Alī,3
28,26,Meccan,68,Al-Aḥad,1
28,26,Meccan,54,Al-Qawī,9
28,27,Meccan,68,Al-Aḥad,5
28,27,Meccan,37,Al-'Alī,8
28,27,Meccan,37,Al-'Alī,24
28,27,Meccan,1,Allāh,29
28,28,Meccan,37,Al-'Alī,10
28,28,Meccan,1,Allāh,12
28,28,Meccan,37,Al-'Alī,13
28,28,Meccan,53,Al-Wakīl,16
28,30,Meccan,1,Allāh,16
28,31,Meccan,56,Al-Walī,9
28,36,Meccan,74,Al-Awwal,16
28,38,Meccan,37,Al-'Alī,13
28,39,Meccan,52,Al-Ḥaqq,6
28,45,Meccan,37,Al-'Alī,4
28,45,Meccan,37,Al-'Alī,14
28,47,Meccan,7,Al-Mu'min,17
28,48,Meccan,52,Al-Ḥaqq,2
28,49,Meccan,1,Allāh,5
28,50,Meccan,1,Allāh,17
28,50,Meccan,1,Allāh,20
28,53,Meccan,37,Al-'Alī,2
28,53,Meccan,52,Al-Ḥaqq,7
28,55,Meccan,37,Al-'Alī,11
28,56,Meccan,1,Allāh,6
28,59,Meccan,37,Al-'Alī,11
28,60,Meccan,1,Allāh,11
28,63,Meccan,52,Al-Ḥaqq,2
28,63,Meccan,37,Al-'Alī,3
28,66,Meccan,37,Al-'Alī,1
28,68,Meccan,1,Allāh,12
28,70,Meccan,1,Allāh,1
28,70,Meccan,78,Al-Wālī,15
28,71,Meccan,1,Allāh,4
28,71,Meccan,37,Al-'Alī,5
28,71,Meccan,1,Allāh,14
28,72,Meccan,1,Allāh,4
28,72,Meccan,37,Al-'Alī,5
28,72,Meccan,1,Allāh,14
28,75,Meccan,52,Al-Ḥaqq,10
28,75,Meccan,1,Allāh,11
28,76,Meccan,37,Al-'Alī,8
28,76,Meccan,1,Allāh,28
28,77,Meccan,1,Allāh,3
28,77,Meccan,1,Allāh,16
28,77,Meccan,1,Allāh,26
28,78,Meccan,37,Al-'Alī,3
28,78,Meccan,1,Allāh,10
28,79,Meccan,37,Al-'Alī,1
28,79,Meccan,34,Al-'Aẓīm,20
28,80,Meccan,1,Allāh,6
28,81,Meccan,1,Allāh,12
28,82,Meccan,1,Allāh,7
28,82,Meccan,1,Allāh,19
28,82,Meccan,37,Al-'Alī,20
28,85,Meccan,37,Al-'Alī,3
28,87,Meccan,1,Allāh,4
28,88,Meccan,1,Allāh,3
28,88,Meccan,78,Al-Wālī,20
29,3,Meccan,1,Allāh,7
29,4,Meccan,29,Al-Ḥakam,10
29,5,Meccan,1,Allāh,4
29,5,Meccan,1,Allāh,7
29,5,Meccan,27,Al-Samī',11
29,5,Meccan,20,Al-'Alīm,12
29,6,Meccan,1,Allāh,7
29,10,Meccan,1,Allāh,5
29,10,Meccan,1,Allāh,9
29,10,Meccan,1,Allāh,14
29,10,Meccan,1,Allāh,26
29,11,Meccan,1,Allāh,1
29,16,Meccan,1,Allāh,5
29,17,Meccan,1,Allāh,4
29,17,Meccan,1,Allāh,14
29,17,Meccan,4,Al-Malik,16
29,17,Meccan,1,Allāh,21
29,18,Meccan,37,Al-'Alī,9
29,19,Meccan,1,Allāh,4
29,19,Meccan,37,Al-'Alī,11
29,19,Meccan,1,Allāh,12
29,20,Meccan,1,Allāh,10
29,20,Meccan,1,Allāh,16
29,20,Meccan,37,Al-'Alī,17
29,21,Meccan,78,Al-Wālī,7
29,22,Meccan,1,Allāh,13
29,22,Meccan,56,Al-Walī,15
29,23,Meccan,1,Allāh,3
29,24,Meccan,1,Allāh,11
29,25,Meccan,1,Allāh,5
29,26,Meccan,9,Al-'Azīz,13
29,26,Meccan,47,Al-Ḥakīm,14
29,28,Meccan,68,Al-Aḥad,11
29,29,Meccan,1,Allāh,19
29,30,Meccan,37,Al-'Alī,3
29,34,Meccan,37,Al-'Alī,2
29,36,Meccan,78,Al-Wālī,0
29,36,Meccan,1,Allāh,7
29,40,Meccan,1,Allāh,24
29,41,Meccan,1,Allāh,5
29,42,Meccan,1,Allāh,1
29,42,Meccan,9,Al-'Azīz,11
29,42,Meccan,47,Al-Ḥakīm,12
29,44,Meccan,1,Allāh,1
29,44,Meccan,52,Al-Ḥaqq,4
29,44,Meccan,7,Al-Mu'min,10
29,45,Meccan,1,Allāh,17
29,45,Meccan,1,Allāh,20
29,50,Meccan,1,Allāh,12
29,51,Meccan,37,Al-'Alī,4
29,51,Meccan,37,Al-'Alī,7
29,52,Meccan,1,Allāh,2
29,52,Meccan,1,Allāh,17
29,60,Meccan,1,Allāh,6
29,60,Meccan,27,Al-Samī',11
29,60,Meccan,20,Al-'Alīm,12
29,61,Meccan,1,Allāh,10
29,62,Meccan,1,Allāh,0
29,62,Meccan,1,Allāh,11
29,62,Meccan,20,Al-'Alīm,14
29,63,Meccan,63,Al-Ḥayy,7
29,63,Meccan,1,Allāh,14
29,63,Meccan,1,Allāh,18
29,65,Meccan,1,Allāh,5
29,65,Meccan,80,Al-Barr,12
29,67,Meccan,1,Allāh,14
29,68,Meccan,37,Al-'Alī,4
29,68,Meccan,1,Allāh,5
29,68,Meccan,52,Al-Ḥaqq,9
29,69,Meccan,1,Allāh,7
30,4,Meccan,1,Allāh,4
30,4,Meccan,7,Al-Mu'min,13
30,5,Meccan,1,Allāh,1
30,5,Meccan,9,Al-'Azīz,8
30,5,Meccan,3,Al-Raḥīm,9
30,6,Meccan,1,Allāh,1
30,6,Meccan,1,Allāh,5
30,8,Meccan,1,Allāh,7
30,8,Meccan,52,Al-Ḥaqq,13
30,9,Meccan,1,Allāh,28
30,10,Meccan,1,Allāh,9
30,11,Meccan,1,Allāh,0
30,17,Meccan,1,Allāh,1
30,19,Meccan,63,Al-Ḥayy,1
30,19,Meccan,63,Al-Ḥayy,7
30,19,Meccan,63,Al-Ḥayy,8
30,27,Meccan,9,Al-'Azīz,18
30,27,Meccan,47,Al-Ḥakīm,19
30,28,Meccan,4,Al-Malik,10
30,29,Meccan,1,Allāh,12
30,30,Meccan,1,Allāh,6
30,30,Meccan,37,Al-'Alī,10
30,30,Meccan,1,Allāh,15
30,35,Meccan,37,Al-'Alī,2
30,37,Meccan,1,Allāh,3
30,38,Meccan,1,Allāh,13
30,39,Meccan,1,Allāh,11
30,39,Meccan,1,Allāh,19
30,40,Meccan,1,Allāh,0
30,41,Meccan,80,Al-Barr,3
30,43,Meccan,1,Allāh,13
30,47,Meccan,52,Al-Ḥaqq,15
30,47,Meccan,37,Al-'Alī,16
30,47,Meccan,7,Al-Mu'min,18
30,48,Meccan,1,Allāh,0
30,49,Meccan,37,Al-'Alī,6
30,50,Meccan,1,Allāh,4
30,50,Meccan,37,Al-'Alī,17
30,54,Meccan,1,Allāh,1
30,54,Meccan,20,Al-'Alīm,25
30,56,Meccan,1,Allāh,9
30,59,Meccan,1,Allāh,2
30,59,Meccan,37,Al-'Alī,3
30,60,Meccan,1,Allāh,3
30,60,Meccan,52,Al-Ḥaqq,4
31,2,Meccan,47,Al-Ḥakīm,3
31,5,Meccan,37,Al-'Alī,1
31,6,Meccan,1,Allāh,9
31,7,Meccan,56,Al-Walī,4
31,9,Meccan,1,Allāh,4
31,9,Meccan,9,Al-'Azīz,8
31,9,Meccan,47,Al-Ḥakīm,9
31,10,Meccan,43,Al-Karīm,28
31,11,Meccan,1,Allāh,2
31,12,Meccan,1,Allāh,6
31,12,Meccan,1,Allāh,17
31,12,Meccan,57,Al-Ḥamīd,19
31,13,Meccan,1,Allāh,9
31,13,Meccan,34,Al-'Aẓīm,14
31,14,Meccan,37,Al-'Alī,6
31,15,Meccan,37,Al-'Alī,2
31,16,Meccan,1,Allāh,19
31,16,Meccan,1,Allāh,22
31,16,Meccan,31,Al-Laṭīf,23
31,16,Meccan,32,Al-Khabīr,24
31,17,Meccan,37,Al-'Alī,9
31,18,Meccan,1,Allāh,11
31,20,Meccan,1,Allāh,3
31,20,Meccan,37,Al-'Alī,13
31,20,Meccan,1,Allāh,23
31,21,Meccan,1,Allāh,6
31,21,Meccan,74,Al-Awwal,15
31,22,Meccan,1,Allāh,5
31,22,Meccan,78,Al-Wālī,13
31,22,Meccan,1,Allāh,14
31,23,Meccan,1,Allāh,13
31,23,Meccan,20,Al-'Alīm,14
31,25,Meccan,1,Allāh,7
31,25,Meccan,1,Allāh,11
31,26,Meccan,1,Allāh,0
31,26,Meccan,1,Allāh,7
31,26,Meccan,89,Al-Ghanī,9
31,26,Meccan,57,Al-Ḥamīd,10
31,27,Meccan,1,Allāh,16
31,27,Meccan,1,Allāh,19
31,27,Meccan,9,Al-'Azīz,20
31,27,Meccan,47,Al-Ḥakīm,21
31,28,Meccan,1,Allāh,9
31,28,Meccan,27,Al-Samī',10
31,28,Meccan,28,Al-Baṣīr,11
31,29,Meccan,1,Allāh,3
31,29,Meccan,1,Allāh,21
31,29,Meccan,32,Al-Khabīr,24
31,30,Meccan,1,Allāh,2
31,30,Meccan,52,Al-Ḥaqq,4
31,30,Meccan,1,Allāh,12
31,30,Meccan,37,Al-'Alī,14
31,30,Meccan,38,Al-Kabīr,15
31,31,Meccan,1,Allāh,8
31,31,Meccan,36,Al-Shakūr,19
31,32,Meccan,1,Allāh,5
31,32,Meccan,80,Al-Barr,12
31,33,Meccan,1,Allāh,21
31,33,Meccan,52,Al-Ḥaqq,22
31,33,Meccan,1,Allāh,30
31,34,Meccan,1,Allāh,1
31,34,Meccan,1,Allāh,27
31,34,Meccan,20,Al-'Alīm,28
31,34,Meccan,32,Al-Khabīr,29
32,3,Meccan,52,Al-Ḥaqq,6
32,4,Meccan,1,Allāh,0
32,4,Meccan,37,Al-'Alī,12
32,4,Meccan,56,Al-Walī,20
32,6,Meccan,9,Al-'Azīz,4
32,6,Meccan,3,Al-Raḥīm,5
32,13,Meccan,52,Al-Ḥaqq,7
32,22,Meccan,82,Al-Muntaqim,13
33,1,Medinan,1,Allāh,3
33,1,Medinan,1,Allāh,10
33,1,Medinan,20,Al-'Alīm,12
33,2,Medinan,1,Allāh,8
33,3,Medinan,37,Al-'Alī,1
33,3,Medinan,1,Allāh,2
33,3,Medinan,1,Allāh,5
33,4,Medinan,1,Allāh,2
33,4,Medinan,1,Allāh,26
33,4,Medinan,52,Al-Ḥaqq,28
33,5,Medinan,1,Allāh,5
33,5,Medinan,37,Al-'Alī,17
33,5,Medinan,1,Allāh,28
33,5,Medinan,3,Al-Raḥīm,30
33,6,Medinan,74,Al-Awwal,1
33,6,Medinan,7,Al-Mu'min,2
33,6,Medinan,74,Al-Awwal,12
33,6,Medinan,1,Allāh,16
33,6,Medinan,7,Al-Mu'min,18
33,9,Medinan,1,Allāh,5
33,9,Medinan,37,Al-'Alī,6
33,9,Medinan,37,Al-'Alī,11
33,9,Medinan,1,Allāh,18
33,9,Medinan,28,Al-Baṣīr,21
33,10,Medinan,1,Allāh,14
33,11,Medinan,7,Al-Mu'min,2
33,12,Medinan,1,Allāh,9
33,14,Medinan,37,Al-'Alī,2
33,15,Medinan,1,Allāh,3
33,15,Medinan,56,Al-Walī,7
33,15,Medinan,1,Allāh,12
33,17,Medinan,1,Allāh,6
33,17,Medinan,1,Allāh,21
33,18,Medinan,1,Allāh,3
33,19,Medinan,37,Al-'Alī,1
33,19,Medinan,37,Al-'Alī,24
33,19,Medinan,1,Allāh,31
33,19,Medinan,37,Al-'Alī,36
33,19,Medinan,1,Allāh,37
33,21,Medinan,1,Allāh,5
33,21,Medinan,1,Allāh,11
33,21,Medinan,1,Allāh,15
33,22,Medinan,7,Al-Mu'min,2
33,22,Medinan,1,Allāh,8
33,22,Medinan,1,Allāh,11
33,23,Medinan,7,Al-Mu'min,1
33,23,Medinan,1,Allāh,6
33,24,Medinan,1,Allāh,1
33,24,Medinan,37,Al-'Alī,10
33,24,Medinan,1,Allāh,13
33,25,Medinan,1,Allāh,1
33,25,Medinan,1,Allāh,10
33,25,Medinan,7,Al-Mu'min,11
33,25,Medinan,1,Allāh,15
33,25,Medinan,54,Al-Qawī,16
33,27,Medinan,1,Allāh,9
33,27,Medinan,37,Al-'Alī,10
33,29,Medinan,1,Allāh,3
33,29,Medinan,1,Allāh,8
33,30,Medinan,37,Al-'Alī,14
33,30,Medinan,1,Allāh,15
33,31,Medinan,1,Allāh,4
33,33,Medinan,1,Allāh,14
33,33,Medinan,1,Allāh,19
33,34,Medinan,1,Allāh,7
33,34,Medinan,1,Allāh,11
33,34,Medinan,31,Al-Laṭīf,13
33,34,Medinan,32,Al-Khabīr,14
33,35,Medinan,7,Al-Mu'min,3
33,35,Medinan,1,Allāh,21
33,35,Medinan,1,Allāh,25
33,36,Medinan,7,Al-Mu'min,4
33,36,Medinan,1,Allāh,7
33,36,Medinan,1,Allāh,19
33,37,Medinan,1,Allāh,4
33,37,Medinan,37,Al-'Alī,9
33,37,Medinan,1,Allāh,12
33,37,Medinan,1,Allāh,17
33,37,Medinan,1,Allāh,21
33,37,Medinan,37,Al-'Alī,35
33,37,Medinan,7,Al-Mu'min,36
33,37,Medinan,1,Allāh,48
33,38,Medinan,37,Al-'Alī,2
33,38,Medinan,1,Allāh,8
33,38,Medinan,1,Allāh,12
33,38,Medinan,1,Allāh,21
33,39,Medinan,1,Allāh,3
33,39,Medinan,68,Al-Aḥad,7
33,39,Medinan,1,Allāh,9
33,39,Medinan,1,Allāh,12
33,40,Medinan,68,Al-Aḥad,4
33,40,Medinan,1,Allāh,9
33,40,Medinan,1,Allāh,14
33,41,Medinan,1,Allāh,4
33,43,Medinan,37,Al-'Alī,3
33,43,Medinan,94,Al-Nūr,9
33,43,Medinan,7,Al-Mu'min,12
33,46,Medinan,1,Allāh,2
33,47,Medinan,7,Al-Mu'min,1
33,47,Medinan,1,Allāh,5
33,48,Medinan,37,Al-'Alī,7
33,48,Medinan,1,Allāh,8
33,48,Medinan,1,Allāh,11
33,49,Medinan,37,Al-'Alī,14
33,50,Medinan,4,Al-Malik,10
33,50,Medinan,1,Allāh,14
33,50,Medinan,37,Al-'Alī,15
33,50,Medinan,7,Al-Mu'min,28
33,50,Medinan,7,Al-Mu'min,42
33,50,Medinan,37,Al-'Alī,48
33,50,Medinan,4,Al-Malik,52
33,50,Medinan,37,Al-'Alī,56
33,50,Medinan,1,Allāh,60
33,51,Medinan,37,Al-'Alī,16
33,51,Medinan,1,Allāh,30
33,51,Medinan,1,Allāh,37
33,51,Medinan,20,Al-'Alīm,38
33,52,Medinan,4,Al-Malik,17
33,52,Medinan,1,Allāh,21
33,52,Medinan,37,Al-'Alī,22
33,53,Medinan,1,Allāh,35
33,53,Medinan,52,Al-Ḥaqq,39
33,53,Medinan,1,Allāh,60
33,53,Medinan,1,Allāh,73
33,53,Medinan,34,Al-'Aẓīm,74
33,54,Medinan,1,Allāh,6
33,55,Medinan,37,Al-'Alī,2
33,55,Medinan,4,Al-Malik,19
33,55,Medinan,1,Allāh,23
33,55,Medinan,1,Allāh,26
33,55,Medinan,37,Al-'Alī,28
33,55,Medinan,51,Al-Shahīd,31
33,56,Medinan,1,Allāh,1
33,56,Medinan,37,Al-'Alī,4
33,57,Medinan,1,Allāh,3
33,57,Medinan,1,Allāh,6
33,58,Medinan,7,Al-Mu'min,2
33,59,Medinan,7,Al-Mu'min,6
33,59,Medinan,37,Al-'Alī,8
33,59,Medinan,1,Allāh,20
33,62,Medinan,1,Allāh,1
33,62,Medinan,1,Allāh,11
33,63,Medinan,1,Allāh,9
33,64,Medinan,1,Allāh,1
33,66,Medinan,1,Allāh,8
33,69,Medinan,1,Allāh,9
33,69,Medinan,1,Allāh,15
33,70,Medinan,1,Allāh,4
33,71,Medinan,1,Allāh,9
33,71,Medinan,34,Al-'Aẓīm,14
33,72,Medinan,37,Al-'Alī,3
33,73,Medinan,1,Allāh,1
33,73,Medinan,1,Allāh,7
33,73,Medinan,37,Al-'Alī,8
33,73,Medinan,7,Al-Mu'min,9
33,73,Medinan,1,Allāh,13
34,1,Meccan,1,Allāh,1
34,1,Meccan,47,Al-Ḥakīm,16
34,1,Meccan,32,Al-Khabīr,17
34,2,Meccan,3,Al-Raḥīm,17
34,2,Meccan,35,Al-Ghafūr,18
34,4,Meccan,43,Al-Karīm,10
34,6,Meccan,52,Al-Ḥaqq,10
34,6,Meccan,9,Al-'Azīz,14
34,6,Meccan,57,Al-Ḥamīd,15
34,7,Meccan,37,Al-'Alī,5
34,8,Meccan,37,Al-'Alī,1
34,8,Meccan,1,Allāh,2
34,9,Meccan,37,Al-'Alī,19
34,11,Meccan,28,Al-Baṣīr,13
34,13,Meccan,36,Al-Shakūr,20
34,14,Meccan,37,Al-'Alī,6
34,15,Meccan,35,Al-Ghafūr,22
34,16,Meccan,37,Al-'Alī,2
34,19,Meccan,36,Al-Shakūr,19
34,20,Meccan,37,Al-'Alī,2
34,20,Meccan,7,Al-Mu'min,9
34,21,Meccan,37,Al-'Alī,3
34,21,Meccan,37,Al-'Alī,18
34,21,Meccan,39,Al-Ḥafīẓ,21
34,22,Meccan,1,Allāh,6
34,22,Meccan,4,Al-Malik,9
34,23,Meccan,52,Al-Ḥaqq,20
34,23,Meccan,37,Al-'Alī,23
34,23,Meccan,38,Al-Kabīr,24
34,24,Meccan,1,Allāh,9
34,26,Meccan,52,Al-Ḥaqq,7
34,26,Meccan,19,Al-Fattāḥ,9
34,26,Meccan,20,Al-'Alīm,10
34,27,Meccan,52,Al-Ḥaqq,3
34,27,Meccan,1,Allāh,11
34,27,Meccan,9,Al-'Azīz,12
34,27,Meccan,47,Al-Ḥakīm,13
34,31,Meccan,7,Al-Mu'min,32
34,33,Meccan,1,Allāh,13
34,41,Meccan,56,Al-Walī,3
34,41,Meccan,7,Al-Mu'min,14
34,43,Meccan,37,Al-'Alī,2
34,46,Meccan,1,Allāh,8
34,47,Meccan,37,Al-'Alī,11
34,47,Meccan,1,Allāh,12
34,47,Meccan,37,Al-'Alī,15
34,47,Meccan,51,Al-Shahīd,18
34,48,Meccan,52,Al-Ḥaqq,4
34,49,Meccan,52,Al-Ḥaqq,2
34,50,Meccan,37,Al-'Alī,5
34,50,Meccan,27,Al-Samī',16
35,1,Meccan,1,Allāh,1
35,1,Meccan,1,Allāh,21
35,1,Meccan,37,Al-'Alī,22
35,2,Meccan,1,Allāh,2
35,2,Meccan,9,Al-'Azīz,19
35,2,Meccan,47,Al-Ḥakīm,20
35,3,Meccan,1,Allāh,4
35,3,Meccan,37,Al-'Alī,5
35,3,Meccan,1,Allāh,11
35,4,Meccan,78,Al-Wālī,8
35,4,Meccan,1,Allāh,9
35,5,Meccan,1,Allāh,4
35,5,Meccan,52,Al-Ḥaqq,5
35,5,Meccan,1,Allāh,14
35,7,Meccan,38,Al-Kabīr,13
35,8,Meccan,1,Allāh,9
35,8,Meccan,37,Al-'Alī,20
35,8,Meccan,1,Allāh,24
35,8,Meccan,20,Al-'Alīm,25
35,9,Meccan,1,Allāh,0
35,11,Meccan,1,Allāh,0
35,11,Meccan,37,Al-'Alī,34
35,11,Meccan,1,Allāh,35
35,13,Meccan,1,Allāh,17
35,13,Meccan,4,Al-Malik,20
35,13,Meccan,4,Al-Malik,27
35,14,Meccan,32,Al-Khabīr,19
35,15,Meccan,1,Allāh,6
35,15,Meccan,1,Allāh,8
35,15,Meccan,89,Al-Ghanī,10
35,15,Meccan,57,Al-Ḥamīd,11
35,17,Meccan,37,Al-'Alī,2
35,17,Meccan,1,Allāh,3
35,18,Meccan,75,Al-Ākhir,4
35,18,Meccan,78,Al-Wālī,35
35,18,Meccan,1,Allāh,36
35,19,Meccan,28,Al-Baṣīr,3
35,20,Meccan,94,Al-Nūr,3
35,22,Meccan,1,Allāh,7
35,24,Meccan,52,Al-Ḥaqq,2
35,27,Meccan,1,Allāh,3
35,28,Meccan,1,Allāh,10
35,28,Meccan,1,Allāh,16
35,28,Meccan,9,Al-'Azīz,17
35,28,Meccan,35,Al-Ghafūr,18
35,29,Meccan,1,Allāh,4
35,30,Meccan,35,Al-Ghafūr,7
35,30,Meccan,36,Al-Shakūr,8
35,31,Meccan,52,Al-Ḥaqq,6
35,31,Meccan,1,Allāh,13
35,31,Meccan,28,Al-Baṣīr,16
35,32,Meccan,1,Allāh,17
35,32,Meccan,38,Al-Kabīr,22
35,34,Meccan,1,Allāh,2
35,34,Meccan,36,Al-Shakūr,11
35,36,Meccan,37,Al-'Alī,7
35,38,Meccan,1,Allāh,1
35,38,Meccan,20,Al-'Alīm,8
35,40,Meccan,1,Allāh,7
35,40,Meccan,37,Al-'Alī,22
35,41,Meccan,1,Allāh,2
35,41,Meccan,68,Al-Aḥad,14
35,41,Meccan,33,Al-Ḥalīm,20
35,42,Meccan,1,Allāh,1
35,42,Meccan,68,Al-Aḥad,10
35,43,Meccan,74,Al-Awwal,17
35,43,Meccan,1,Allāh,22
35,43,Meccan,1,Allāh,28
35,44,Meccan,1,Allāh,18
35,45,Meccan,1,Allāh,2
35,45,Meccan,37,Al-'Alī,8
35,45,Meccan,1,Allāh,22
36,2,Meccan,47,Al-Ḥakīm,1
36,4,Meccan,37,Al-'Alī,0
36,5,Meccan,9,Al-'Azīz,1
36,5,Meccan,3,Al-Raḥīm,2
36,7,Meccan,52,Al-Ḥaqq,1
36,7,Meccan,37,Al-'Alī,3
36,10,Meccan,37,Al-'Alī,1
36,11,Meccan,2,Al-Raḥmān,6
36,11,Meccan,43,Al-Karīm,12
36,15,Meccan,2,Al-Raḥmān,8
36,22,Meccan,78,Al-Wālī,6
36,23,Meccan,2,Al-Raḥmān,6
36,23,Meccan,89,Al-Ghanī,9
36,28,Meccan,37,Al-'Alī,3
36,30,Meccan,37,Al-'Alī,1
36,38,Meccan,9,Al-'Azīz,7
36,38,Meccan,20,Al-'Alīm,8
36,47,Meccan,1,Allāh,6
36,47,Meccan,1,Allāh,16
36,52,Meccan,2,Al-Raḥmān,11
36,56,Meccan,37,Al-'Alī,4
36,58,Meccan,3,Al-Raḥīm,4
36,65,Meccan,37,Al-'Alī,2
36,66,Meccan,37,Al-'Alī,3
36,67,Meccan,37,Al-'Alī,3
36,70,Meccan,37,Al-'Alī,6
36,74,Meccan,1,Allāh,3
36,79,Meccan,74,Al-Awwal,4
36,79,Meccan,20,Al-'Alīm,10
36,81,Meccan,37,Al-'Alī,6
36,81,Meccan,20,Al-'Alīm,14
36,83,Meccan,78,Al-Wālī,6
37,17,Meccan,74,Al-Awwal,1
37,23,Meccan,1,Allāh,2
37,27,Meccan,37,Al-'Alī,2
37,29,Meccan,7,Al-Mu'min,4
37,30,Meccan,37,Al-'Alī,3
37,31,Meccan,52,Al-Ḥaqq,0
37,31,Meccan,37,Al-'Alī,1
37,35,Meccan,1,Allāh,8
37,37,Meccan,52,Al-Ḥaqq,2
37,40,Meccan,1,Allāh,2
37,44,Meccan,37,Al-'Alī,0
37,45,Meccan,37,Al-'Alī,1
37,50,Meccan,37,Al-'Alī,2
37,60,Meccan,34,Al-'Aẓīm,4
37,67,Meccan,37,Al-'Alī,3
37,70,Meccan,37,Al-'Alī,1
37,71,Meccan,74,Al-Awwal,4
37,74,Meccan,1,Allāh,2
37,75,Meccan,45,Al-Mujīb,4
37,76,Meccan,34,Al-'Aẓīm,4
37,77,Meccan,97,Al-Bāqī,3
37,79,Meccan,37,Al-'Alī,1
37,81,Meccan,7,Al-Mu'min,3
37,86,Meccan,1,Allāh,3
37,93,Meccan,37,Al-'Alī,1
37,96,Meccan,1,Allāh,0
37,101,Meccan,33,Al-Ḥalīm,2
37,102,Meccan,1,Allāh,25
37,107,Meccan,34,Al-'Aẓīm,2
37,109,Meccan,37,Al-'Alī,1
37,111,Meccan,7,Al-Mu'min,3
37,114,Meccan,37,Al-'Alī,2
37,115,Meccan,34,Al-'Aẓīm,4
37,119,Meccan,37,Al-'Alī,1
37,120,Meccan,37,Al-'Alī,1
37,122,Meccan,7,Al-Mu'min,3
37,126,Meccan,1,Allāh,0
37,126,Meccan,74,Al-Awwal,4
37,128,Meccan,1,Allāh,2
37,130,Meccan,37,Al-'Alī,1
37,132,Meccan,7,Al-Mu'min,3
37,137,Meccan,37,Al-'Alī,2
37,152,Meccan,1,Allāh,1
37,153,Meccan,37,Al-'Alī,2
37,154,Meccan,29,Al-Ḥakam,3
37,159,Meccan,1,Allāh,1
37,160,Meccan,1,Allāh,2
37,168,Meccan,74,Al-Awwal,5
37,169,Meccan,1,Allāh,2
37,181,Meccan,37,Al-'Alī,1
37,182,Meccan,1,Allāh,1
38,6,Meccan,37,Al-'Alī,6
38,9,Meccan,9,Al-'Azīz,5
38,9,Meccan,17,Al-Wahhāb,6
38,14,Meccan,52,Al-Ḥaqq,5
38,17,Meccan,37,Al-'Alī,1
38,22,Meccan,37,Al-'Alī,2
38,22,Meccan,37,Al-'Alī,14
38,22,Meccan,52,Al-Ḥaqq,18
38,23,Meccan,56,Al-Walī,7
38,24,Meccan,37,Al-'Alī,14
38,26,Meccan,52,Al-Ḥaqq,9
38,26,Meccan,1,Allāh,16
38,26,Meccan,1,Allāh,23
38,33,Meccan,37,Al-'Alī,1
38,34,Meccan,37,Al-'Alī,4
38,35,Meccan,17,Al-Wahhāb,15
38,65,Meccan,1,Allāh,9
38,65,Meccan,16,Al-Qahhār,11
38,66,Meccan,9,Al-'Azīz,5
38,67,Meccan,34,Al-'Aẓīm,3
38,78,Meccan,37,Al-'Alī,1
38,84,Meccan,52,Al-Ḥaqq,1
38,84,Meccan,52,Al-Ḥaqq,2
39,1,Meccan,1,Allāh,3
39,1,Meccan,9,Al-'Azīz,4
39,1,Meccan,47,Al-Ḥakīm,5
39,2,Meccan,52,Al-Ḥaqq,4
39,2,Meccan,1,Allāh,6
39,3,Meccan,1,Allāh,1
39,3,Meccan,1,Allāh,15
39,3,Meccan,1,Allāh,18
39,3,Meccan,1,Allāh,28
39,4,Meccan,1,Allāh,2
39,4,Meccan,1,Allāh,15
39,4,Meccan,16,Al-Qahhār,17
39,5,Meccan,52,Al-Ḥaqq,3
39,5,Meccan,37,Al-'Alī,7
39,5,Meccan,37,Al-'Alī,11
39,5,Meccan,9,Al-'Azīz,25
39,6,Meccan,1,Allāh,28
39,6,Meccan,4,Al-Malik,31
39,7,Meccan,1,Allāh,3
39,7,Meccan,75,Al-Ākhir,21
39,7,Meccan,20,Al-'Alīm,33
39,8,Meccan,1,Allāh,22
39,10,Meccan,1,Allāh,15
39,11,Meccan,1,Allāh,5
39,12,Meccan,74,Al-Awwal,3
39,13,Meccan,34,Al-'Aẓīm,8
39,14,Meccan,1,Allāh,1
39,16,Meccan,1,Allāh,12
39,17,Meccan,1,Allāh,7
39,18,Meccan,1,Allāh,9
39,19,Meccan,52,Al-Ḥaqq,1
39,20,Meccan,1,Allāh,16
39,20,Meccan,1,Allāh,20
39,21,Meccan,1,Allāh,3
39,22,Meccan,1,Allāh,2
39,22,Meccan,37,Al-'Alī,6
39,22,Meccan,94,Al-Nūr,7
39,22,Meccan,1,Allāh,16
39,23,Meccan,1,Allāh,0
39,23,Meccan,1,Allāh,19
39,23,Meccan,1,Allāh,23
39,23,Meccan,1,Allāh,31
39,23,Meccan,95,Al-Hādī,35
39,26,Meccan,1,Allāh,1
39,29,Meccan,1,Allāh,1
39,29,Meccan,1,Allāh,15
39,32,Meccan,37,Al-'Alī,5
39,32,Meccan,1,Allāh,6
39,35,Meccan,1,Allāh,1
39,36,Meccan,1,Allāh,1
39,36,Meccan,104,Al-Kāfī,2
39,36,Meccan,1,Allāh,12
39,37,Meccan,1,Allāh,2
39,37,Meccan,1,Allāh,9
39,38,Meccan,1,Allāh,7
39,38,Meccan,1,Allāh,15
39,38,Meccan,1,Allāh,18
39,38,Meccan,1,Allāh,34
39,39,Meccan,37,Al-'Alī,3
39,41,Meccan,37,Al-'Alī,2
39,41,Meccan,52,Al-Ḥaqq,5
39,41,Meccan,37,Al-'Alī,15
39,41,Meccan,37,Al-'Alī,19
39,41,Meccan,53,Al-Wakīl,20
39,42,Meccan,1,Allāh,0
39,42,Meccan,37,Al-'Alī,14
39,43,Meccan,1,Allāh,4
39,43,Meccan,74,Al-Awwal,8
39,43,Meccan,4,Al-Malik,11
39,44,Meccan,1,Allāh,1
39,45,Meccan,1,Allāh,2
39,47,Meccan,1,Allāh,21
39,49,Meccan,37,Al-'Alī,13
39,52,Meccan,1,Allāh,3
39,53,Meccan,37,Al-'Alī,5
39,53,Meccan,1,Allāh,11
39,53,Meccan,1,Allāh,14
39,53,Meccan,35,Al-Ghafūr,21
39,53,Meccan,3,Al-Raḥīm,22
39,56,Meccan,37,Al-'Alī,4
39,56,Meccan,1,Allāh,9
39,57,Meccan,1,Allāh,4
39,60,Meccan,37,Al-'Alī,5
39,60,Meccan,1,Allāh,6
39,60,Meccan,11,Al-Mutakabbir,14
39,61,Meccan,1,Allāh,1
39,62,Meccan,1,Allāh,0
39,62,Meccan,37,Al-'Alī,6
39,62,Meccan,53,Al-Wakīl,9
39,63,Meccan,1,Allāh,8
39,64,Meccan,1,Allāh,2
39,65,Meccan,78,Al-Wālī,3
39,66,Meccan,1,Allāh,1
39,67,Meccan,1,Allāh,2
39,67,Meccan,52,Al-Ḥaqq,3
39,68,Meccan,1,Allāh,13
39,68,Meccan,75,Al-Ākhir,18
39,69,Meccan,52,Al-Ḥaqq,11
39,71,Meccan,37,Al-'Alī,20
39,71,Meccan,37,Al-'Alī,34
39,72,Meccan,11,Al-Mutakabbir,9
39,73,Meccan,37,Al-'Alī,17
39,74,Meccan,1,Allāh,2
39,75,Meccan,52,Al-Ḥaqq,12
39,75,Meccan,1,Allāh,15
40,2,Meccan,1,Allāh,3
40,2,Meccan,9,Al-'Azīz,4
40,2,Meccan,20,Al-'Alīm,5
40,4,Meccan,1,Allāh,4
40,5,Meccan,52,Al-Ḥaqq,18
40,6,Meccan,37,Al-'Alī,4
40,8,Meccan,9,Al-'Azīz,15
40,8,Meccan,47,Al-Ḥakīm,16
40,9,Meccan,34,Al-'Aẓīm,13
40,10,Meccan,1,Allāh,5
40,12,Meccan,1,Allāh,4
40,12,Meccan,1,Allāh,14
40,12,Meccan,37,Al-'Alī,15
40,12,Meccan,38,Al-Kabīr,16
40,14,Meccan,1,Allāh,1
40,15,Meccan,37,Al-'Alī,8
40,16,Meccan,37,Al-'Alī,6
40,16,Meccan,1,Allāh,7
40,16,Meccan,4,Al-Malik,12
40,16,Meccan,1,Allāh,15
40,16,Meccan,16,Al-Qahhār,17
40,17,Meccan,1,Allāh,12
40,20,Meccan,1,Allāh,0
40,20,Meccan,52,Al-Ḥaqq,2
40,20,Meccan,1,Allāh,13
40,20,Meccan,27,Al-Samī',15
40,20,Meccan,28,Al-Baṣīr,16
40,21,Meccan,1,Allāh,23
40,21,Meccan,1,Allāh,29
40,22,Meccan,1,Allāh,8
40,22,Meccan,54,Al-Qawī,11
40,25,Meccan,52,Al-Ḥaqq,2
40,27,Meccan,11,Al-Mutakabbir,8
40,28,Meccan,7,Al-Mu'min,2
40,28,Meccan,1,Allāh,13
40,28,Meccan,1,Allāh,35
40,29,Meccan,4,Al-Malik,2
40,29,Meccan,1,Allāh,11
40,30,Meccan,37,Al-'Alī,6
40,31,Meccan,1,Allāh,11
40,32,Meccan,37,Al-'Alī,3
40,33,Meccan,56,Al-Walī,1
40,33,Meccan,1,Allāh,6
40,33,Meccan,1,Allāh,12
40,34,Meccan,1,Allāh,20
40,34,Meccan,1,Allāh,27
40,35,Meccan,1,Allāh,4
40,35,Meccan,1,Allāh,12
40,35,Meccan,1,Allāh,19
40,35,Meccan,37,Al-'Alī,20
40,35,Meccan,11,Al-Mutakabbir,23
40,35,Meccan,10,Al-Jabbār,24
40,40,Meccan,7,Al-Mu'min,16
40,42,Meccan,1,Allāh,2
40,42,Meccan,9,Al-'Azīz,13
40,43,Meccan,1,Allāh,16
40,44,Meccan,1,Allāh,8
40,44,Meccan,1,Allāh,11
40,44,Meccan,28,Al-Baṣīr,12
40,45,Meccan,1,Allāh,1
40,46,Meccan,37,Al-'Alī,2
40,48,Meccan,1,Allāh,7
40,48,Meccan,29,Al-Ḥakam,9
40,55,Meccan,1,Allāh,3
40,55,Meccan,52,Al-Ḥaqq,4
40,56,Meccan,1,Allāh,5
40,56,Meccan,1,Allāh,20
40,56,Meccan,27,Al-Samī',24
40,56,Meccan,28,Al-Baṣīr,25
40,58,Meccan,28,Al-Baṣīr,3
40,61,Meccan,1,Allāh,0
40,61,Meccan,1,Allāh,11
40,61,Meccan,37,Al-'Alī,14
40,62,Meccan,1,Allāh,1
40,63,Meccan,1,Allāh,5
40,64,Meccan,1,Allāh,0
40,64,Meccan,1,Allāh,16
40,64,Meccan,1,Allāh,20
40,65,Meccan,63,Al-Ḥayy,1
40,65,Meccan,1,Allāh,12
40,66,Meccan,1,Allāh,10
40,69,Meccan,1,Allāh,7
40,74,Meccan,1,Allāh,2
40,74,Meccan,1,Allāh,17
40,75,Meccan,52,Al-Ḥaqq,7
40,76,Meccan,11,Al-Mutakabbir,8
40,77,Meccan,1,Allāh,3
40,77,Meccan,52,Al-Ḥaqq,4
40,78,Meccan,37,Al-'Alī,8
40,78,Meccan,37,Al-'Alī,13
40,78,Meccan,1,Allāh,23
40,78,Meccan,1,Allāh,28
40,78,Meccan,52,Al-Ḥaqq,30
40,79,Meccan,1,Allāh,0
40,80,Meccan,37,Al-'Alī,4
40,80,Meccan,37,Al-'Alī,8
40,81,Meccan,1,Allāh,4
40,84,Meccan,1,Allāh,5
40,85,Meccan,1,Allāh,9
41,2,Meccan,2,Al-Raḥmān,2
41,2,Meccan,3,Al-Raḥīm,3
41,12,Meccan,9,Al-'Azīz,19
41,12,Meccan,20,Al-'Alīm,20
41,14,Meccan,1,Allāh,11
41,15,Meccan,52,Al-Ḥaqq,6
41,15,Meccan,1,Allāh,16
41,16,Meccan,37,Al-'Alī,1
41,17,Meccan,37,Al-'Alī,5
41,19,Meccan,1,Allāh,3
41,20,Meccan,37,Al-'Alī,5
41,21,Meccan,37,Al-'Alī,4
41,21,Meccan,1,Allāh,8
41,21,Meccan,74,Al-Awwal,15
41,21,Meccan,78,Al-Wālī,17
41,22,Meccan,37,Al-'Alī,5
41,22,Meccan,1,Allāh,14
41,25,Meccan,52,Al-Ḥaqq,11
41,25,Meccan,37,Al-'Alī,12
41,28,Meccan,1,Allāh,3
41,30,Meccan,1,Allāh,4
41,30,Meccan,37,Al-'Alī,8
41,32,Meccan,35,Al-Ghafūr,2
41,32,Meccan,3,Al-Raḥīm,3
41,33,Meccan,1,Allāh,6
41,34,Meccan,56,Al-Walī,16
41,35,Meccan,34,Al-'Aẓīm,10
41,36,Meccan,1,Allāh,6
41,36,Meccan,27,Al-Samī',10
41,36,Meccan,20,Al-'Alīm,11
41,37,Meccan,1,Allāh,13
41,39,Meccan,37,Al-'Alī,8
41,39,Meccan,37,Al-'Alī,20
41,40,Meccan,28,Al-Baṣīr,28
41,41,Meccan,9,Al-'Azīz,9
41,42,Meccan,47,Al-Ḥakīm,12
41,42,Meccan,57,Al-Ḥamīd,13
41,44,Meccan,37,Al-'Alī,26
41,47,Meccan,51,Al-Shahīd,30
41,51,Meccan,37,Al-'Alī,2
41,52,Meccan,1,Allāh,6
41,53,Meccan,52,Al-Ḥaqq,10
41,53,Meccan,37,Al-'Alī,16
41,53,Meccan,51,Al-Shahīd,19
42,3,Meccan,78,Al-Wālī,3
42,3,Meccan,1,Allāh,7
42,3,Meccan,9,Al-'Azīz,8
42,3,Meccan,47,Al-Ḥakīm,9
42,4,Meccan,37,Al-'Alī,9
42,4,Meccan,34,Al-'Aẓīm,10
42,5,Meccan,1,Allāh,17
42,5,Meccan,35,Al-Ghafūr,19
42,5,Meccan,3,Al-Raḥīm,20
42,6,Meccan,1,Allāh,5
42,6,Meccan,39,Al-Ḥafīẓ,6
42,6,Meccan,37,Al-'Alī,7
42,6,Meccan,37,Al-'Alī,10
42,8,Meccan,1,Allāh,2
42,8,Meccan,56,Al-Walī,17
42,9,Meccan,1,Allāh,6
42,9,Meccan,56,Al-Walī,8
42,9,Meccan,37,Al-'Alī,13
42,10,Meccan,1,Allāh,7
42,10,Meccan,1,Allāh,10
42,10,Meccan,78,Al-Wālī,14
42,11,Meccan,27,Al-Samī',21
42,11,Meccan,28,Al-Baṣīr,22
42,12,Meccan,20,Al-'Alīm,14
42,13,Meccan,37,Al-'Alī,27
42,13,Meccan,1,Allāh,33
42,15,Meccan,1,Allāh,15
42,15,Meccan,1,Allāh,23
42,15,Meccan,1,Allāh,37
42,15,Meccan,78,Al-Wālī,41
42,16,Meccan,1,Allāh,3
42,16,Meccan,37,Al-'Alī,13
42,17,Meccan,1,Allāh,0
42,17,Meccan,52,Al-Ḥaqq,4
42,18,Meccan,52,Al-Ḥaqq,13
42,19,Meccan,1,Allāh,0
42,19,Meccan,31,Al-Laṭīf,1
42,19,Meccan,54,Al-Qawī,8
42,19,Meccan,9,Al-'Azīz,9
42,21,Meccan,1,Allāh,11
42,22,Meccan,38,Al-Kabīr,26
42,23,Meccan,1,Allāh,3
42,23,Meccan,1,Allāh,29
42,23,Meccan,35,Al-Ghafūr,30
42,23,Meccan,36,Al-Shakūr,31
42,24,Meccan,37,Al-'Alī,3
42,24,Meccan,1,Allāh,4
42,24,Meccan,1,Allāh,9
42,24,Meccan,37,Al-'Alī,11
42,24,Meccan,1,Allāh,15
42,24,Meccan,52,Al-Ḥaqq,18
42,24,Meccan,20,Al-'Alīm,22
42,27,Meccan,1,Allāh,3
42,27,Meccan,32,Al-Khabīr,17
42,27,Meccan,28,Al-Baṣīr,18
42,28,Meccan,56,Al-Walī,12
42,28,Meccan,57,Al-Ḥamīd,13
42,29,Meccan,37,Al-'Alī,12
42,31,Meccan,1,Allāh,10
42,31,Meccan,56,Al-Walī,12
42,33,Meccan,37,Al-'Alī,6
42,33,Meccan,36,Al-Shakūr,15
42,36,Meccan,1,Allāh,10
42,37,Meccan,38,Al-Kabīr,2
42,40,Meccan,37,Al-'Alī,9
42,40,Meccan,1,Allāh,10
42,41,Meccan,37,Al-'Alī,6
42,42,Meccan,37,Al-'Alī,2
42,42,Meccan,52,Al-Ḥaqq,10
42,44,Meccan,1,Allāh,2
42,44,Meccan,56,Al-Walī,6
42,45,Meccan,37,Al-'Alī,2
42,46,Meccan,1,Allāh,8
42,46,Meccan,1,Allāh,12
42,47,Meccan,1,Allāh,11
42,48,Meccan,37,Al-'Alī,4
42,48,Meccan,39,Al-Ḥafīẓ,5
42,48,Meccan,37,Al-'Alī,8
42,49,Meccan,1,Allāh,0
42,50,Meccan,20,Al-'Alīm,11
42,51,Meccan,1,Allāh,6
42,51,Meccan,37,Al-'Alī,22
42,51,Meccan,47,Al-Ḥakīm,23
42,53,Meccan,1,Allāh,1
42,53,Meccan,1,Allāh,13
43,4,Meccan,47,Al-Ḥakīm,6
43,6,Meccan,74,Al-Awwal,5
43,8,Meccan,74,Al-Awwal,6
43,9,Meccan,9,Al-'Azīz,8
43,9,Meccan,20,Al-'Alīm,9
43,13,Meccan,37,Al-'Alī,1
43,17,Meccan,68,Al-Aḥad,2
43,17,Meccan,2,Al-Raḥmān,5
43,19,Meccan,2,Al-Raḥmān,5
43,20,Meccan,2,Al-Raḥmān,3
43,22,Meccan,37,Al-'Alī,5
43,22,Meccan,37,Al-'Alī,8
43,23,Meccan,37,Al-'Alī,15
43,23,Meccan,37,Al-'Alī,18
43,24,Meccan,74,Al-Awwal,2
43,29,Meccan,52,Al-Ḥaqq,6
43,30,Meccan,52,Al-Ḥaqq,2
43,31,Meccan,37,Al-'Alī,5
43,31,Meccan,34,Al-'Aẓīm,9
43,33,Meccan,2,Al-Raḥmān,9
43,33,Meccan,37,Al-'Alī,15
43,34,Meccan,37,Al-'Alī,3
43,36,Meccan,2,Al-Raḥmān,4
43,41,Meccan,82,Al-Muntaqim,5
43,42,Meccan,37,Al-'Alī,5
43,42,Meccan,71,Al-Muqtadir,6
43,43,Meccan,37,Al-'Alī,6
43,45,Meccan,2,Al-Raḥmān,10
43,63,Meccan,1,Allāh,16
43,64,Meccan,1,Allāh,1
43,68,Meccan,37,Al-'Alī,3
43,71,Meccan,37,Al-'Alī,1
43,77,Meccan,37,Al-'Alī,3
43,78,Meccan,52,Al-Ḥaqq,2
43,81,Meccan,2,Al-Raḥmān,3
43,81,Meccan,74,Al-Awwal,6
43,84,Meccan,47,Al-Ḥakīm,10
43,84,Meccan,20,Al-'Alīm,11
43,85,Meccan,78,Al-Wālī,11
43,86,Meccan,52,Al-Ḥaqq,10
43,87,Meccan,1,Allāh,5
44,4,Meccan,47,Al-Ḥakīm,4
44,6,Meccan,27,Al-Samī',6
44,6,Meccan,20,Al-'Alīm,7
44,8,Meccan,74,Al-Awwal,10
44,12,Meccan,7,Al-Mu'min,5
44,16,Meccan,82,Al-Muntaqim,5
44,17,Meccan,43,Al-Karīm,8
44,18,Meccan,1,Allāh,4
44,19,Meccan,37,Al-'Alī,3
44,19,Meccan,1,Allāh,4
44,26,Meccan,43,Al-Karīm,2
44,29,Meccan,37,Al-'Alī,2
44,32,Meccan,37,Al-'Alī,2
44,32,Meccan,37,Al-'Alī,4
44,39,Meccan,52,Al-Ḥaqq,3
44,42,Meccan,1,Allāh,3
44,42,Meccan,9,Al-'Azīz,7
44,42,Meccan,3,Al-Raḥīm,8
44,49,Meccan,9,Al-'Azīz,3
44,49,Meccan,43,Al-Karīm,4
44,57,Meccan,34,Al-'Aẓīm,7
45,2,Meccan,1,Allāh,3
45,2,Meccan,9,Al-'Azīz,4
45,2,Meccan,47,Al-Ḥakīm,5
45,3,Meccan,7,Al-Mu'min,5
45,5,Meccan,1,Allāh,5
45,5,Meccan,63,Al-Ḥayy,10
45,6,Meccan,1,Allāh,2
45,6,Meccan,37,Al-'Alī,4
45,6,Meccan,52,Al-Ḥaqq,5
45,6,Meccan,1,Allāh,10
45,8,Meccan,1,Allāh,2
45,10,Meccan,1,Allāh,15
45,10,Meccan,34,Al-'Aẓīm,20
45,12,Meccan,1,Allāh,1
45,14,Meccan,1,Allāh,8
45,16,Meccan,37,Al-'Alī,11
45,18,Meccan,37,Al-'Alī,2
45,19,Meccan,1,Allāh,5
45,19,Meccan,1,Allāh,14
45,19,Meccan,56,Al-Walī,15
45,20,Meccan,28,Al-Baṣīr,1
45,21,Meccan,29,Al-Ḥakam,17
45,22,Meccan,1,Allāh,1
45,22,Meccan,52,Al-Ḥaqq,4
45,23,Meccan,1,Allāh,6
45,23,Meccan,37,Al-'Alī,7
45,23,Meccan,37,Al-'Alī,10
45,23,Meccan,37,Al-'Alī,14
45,23,Meccan,1,Allāh,21
45,25,Meccan,37,Al-'Alī,2
45,26,Meccan,1,Allāh,1
45,27,Meccan,1,Allāh,0
45,29,Meccan,37,Al-'Alī,3
45,29,Meccan,52,Al-Ḥaqq,4
45,31,Meccan,37,Al-'Alī,7
45,32,Meccan,1,Allāh,4
45,32,Meccan,52,Al-Ḥaqq,5
45,35,Meccan,1,Allāh,4
45,37,Meccan,9,Al-'Azīz,7
45,37,Meccan,47,Al-Ḥakīm,8
46,2,Meccan,1,Allāh,3
46,2,Meccan,9,Al-'Azīz,4
46,2,Meccan,47,Al-Ḥakīm,5
46,3,Meccan,52,Al-Ḥaqq,7
46,4,Meccan,1,Allāh,6
46,5,Meccan,1,Allāh,6
46,7,Meccan,37,Al-'Alī,2
46,8,Meccan,4,Al-Malik,8
46,8,Meccan,1,Allāh,11
46,8,Meccan,35,Al-Ghafūr,27
46,8,Meccan,3,Al-Raḥīm,28
46,10,Meccan,1,Allāh,6
46,10,Meccan,37,Al-'Alī,14
46,10,Meccan,1,Allāh,20
46,13,Meccan,1,Allāh,4
46,13,Meccan,37,Al-'Alī,9
46,15,Meccan,37,Al-'Alī,31
46,17,Meccan,1,Allāh,15
46,17,Meccan,1,Allāh,20
46,17,Meccan,52,Al-Ḥaqq,21
46,17,Meccan,74,Al-Awwal,27
46,18,Meccan,52,Al-Ḥaqq,2
46,18,Meccan,37,Al-'Alī,3
46,20,Meccan,37,Al-'Alī,4
46,20,Meccan,52,Al-Ḥaqq,23
46,21,Meccan,1,Allāh,19
46,21,Meccan,37,Al-'Alī,22
46,21,Meccan,34,Al-'Aẓīm,25
46,23,Meccan,1,Allāh,4
46,26,Meccan,1,Allāh,25
46,28,Meccan,1,Allāh,6
46,30,Meccan,52,Al-Ḥaqq,15
46,30,Meccan,78,Al-Wālī,16
46,31,Meccan,1,Allāh,3
46,32,Meccan,1,Allāh,4
46,33,Meccan,1,Allāh,3
46,33,Meccan,37,Al-'Alī,12
46,33,Meccan,37,Al-'Alī,19
46,34,Meccan,37,Al-'Alī,4
46,34,Meccan,52,Al-Ḥaqq,8
47,1,Medinan,1,Allāh,5
47,2,Medinan,37,Al-'Alī,7
47,2,Medinan,52,Al-Ḥaqq,10
47,3,Medinan,52,Al-Ḥaqq,10
47,3,Medinan,1,Allāh,16
47,4,Medinan,1,Allāh,24
47,4,Medinan,1,Allāh,36
47,7,Medinan,1,Allāh,5
47,9,Medinan,1,Allāh,5
47,10,Medinan,1,Allāh,14
47,10,Medinan,37,Al-'Alī,15
47,11,Medinan,1,Allāh,2
47,12,Medinan,1,Allāh,1
47,14,Medinan,37,Al-'Alī,2
47,16,Medinan,1,Allāh,20
47,16,Medinan,37,Al-'Alī,21
47,17,Medinan,54,Al-Qawī,5
47,19,Medinan,1,Allāh,5
47,19,Medinan,7,Al-Mu'min,8
47,19,Medinan,1,Allāh,11
47,20,Medinan,74,Al-Awwal,28
47,21,Medinan,1,Allāh,9
47,23,Medinan,1,Allāh,3
47,24,Medinan,37,Al-'Alī,4
47,25,Medinan,37,Al-'Alī,3
47,26,Medinan,1,Allāh,7
47,26,Medinan,1,Allāh,13
47,28,Medinan,1,Allāh,5
47,29,Medinan,1,Allāh,9
47,30,Medinan,1,Allāh,11
47,32,Medinan,1,Allāh,6
47,32,Medinan,1,Allāh,17
47,33,Medinan,1,Allāh,5
47,34,Medinan,1,Allāh,6
47,34,Medinan,1,Allāh,13
47,35,Medinan,1,Allāh,7
47,38,Medinan,1,Allāh,6
47,38,Medinan,1,Allāh,18
47,38,Medinan,89,Al-Ghanī,19
48,2,Medinan,1,Allāh,2
48,2,Medinan,37,Al-'Alī,11
48,3,Medinan,1,Allāh,1
48,3,Medinan,9,Al-'Azīz,3
48,4,Medinan,7,Al-Mu'min,6
48,4,Medinan,1,Allāh,12
48,4,Medinan,1,Allāh,18
48,4,Medinan,20,Al-'Alīm,19
48,5,Medinan,7,Al-Mu'min,1
48,5,Medinan,1,Allāh,17
48,6,Medinan,1,Allāh,6
48,6,Medinan,37,Al-'Alī,10
48,6,Medinan,1,Allāh,15
48,6,Medinan,37,Al-'Alī,16
48,7,Medinan,1,Allāh,0
48,7,Medinan,1,Allāh,6
48,7,Medinan,9,Al-'Azīz,7
48,7,Medinan,47,Al-Ḥakīm,8
48,9,Medinan,1,Allāh,1
48,10,Medinan,1,Allāh,5
48,10,Medinan,1,Allāh,7
48,10,Medinan,37,Al-'Alī,15
48,10,Medinan,1,Allāh,23
48,11,Medinan,1,Allāh,23
48,11,Medinan,1,Allāh,36
48,12,Medinan,7,Al-Mu'min,6
48,13,Medinan,1,Allāh,3
48,14,Medinan,1,Allāh,0
48,14,Medinan,1,Allāh,13
48,15,Medinan,1,Allāh,14
48,15,Medinan,1,Allāh,21
48,16,Medinan,1,Allāh,17
48,17,Medinan,37,Al-'Alī,1
48,17,Medinan,37,Al-'Alī,5
48,17,Medinan,37,Al-'Alī,9
48,17,Medinan,1,Allāh,15
48,18,Medinan,1,Allāh,3
48,18,Medinan,7,Al-Mu'min,5
48,18,Medinan,37,Al-'Alī,16
48,19,Medinan,1,Allāh,5
48,19,Medinan,9,Al-'Azīz,6
48,20,Medinan,1,Allāh,1
48,20,Medinan,7,Al-Mu'min,14
48,21,Medinan,75,Al-Ākhir,0
48,21,Medinan,37,Al-'Alī,3
48,21,Medinan,1,Allāh,6
48,21,Medinan,1,Allāh,10
48,21,Medinan,37,Al-'Alī,11
48,23,Medinan,1,Allāh,1
48,23,Medinan,1,Allāh,11
48,24,Medinan,37,Al-'Alī,13
48,24,Medinan,1,Allāh,16
48,24,Medinan,28,Al-Baṣīr,19
48,25,Medinan,7,Al-Mu'min,15
48,25,Medinan,1,Allāh,29
48,26,Medinan,1,Allāh,10
48,26,Medinan,37,Al-'Alī,12
48,26,Medinan,7,Al-Mu'min,15
48,26,Medinan,1,Allāh,25
48,27,Medinan,1,Allāh,2
48,27,Medinan,52,Al-Ḥaqq,5
48,27,Medinan,1,Allāh,12
48,28,Medinan,52,Al-Ḥaqq,6
48,28,Medinan,37,Al-'Alī,8
48,28,Medinan,1,Allāh,13
48,29,Medinan,1,Allāh,2
48,29,Medinan,37,Al-'Alī,7
48,29,Medinan,1,Allāh,18
48,29,Medinan,37,Al-'Alī,42
48,29,Medinan,1,Allāh,51
49,1,Medinan,1,Allāh,7
49,1,Medinan,1,Allāh,11
49,1,Medinan,1,Allāh,14
49,1,Medinan,27,Al-Samī',15
49,1,Medinan,20,Al-'Alīm,16
49,3,Medinan,1,Allāh,6
49,3,Medinan,1,Allāh,10
49,3,Medinan,34,Al-'Aẓīm,17
49,5,Medinan,1,Allāh,10
49,5,Medinan,35,Al-Ghafūr,11
49,5,Medinan,3,Al-Raḥīm,12
49,6,Medinan,37,Al-'Alī,13
49,7,Medinan,1,Allāh,4
49,7,Medinan,1,Allāh,14
49,8,Medinan,1,Allāh,2
49,8,Medinan,1,Allāh,5
49,8,Medinan,20,Al-'Alīm,6
49,8,Medinan,47,Al-Ḥakīm,7
49,9,Medinan,7,Al-Mu'min,3
49,9,Medinan,68,Al-Aḥad,10
49,9,Medinan,37,Al-'Alī,11
49,9,Medinan,1,Allāh,20
49,9,Medinan,30,Al-'Adl,26
49,9,Medinan,1,Allāh,30
49,9,Medinan,87,Al-Muqsiṭ,32
49,10,Medinan,7,Al-Mu'min,1
49,10,Medinan,1,Allāh,8
49,12,Medinan,68,Al-Aḥad,20
49,12,Medinan,1,Allāh,29
49,12,Medinan,1,Allāh,32
49,12,Medinan,81,Al-Tawwāb,33
49,12,Medinan,3,Al-Raḥīm,34
49,13,Medinan,1,Allāh,15
49,13,Medinan,1,Allāh,19
49,13,Medinan,20,Al-'Alīm,20
49,13,Medinan,32,Al-Khabīr,21
49,14,Medinan,1,Allāh,19
49,14,Medinan,1,Allāh,28
49,14,Medinan,35,Al-Ghafūr,29
49,14,Medinan,3,Al-Raḥīm,30
49,15,Medinan,7,Al-Mu'min,1
49,15,Medinan,1,Allāh,4
49,15,Medinan,1,Allāh,14
49,16,Medinan,1,Allāh,2
49,16,Medinan,1,Allāh,4
49,16,Medinan,1,Allāh,13
49,16,Medinan,20,Al-'Alīm,16
49,17,Medinan,37,Al-'Alī,1
49,17,Medinan,37,Al-'Alī,8
49,17,Medinan,1,Allāh,12
49,17,Medinan,37,Al-'Alī,14
49,18,Medinan,1,Allāh,1
49,18,Medinan,1,Allāh,7
49,18,Medinan,28,Al-Baṣīr,8
50,1,Meccan,49,Al-Majīd,3
50,4,Meccan,39,Al-Ḥafīẓ,9
50,5,Meccan,52,Al-Ḥaqq,2
50,14,Meccan,52,Al-Ḥaqq,8
50,15,Meccan,74,Al-Awwal,2
50,18,Meccan,44,Al-Raqīb,6
50,19,Meccan,52,Al-Ḥaqq,3
50,26,Meccan,1,Allāh,3
50,32,Meccan,39,Al-Ḥafīẓ,5
50,33,Meccan,2,Al-Raḥmān,2
50,37,Meccan,51,Al-Shahīd,12
50,39,Meccan,37,Al-'Alī,1
50,42,Meccan,52,Al-Ḥaqq,3
50,43,Meccan,78,Al-Wālī,4
50,44,Meccan,37,Al-'Alī,8
50,45,Meccan,37,Al-'Alī,7
51,13,Meccan,37,Al-'Alī,2
51,19,Meccan,52,Al-Ḥaqq,2
51,28,Meccan,20,Al-'Alīm,10
51,30,Meccan,47,Al-Ḥakīm,7
51,30,Meccan,20,Al-'Alīm,8
51,33,Meccan,37,Al-'Alī,1
51,35,Meccan,7,Al-Mu'min,5
51,41,Meccan,37,Al-'Alī,4
51,50,Meccan,1,Allāh,2
51,51,Meccan,1,Allāh,3
51,55,Meccan,7,Al-Mu'min,4
51,58,Meccan,1,Allāh,1
51,58,Meccan,18,Al-Razzāq,3
51,58,Meccan,102,Al-Rāziq,3
51,58,Meccan,55,Al-Matīn,6
52,16,Meccan,37,Al-'Alī,6
52,20,Meccan,37,Al-'Alī,1
52,21,Meccan,52,Al-Ḥaqq,5
52,24,Meccan,37,Al-'Alī,2
52,25,Meccan,37,Al-'Alī,2
52,27,Meccan,1,Allāh,1
52,27,Meccan,37,Al-'Alī,2
52,28,Meccan,80,Al-Barr,8
52,28,Meccan,3,Al-Raḥīm,9
52,43,Meccan,1,Allāh,4
52,43,Meccan,1,Allāh,7
52,48,Meccan,29,Al-Ḥakam,1
53,5,Meccan,54,Al-Qawī,2
53,12,Meccan,37,Al-'Alī,1
53,13,Meccan,75,Al-Ākhir,3
53,23,Meccan,1,Allāh,9
53,26,Meccan,4,Al-Malik,3
53,26,Meccan,1,Allāh,15
53,28,Meccan,52,Al-Ḥaqq,16
53,31,Meccan,1,Allāh,0
53,32,Meccan,38,Al-Kabīr,2
53,38,Meccan,75,Al-Ākhir,4
53,44,Meccan,63,Al-Ḥayy,3
53,58,Meccan,1,Allāh,4
53,62,Meccan,1,Allāh,1
54,5,Meccan,89,Al-Ghanī,4
54,12,Meccan,37,Al-'Alī,5
54,13,Meccan,37,Al-'Alī,1
54,19,Meccan,37,Al-'Alī,2
54,31,Meccan,37,Al-'Alī,2
54,34,Meccan,37,Al-'Alī,2
54,42,Meccan,9,Al-'Azīz,5
54,42,Meccan,71,Al-Muqtadir,6
54,45,Meccan,56,Al-Walī,2
54,48,Meccan,37,Al-'Alī,4
54,55,Meccan,71,Al-Muqtadir,5
55,1,Medinan,2,Al-Raḥmān,0
55,26,Medinan,37,Al-'Alī,2
55,35,Medinan,37,Al-'Alī,1
55,54,Medinan,37,Al-'Alī,1
55,76,Medinan,37,Al-'Alī,1
56,3,Meccan,24,Al-Rāfi',1
56,13,Meccan,74,Al-Awwal,2
56,15,Meccan,37,Al-'Alī,0
56,16,Meccan,37,Al-'Alī,1
56,17,Meccan,37,Al-'Alī,1
56,39,Meccan,74,Al-Awwal,2
56,44,Meccan,43,Al-Karīm,3
56,46,Meccan,37,Al-'Alī,2
56,46,Meccan,34,Al-'Aẓīm,4
56,48,Meccan,74,Al-Awwal,1
56,49,Meccan,74,Al-Awwal,2
56,61,Meccan,37,Al-'Alī,0
56,74,Meccan,34,Al-'Aẓīm,3
56,76,Meccan,34,Al-'Aẓīm,4
56,77,Meccan,43,Al-Karīm,2
56,95,Meccan,52,Al-Ḥaqq,3
56,96,Meccan,34,Al-'Aẓīm,3
57,1,Medinan,1,Allāh,1
57,1,Medinan,9,Al-'Azīz,8
57,1,Medinan,47,Al-Ḥakīm,9
57,2,Medinan,37,Al-'Alī,9
57,3,Medinan,74,Al-Awwal,1
57,3,Medinan,77,Al-Bāṭin,4
57,3,Medinan,20,Al-'Alīm,9
57,4,Medinan,37,Al-'Alī,10
57,4,Medinan,1,Allāh,35
57,4,Medinan,28,Al-Baṣīr,38
57,5,Medinan,78,Al-Wālī,5
57,5,Medinan,1,Allāh,6
57,6,Medinan,20,Al-'Alīm,10
57,7,Medinan,1,Allāh,1
57,7,Medinan,38,Al-Kabīr,15
57,8,Medinan,1,Allāh,4
57,8,Medinan,7,Al-Mu'min,15
57,9,Medinan,37,Al-'Alī,3
57,9,Medinan,94,Al-Nūr,11
57,9,Medinan,1,Allāh,14
57,9,Medinan,3,Al-Raḥīm,17
57,10,Medinan,1,Allāh,6
57,10,Medinan,1,Allāh,7
57,10,Medinan,1,Allāh,34
57,10,Medinan,1,Allāh,37
57,10,Medinan,32,Al-Khabīr,40
57,11,Medinan,1,Allāh,4
57,11,Medinan,43,Al-Karīm,11
57,12,Medinan,7,Al-Mu'min,2
57,12,Medinan,94,Al-Nūr,5
57,12,Medinan,34,Al-'Aẓīm,22
57,13,Medinan,94,Al-Nūr,9
57,14,Medinan,1,Allāh,17
57,14,Medinan,1,Allāh,19
57,16,Medinan,1,Allāh,9
57,16,Medinan,52,Al-Ḥaqq,13
57,16,Medinan,37,Al-'Alī,22
57,17,Medinan,1,Allāh,2
57,18,Medinan,1,Allāh,4
57,18,Medinan,43,Al-Karīm,11
57,19,Medinan,1,Allāh,2
57,19,Medinan,94,Al-Nūr,13
57,20,Medinan,1,Allāh,33
57,21,Medinan,1,Allāh,13
57,21,Medinan,1,Allāh,18
57,21,Medinan,1,Allāh,23
57,21,Medinan,34,Al-'Aẓīm,26
57,22,Medinan,37,Al-'Alī,19
57,22,Medinan,1,Allāh,20
57,23,Medinan,37,Al-'Alī,2
57,23,Medinan,1,Allāh,10
57,24,Medinan,1,Allāh,9
57,24,Medinan,89,Al-Ghanī,11
57,24,Medinan,57,Al-Ḥamīd,12
57,25,Medinan,1,Allāh,20
57,25,Medinan,1,Allāh,27
57,25,Medinan,54,Al-Qawī,28
57,25,Medinan,9,Al-'Azīz,29
57,27,Medinan,37,Al-'Alī,2
57,27,Medinan,37,Al-'Alī,22
57,27,Medinan,1,Allāh,26
57,27,Medinan,52,Al-Ḥaqq,29
57,28,Medinan,1,Allāh,4
57,28,Medinan,1,Allāh,19
57,28,Medinan,35,Al-Ghafūr,20
57,28,Medinan,3,Al-Raḥīm,21
57,29,Medinan,37,Al-'Alī,6
57,29,Medinan,1,Allāh,10
57,29,Medinan,1,Allāh,15
57,29,Medinan,1,Allāh,20
57,29,Medinan,34,Al-'Aẓīm,23
58,1,Medinan,1,Allāh,2
58,1,Medinan,1,Allāh,10
58,1,Medinan,1,Allāh,11
58,1,Medinan,1,Allāh,16
58,1,Medinan,27,Al-Samī',17
58,1,Medinan,28,Al-Baṣīr,18
58,2,Medinan,1,Allāh,23
58,2,Medinan,83,Al-'Afūw,24
58,2,Medinan,35,Al-Ghafūr,25
58,3,Medinan,1,Allāh,19
58,3,Medinan,32,Al-Khabīr,22
58,4,Medinan,1,Allāh,20
58,4,Medinan,1,Allāh,25
58,5,Medinan,1,Allāh,3
58,6,Medinan,1,Allāh,2
58,6,Medinan,1,Allāh,9
58,6,Medinan,1,Allāh,12
58,6,Medinan,37,Al-'Alī,13
58,6,Medinan,51,Al-Shahīd,16
58,7,Medinan,1,Allāh,3
58,7,Medinan,1,Allāh,46
58,7,Medinan,20,Al-'Alīm,49
58,8,Medinan,1,Allāh,24
58,8,Medinan,1,Allāh,30
58,9,Medinan,80,Al-Barr,12
58,9,Medinan,1,Allāh,16
58,10,Medinan,1,Allāh,12
58,10,Medinan,1,Allāh,15
58,10,Medinan,7,Al-Mu'min,17
58,11,Medinan,1,Allāh,11
58,11,Medinan,1,Allāh,19
58,11,Medinan,1,Allāh,28
58,11,Medinan,32,Al-Khabīr,31
58,12,Medinan,1,Allāh,21
58,12,Medinan,35,Al-Ghafūr,22
58,12,Medinan,3,Al-Raḥīm,23
58,13,Medinan,1,Allāh,12
58,13,Medinan,37,Al-'Alī,13
58,13,Medinan,1,Allāh,19
58,13,Medinan,1,Allāh,22
58,13,Medinan,32,Al-Khabīr,23
58,14,Medinan,1,Allāh,8
58,14,Medinan,37,Al-'Alī,9
58,14,Medinan,37,Al-'Alī,16
58,15,Medinan,1,Allāh,1
58,16,Medinan,1,Allāh,6
58,17,Medinan,1,Allāh,7
58,18,Medinan,1,Allāh,2
58,18,Medinan,37,Al-'Alī,12
58,19,Medinan,37,Al-'Alī,1
58,19,Medinan,1,Allāh,5
58,20,Medinan,1,Allāh,3
58,21,Medinan,1,Allāh,1
58,21,Medinan,1,Allāh,7
58,21,Medinan,54,Al-Qawī,8
58,21,Medinan,9,Al-'Azīz,9
58,22,Medinan,1,Allāh,4
58,22,Medinan,1,Allāh,10
58,22,Medinan,1,Allāh,41
58,22,Medinan,1,Allāh,48
58,22,Medinan,1,Allāh,53
59,1,Medinan,1,Allāh,1
59,1,Medinan,9,Al-'Azīz,10
59,1,Medinan,47,Al-Ḥakīm,11
59,2,Medinan,74,Al-Awwal,10
59,2,Medinan,91,Al-Māni',20
59,2,Medinan,1,Allāh,23
59,2,Medinan,1,Allāh,25
59,2,Medinan,7,Al-Mu'min,40
59,3,Medinan,1,Allāh,3
59,3,Medinan,37,Al-'Alī,4
59,4,Medinan,1,Allāh,3
59,4,Medinan,1,Allāh,8
59,4,Medinan,1,Allāh,10
59,5,Medinan,37,Al-'Alī,7
59,5,Medinan,1,Allāh,10
59,6,Medinan,1,Allāh,2
59,6,Medinan,37,Al-'Alī,3
59,6,Medinan,1,Allāh,14
59,6,Medinan,37,Al-'Alī,17
59,6,Medinan,1,Allāh,21
59,6,Medinan,37,Al-'Alī,22
59,7,Medinan,1,Allāh,2
59,7,Medinan,37,Al-'Alī,3
59,7,Medinan,1,Allāh,34
59,7,Medinan,1,Allāh,37
59,8,Medinan,1,Allāh,10
59,8,Medinan,1,Allāh,13
59,9,Medinan,37,Al-'Alī,18
59,10,Medinan,84,Al-Ra'ūf,21
59,10,Medinan,3,Al-Raḥīm,22
59,11,Medinan,68,Al-Aḥad,20
59,11,Medinan,1,Allāh,25
59,13,Medinan,1,Allāh,6
59,16,Medinan,1,Allāh,14
59,18,Medinan,1,Allāh,4
59,18,Medinan,1,Allāh,12
59,18,Medinan,1,Allāh,15
59,18,Medinan,32,Al-Khabīr,16
59,19,Medinan,1,Allāh,4
59,21,Medinan,37,Al-'Alī,4
59,21,Medinan,1,Allāh,11
59,22,Medinan,1,Allāh,1
59,22,Medinan,2,Al-Raḥmān,13
59,22,Medinan,3,Al-Raḥīm,14
59,23,Medinan,1,Allāh,1
59,23,Medinan,4,Al-Malik,7
59,23,Medinan,5,Al-Quddūs,8
59,23,Medinan,7,Al-Mu'min,10
59,23,Medinan,8,Al-Muhaymin,11
59,23,Medinan,9,Al-'Azīz,12
59,23,Medinan,10,Al-Jabbār,13
59,23,Medinan,11,Al-Mutakabbir,14
59,23,Medinan,1,Allāh,17
59,24,Medinan,1,Allāh,1
59,24,Medinan,13,Al-Bāri',3
59,24,Medinan,14,Al-Muṣawwir,4
59,24,Medinan,9,Al-'Azīz,18
59,24,Medinan,47,Al-Ḥakīm,19
60,1,Medinan,52,Al-Ḥaqq,16
60,1,Medinan,1,Allāh,23
60,3,Medinan,1,Allāh,11
60,3,Medinan,28,Al-Baṣīr,14
60,4,Medinan,1,Allāh,19
60,4,Medinan,1,Allāh,30
60,4,Medinan,1,Allāh,42
60,4,Medinan,37,Al-'Alī,47
60,4,Medinan,78,Al-Wālī,49
60,4,Medinan,78,Al-Wālī,51
60,5,Medinan,9,Al-'Azīz,12
60,5,Medinan,47,Al-Ḥakīm,13
60,6,Medinan,1,Allāh,9
60,6,Medinan,1,Allāh,16
60,6,Medinan,89,Al-Ghanī,18
60,6,Medinan,57,Al-Ḥamīd,19
60,7,Medinan,1,Allāh,2
60,7,Medinan,1,Allāh,12
60,7,Medinan,1,Allāh,15
60,7,Medinan,35,Al-Ghafūr,16
60,7,Medinan,3,Al-Raḥīm,17
60,8,Medinan,1,Allāh,2
60,8,Medinan,1,Allāh,19
60,8,Medinan,87,Al-Muqsiṭ,21
60,9,Medinan,1,Allāh,2
60,9,Medinan,37,Al-'Alī,12
60,10,Medinan,1,Allāh,9
60,10,Medinan,37,Al-'Alī,36
60,10,Medinan,29,Al-Ḥakam,55
60,10,Medinan,1,Allāh,56
60,10,Medinan,1,Allāh,61
60,10,Medinan,20,Al-'Alīm,62
60,10,Medinan,47,Al-Ḥakīm,63
60,11,Medinan,1,Allāh,17
60,11,Medinan,7,Al-Mu'min,21
60,12,Medinan,37,Al-'Alī,6
60,12,Medinan,1,Allāh,10
60,12,Medinan,1,Allāh,34
60,12,Medinan,1,Allāh,37
60,12,Medinan,35,Al-Ghafūr,38
60,12,Medinan,3,Al-Raḥīm,39
60,13,Medinan,1,Allāh,7
60,13,Medinan,37,Al-'Alī,8
61,1,Medinan,1,Allāh,1
61,1,Medinan,9,Al-'Azīz,10
61,1,Medinan,47,Al-Ḥakīm,11
61,3,Medinan,1,Allāh,3
61,4,Medinan,1,Allāh,1
61,5,Medinan,1,Allāh,11
61,5,Medinan,1,Allāh,17
61,5,Medinan,1,Allāh,20
61,6,Medinan,1,Allāh,9
61,7,Medinan,37,Al-'Alī,4
61,7,Medinan,1,Allāh,5
61,7,Medinan,1,Allāh,12
61,8,Medinan,94,Al-Nūr,2
61,8,Medinan,1,Allāh,3
61,8,Medinan,1,Allāh,5
61,9,Medinan,52,Al-Ḥaqq,6
61,9,Medinan,37,Al-'Alī,8
61,10,Medinan,37,Al-'Alī,5
61,11,Medinan,1,Allāh,1
61,11,Medinan,1,Allāh,6
61,12,Medinan,34,Al-'Aẓīm,17
61,13,Medinan,75,Al-Ākhir,0
61,13,Medinan,1,Allāh,5
61,13,Medinan,7,Al-Mu'min,10
61,14,Medinan,1,Allāh,5
61,14,Medinan,1,Allāh,15
61,14,Medinan,1,Allāh,21
61,14,Medinan,37,Al-'Alī,34
62,1,Medinan,1,Allāh,1
62,1,Medinan,4,Al-Malik,8
62,1,Medinan,5,Al-Quddūs,9
62,1,Medinan,9,Al-'Azīz,10
62,1,Medinan,47,Al-Ḥakīm,11
62,2,Medinan,37,Al-'Alī,8
62,3,Medinan,9,Al-'Azīz,7
62,3,Medinan,47,Al-Ḥakīm,8
62,4,Medinan,1,Allāh,2
62,4,Medinan,1,Allāh,7
62,4,Medinan,34,Al-'Aẓīm,10
62,5,Medinan,1,Allāh,18
62,5,Medinan,1,Allāh,20
62,6,Medinan,1,Allāh,8
62,7,Medinan,1,Allāh,7
62,7,Medinan,20,Al-'Alīm,8
62,9,Medinan,1,Allāh,12
62,10,Medinan,1,Allāh,9
62,10,Medinan,1,Allāh,11
62,11,Medinan,1,Allāh,13
62,11,Medinan,1,Allāh,20
63,1,Medinan,1,Allāh,7
63,1,Medinan,1,Allāh,9
63,1,Medinan,1,Allāh,13
63,2,Medinan,1,Allāh,6
63,3,Medinan,37,Al-'Alī,6
63,4,Medinan,37,Al-'Alī,18
63,4,Medinan,1,Allāh,25
63,5,Medinan,1,Allāh,7
63,6,Medinan,37,Al-'Alī,1
63,6,Medinan,1,Allāh,10
63,6,Medinan,1,Allāh,14
63,7,Medinan,37,Al-'Alī,5
63,7,Medinan,1,Allāh,9
63,7,Medinan,1,Allāh,13
63,8,Medinan,1,Allāh,10
63,8,Medinan,7,Al-Mu'min,13
63,9,Medinan,1,Allāh,10
63,10,Medinan,68,Al-Aḥad,8
63,11,Medinan,1,Allāh,2
63,11,Medinan,1,Allāh,8
63,11,Medinan,32,Al-Khabīr,9
64,1,Medinan,1,Allāh,1
64,1,Medinan,4,Al-Malik,10
64,1,Medinan,37,Al-'Alī,15
64,2,Medinan,7,Al-Mu'min,6
64,2,Medinan,1,Allāh,8
64,2,Medinan,28,Al-Baṣīr,11
64,3,Medinan,52,Al-Ḥaqq,3
64,3,Medinan,78,Al-Wālī,8
64,4,Medinan,1,Allāh,11
64,4,Medinan,20,Al-'Alīm,12
64,6,Medinan,1,Allāh,13
64,6,Medinan,1,Allāh,15
64,6,Medinan,57,Al-Ḥamīd,17
64,7,Medinan,37,Al-'Alī,17
64,7,Medinan,1,Allāh,18
64,8,Medinan,1,Allāh,1
64,8,Medinan,94,Al-Nūr,3
64,8,Medinan,1,Allāh,7
64,8,Medinan,32,Al-Khabīr,10
64,9,Medinan,1,Allāh,11
64,9,Medinan,34,Al-'Aẓīm,29
64,11,Medinan,1,Allāh,6
64,11,Medinan,1,Allāh,10
64,11,Medinan,1,Allāh,14
64,11,Medinan,20,Al-'Alīm,17
64,12,Medinan,1,Allāh,1
64,12,Medinan,37,Al-'Alī,8
64,13,Medinan,1,Allāh,0
64,13,Medinan,1,Allāh,7
64,13,Medinan,7,Al-Mu'min,9
64,14,Medinan,1,Allāh,16
64,14,Medinan,35,Al-Ghafūr,17
64,14,Medinan,3,Al-Raḥīm,18
64,15,Medinan,1,Allāh,5
64,15,Medinan,34,Al-'Aẓīm,8
64,16,Medinan,1,Allāh,1
64,17,Medinan,1,Allāh,2
64,17,Medinan,1,Allāh,10
64,17,Medinan,36,Al-Shakūr,11
64,17,Medinan,33,Al-Ḥalīm,12
64,18,Medinan,9,Al-'Azīz,3
64,18,Medinan,47,Al-Ḥakīm,4
65,1,Medinan,1,Allāh,11
65,1,Medinan,1,Allāh,28
65,1,Medinan,1,Allāh,33
65,1,Medinan,1,Allāh,41
65,2,Medinan,30,Al-'Adl,10
65,2,Medinan,1,Allāh,14
65,2,Medinan,1,Allāh,22
65,2,Medinan,1,Allāh,28
65,3,Medinan,37,Al-'Alī,8
65,3,Medinan,1,Allāh,9
65,3,Medinan,1,Allāh,14
65,3,Medinan,1,Allāh,20
65,4,Medinan,1,Allāh,24
65,5,Medinan,1,Allāh,2
65,5,Medinan,1,Allāh,8
65,6,Medinan,37,Al-'Alī,9
65,6,Medinan,37,Al-'Alī,16
65,6,Medinan,75,Al-Ākhir,35
65,7,Medinan,1,Allāh,13
65,7,Medinan,1,Allāh,17
65,7,Medinan,1,Allāh,24
65,10,Medinan,1,Allāh,1
65,10,Medinan,1,Allāh,7
65,10,Medinan,1,Allāh,15
65,11,Medinan,37,Al-'Alī,2
65,11,Medinan,1,Allāh,4
65,11,Medinan,94,Al-Nūr,14
65,11,Medinan,1,Allāh,18
65,11,Medinan,1,Allāh,33
65,12,Medinan,1,Allāh,0
65,12,Medinan,1,Allāh,13
65,12,Medinan,37,Al-'Alī,14
65,12,Medinan,1,Allāh,19
66,1,Medinan,1,Allāh,6
66,1,Medinan,1,Allāh,13
66,1,Medinan,35,Al-Ghafūr,14
66,1,Medinan,3,Al-Raḥīm,15
66,2,Medinan,1,Allāh,2
66,2,Medinan,1,Allāh,7
66,2,Medinan,20,Al-'Alīm,11
66,2,Medinan,47,Al-Ḥakīm,12
66,3,Medinan,1,Allāh,11
66,3,Medinan,20,Al-'Alīm,29
66,3,Medinan,32,Al-Khabīr,30
66,4,Medinan,1,Allāh,3
66,4,Medinan,1,Allāh,12
66,4,Medinan,7,Al-Mu'min,17
66,6,Medinan,37,Al-'Alī,10
66,6,Medinan,1,Allāh,16
66,8,Medinan,1,Allāh,5
66,8,Medinan,1,Allāh,23
66,8,Medinan,94,Al-Nūr,29
66,8,Medinan,94,Al-Nūr,38
66,8,Medinan,37,Al-'Alī,43
66,9,Medinan,37,Al-'Alī,6
66,10,Medinan,1,Allāh,1
66,10,Medinan,89,Al-Ghanī,18
66,10,Medinan,1,Allāh,21
66,11,Medinan,1,Allāh,1
67,1,Meccan,4,Al-Malik,3
67,1,Meccan,37,Al-'Alī,5
67,2,Meccan,9,Al-'Azīz,10
67,2,Meccan,35,Al-Ghafūr,11
67,3,Meccan,2,Al-Raḥmān,10
67,9,Meccan,1,Allāh,9
67,9,Meccan,38,Al-Kabīr,17
67,12,Meccan,38,Al-Kabīr,8
67,13,Meccan,20,Al-'Alīm,7
67,14,Meccan,31,Al-Laṭīf,5
67,14,Meccan,32,Al-Khabīr,6
67,15,Meccan,78,Al-Wālī,13
67,17,Meccan,37,Al-'Alī,7
67,19,Meccan,2,Al-Raḥmān,11
67,19,Meccan,28,Al-Baṣīr,16
67,20,Meccan,2,Al-Raḥmān,9
67,22,Meccan,37,Al-'Alī,3
67,22,Meccan,37,Al-'Alī,9
67,24,Meccan,78,Al-Wālī,6
67,26,Meccan,1,Allāh,4
67,28,Meccan,1,Allāh,4
67,29,Meccan,2,Al-Raḥmān,2
68,4,Meccan,34,Al-'Aẓīm,3
68,15,Meccan,74,Al-Awwal,6
68,16,Meccan,37,Al-'Alī,1
68,19,Meccan,37,Al-'Alī,1
68,22,Meccan,37,Al-'Alī,2
68,24,Meccan,37,Al-'Alī,4
68,25,Meccan,37,Al-'Alī,1
68,30,Meccan,37,Al-'Alī,2
68,36,Meccan,29,Al-Ḥakam,3
68,39,Meccan,37,Al-'Alī,3
68,39,Meccan,29,Al-Ḥakam,12
68,45,Meccan,55,Al-Matīn,5
68,48,Meccan,29,Al-Ḥakam,1
69,7,Meccan,37,Al-'Alī,1
69,17,Meccan,4,Al-Malik,0
69,17,Meccan,37,Al-'Alī,1
69,33,Meccan,1,Allāh,4
69,33,Meccan,34,Al-'Aẓīm,5
69,34,Meccan,37,Al-'Alī,2
69,40,Meccan,43,Al-Karīm,3
69,44,Meccan,37,Al-'Alī,2
69,47,Meccan,68,Al-Aḥad,3
69,50,Meccan,37,Al-'Alī,2
69,52,Meccan,34,Al-'Aẓīm,3
70,3,Meccan,1,Allāh,1
70,5,Meccan,108,Al-Jamīl,2
70,23,Meccan,37,Al-'Alī,2
70,24,Meccan,52,Al-Ḥaqq,3
70,30,Meccan,37,Al-'Alī,1
70,30,Meccan,4,Al-Malik,5
70,34,Meccan,37,Al-'Alī,2
70,41,Meccan,37,Al-'Alī,0
71,3,Meccan,1,Allāh,2
71,4,Meccan,1,Allāh,11
71,11,Meccan,37,Al-'Alī,2
71,13,Meccan,1,Allāh,4
71,15,Meccan,1,Allāh,4
71,17,Meccan,1,Allāh,0
71,19,Meccan,1,Allāh,0
71,25,Meccan,1,Allāh,10
71,26,Meccan,37,Al-'Alī,5
71,28,Meccan,7,Al-Mu'min,8
72,4,Meccan,37,Al-'Alī,4
72,4,Meccan,1,Allāh,5
72,5,Meccan,37,Al-'Alī,7
72,5,Meccan,1,Allāh,8
72,7,Meccan,1,Allāh,7
72,12,Meccan,1,Allāh,5
72,16,Meccan,37,Al-'Alī,2
72,18,Meccan,1,Allāh,2
72,18,Meccan,1,Allāh,6
72,19,Meccan,1,Allāh,4
72,22,Meccan,1,Allāh,5
72,22,Meccan,68,Al-Aḥad,6
72,23,Meccan,1,Allāh,3
72,23,Meccan,1,Allāh,8
72,26,Meccan,37,Al-'Alī,4
72,26,Meccan,68,Al-Aḥad,6
73,5,Meccan,37,Al-'Alī,2
73,10,Meccan,37,Al-'Alī,1
73,15,Meccan,37,Al-'Alī,5
73,20,Meccan,1,Allāh,17
73,20,Meccan,37,Al-'Alī,27
73,20,Meccan,1,Allāh,48
73,20,Meccan,1,Allāh,54
73,20,Meccan,1,Allāh,66
73,20,Meccan,1,Allāh,77
73,20,Meccan,1,Allāh,84
73,20,Meccan,1,Allāh,87
73,20,Meccan,35,Al-Ghafūr,88
73,20,Meccan,3,Al-Raḥīm,89
74,10,Meccan,37,Al-'Alī,0
74,30,Meccan,37,Al-'Alī,0
74,31,Meccan,7,Al-Mu'min,28
74,31,Meccan,1,Allāh,38
74,31,Meccan,1,Allāh,44
74,35,Meccan,68,Al-Aḥad,1
74,56,Meccan,1,Allāh,5
75,4,Meccan,37,Al-'Alī,2
75,13,Meccan,75,Al-Ākhir,5
75,14,Meccan,37,Al-'Alī,2
75,17,Meccan,37,Al-'Alī,1
75,19,Meccan,37,Al-'Alī,2
75,34,Meccan,74,Al-Awwal,0
75,34,Meccan,74,Al-Awwal,2
75,35,Meccan,74,Al-Awwal,1
75,40,Meccan,37,Al-'Alī,3
76,1,Medinan,37,Al-'Alī,2
76,2,Medinan,28,Al-Baṣīr,9
76,6,Medinan,1,Allāh,4
76,8,Medinan,37,Al-'Alī,2
76,9,Medinan,1,Allāh,3
76,9,Medinan,36,Al-Shakūr,9
76,11,Medinan,1,Allāh,1
76,13,Medinan,37,Al-'Alī,2
76,14,Medinan,37,Al-'Alī,1
76,15,Medinan,37,Al-'Alī,1
76,19,Medinan,37,Al-'Alī,2
76,20,Medinan,38,Al-Kabīr,6
76,21,Medinan,37,Al-'Alī,0
76,23,Medinan,37,Al-'Alī,3
76,24,Medinan,29,Al-Ḥakam,1
76,30,Medinan,1,Allāh,5
76,30,Medinan,1,Allāh,8
76,30,Medinan,20,Al-'Alīm,10
77,16,Meccan,74,Al-Awwal,2
77,38,Meccan,74,Al-Awwal,5
78,2,Meccan,34,Al-'Aẓīm,2
78,37,Meccan,2,Al-Raḥmān,5
78,37,Meccan,4,Al-Malik,8
78,38,Meccan,2,Al-Raḥmān,12
78,39,Meccan,52,Al-Ḥaqq,2
79,25,Meccan,1,Allāh,1
80,7,Meccan,37,Al-'Alī,1
80,40,Meccan,37,Al-'Alī,2
81,19,Meccan,43,Al-Karīm,3
81,24,Meccan,37,Al-'Alī,2
81,29,Meccan,1,Allāh,5
82,6,Meccan,43,Al-Karīm,5
82,7,Meccan,30,Al-'Adl,3
82,10,Meccan,37,Al-'Alī,1
82,19,Meccan,1,Allāh,9
83,2,Meccan,37,Al-'Alī,3
83,5,Meccan,34,Al-'Aẓīm,1
83,13,Meccan,74,Al-Awwal,6
83,14,Meccan,37,Al-'Alī,5
83,18,Meccan,37,Al-'Alī,5
83,23,Meccan,37,Al-'Alī,0
83,33,Meccan,37,Al-'Alī,2
83,35,Meccan,37,Al-'Alī,0
84,21,Meccan,37,Al-'Alī,2
84,23,Meccan,1,Allāh,0
85,6,Meccan,37,Al-'Alī,2
85,7,Meccan,37,Al-'Alī,1
85,7,Meccan,7,Al-Mu'min,4
85,8,Meccan,1,Allāh,6
85,8,Meccan,9,Al-'Azīz,7
85,8,Meccan,57,Al-Ḥamīd,8
85,9,Meccan,1,Allāh,6
85,9,Meccan,37,Al-'Alī,7
85,9,Meccan,51,Al-Shahīd,10
85,10,Meccan,7,Al-Mu'min,3
85,11,Meccan,38,Al-Kabīr,14
85,14,Meccan,35,Al-Ghafūr,1
85,14,Meccan,48,Al-Wadūd,2
85,15,Meccan,49,Al-Majīd,2
85,20,Meccan,1,Allāh,0
85,21,Meccan,49,Al-Majīd,3
86,4,Meccan,37,Al-'Alī,4
86,8,Meccan,37,Al-'Alī,1
87,7,Meccan,1,Allāh,3
88,18,Meccan,78,Al-Wālī,0
88,19,Meccan,78,Al-Wālī,0
88,20,Meccan,78,Al-Wālī,0
88,22,Meccan,37,Al-'Alī,1
88,24,Meccan,1,Allāh,1
88,26,Meccan,37,Al-'Alī,2
89,13,Meccan,37,Al-'Alī,1
89,18,Meccan,37,Al-'Alī,2
89,22,Meccan,4,Al-Malik,2
89,25,Meccan,68,Al-Aḥad,4
89,26,Meccan,68,Al-Aḥad,3
90,5,Meccan,68,Al-Aḥad,5
90,7,Meccan,68,Al-Aḥad,4
90,20,Meccan,37,Al-'Alī,0
91,8,Meccan,54,Al-Qawī,2
91,13,Meccan,1,Allāh,3
91,13,Meccan,1,Allāh,5
91,14,Meccan,37,Al-'Alī,3
92,12,Meccan,37,Al-'Alī,1
92,19,Meccan,68,Al-Aḥad,1
94,8,Meccan,78,Al-Wālī,0
95,8,Meccan,1,Allāh,1
95,8,Meccan,29,Al-Ḥakam,3
96,11,Meccan,37,Al-'Alī,3
96,14,Meccan,1,Allāh,3
98,2,Medinan,1,Allāh,2
98,5,Medinan,1,Allāh,4
98,8,Medinan,1,Allāh,14
100,7,Meccan,37,Al-'Alī,1
103,3,Meccan,52,Al-Ḥaqq,6
104,6,Meccan,1,Allāh,1
104,7,Meccan,37,Al-'Alī,2
104,8,Meccan,37,Al-'Alī,1
105,3,Meccan,37,Al-'Alī,1
107,3,Meccan,37,Al-'Alī,2
109,6,Meccan,56,Al-Walī,2
110,1,Medinan,1,Allāh,3
110,2,Medinan,1,Allāh,5
112,1,Meccan,1,Allāh,2
112,1,Meccan,68,Al-Aḥad,3
112,2,Meccan,1,Allāh,0
112,2,Meccan,69,Al-Ṣamad,1
112,4,Meccan,68,Al-Aḥad,4
